Day,Weather,Customers_Forecast,Meals_Prepared,Festival,Event_Type,Staff_Count,Avg_Rating,Special_Event,Surplus_Meals
Saturday,Cloudy,301,412,No,Buffet,18,4.17,0,76.9
Thursday,Rainy,99,44,No,Regular,5,4.34,0,0.0
Saturday,Sunny,123,166,No,Regular,9,3.86,0,28.8
Friday,Sunny,50,55,No,Regular,6,4.2,1,1.7
Monday,Rainy,880,1297,No,Regular,51,4.04,0,578.6
Sunday,Cloudy,251,82,No,Banquet,5,4.01,0,0.0
Saturday,Cloudy,302,325,No,Corporate,13,4.12,1,24.0
Saturday,Rainy,167,129,Diwali,Regular,5,4.75,0,0.0
Monday,Rainy,340,958,No,Buffet,37,4.45,0,640.4
Thursday,Cloudy,95,139,Diwali,Buffet,6,4.56,0,23.2
Wednesday,Stormy,341,941,New Year,Regular,34,4.27,0,676.2
Sunday,Cloudy,237,385,No,Regular,17,4.86,0,113.0
Friday,Cloudy,639,626,New Year,Buffet,26,4.49,0,0.0
Saturday,Sunny,66,36,No,Regular,5,3.52,0,0.0
Thursday,Sunny,631,545,No,Buffet,21,4.43,0,0.0
Tuesday,Sunny,349,111,New Year,Regular,6,4.26,0,0.0
Thursday,Rainy,341,333,Diwali,Regular,14,4.38,0,15.6
Monday,Cloudy,67,106,No,Buffet,7,3.49,0,42.0
Saturday,Sunny,374,375,No,Buffet,15,3.51,1,0.0
Friday,Cloudy,233,345,No,Banquet,16,4.08,1,78.4
Saturday,Sunny,33,66,Christmas,Regular,4,3.38,0,23.1
Wednesday,Sunny,742,42,No,Corporate,4,4.42,0,0.0
Sunday,Stormy,200,216,No,Banquet,10,4.18,1,35.8
Sunday,Sunny,116,104,No,Buffet,6,4.94,0,0.0
Saturday,Sunny,264,195,No,Banquet,9,4.28,0,0.0
Tuesday,Cloudy,80,61,No,Banquet,7,4.41,0,0.0
Thursday,Sunny,723,80,No,Corporate,4,4.36,0,0.0
Monday,Cloudy,147,405,No,Banquet,15,4.15,0,262.5
Tuesday,Stormy,157,205,No,Buffet,9,4.17,0,76.3
Friday,Cloudy,668,1324,No,Buffet,51,4.1,0,599.7
Saturday,Cloudy,96,58,No,Banquet,7,3.12,0,0.0
Sunday,Sunny,394,515,No,Corporate,21,4.59,0,122.1
Wednesday,Cloudy,243,383,No,Regular,15,4.6,0,148.9
Wednesday,Sunny,541,878,No,Regular,35,4.48,0,310.8
Thursday,Sunny,262,464,No,Regular,18,4.16,0,202.5
Tuesday,Rainy,45,152,No,Corporate,10,4.06,0,109.7
Monday,Sunny,169,608,No,Regular,22,3.64,0,449.5
Thursday,Cloudy,334,418,Diwali,Regular,19,3.59,0,65.1
Tuesday,Sunny,163,216,Eid,Buffet,10,3.87,0,12.9
Friday,Rainy,858,1071,No,Regular,43,4.21,1,256.8
Thursday,Sunny,114,326,No,Banquet,15,4.28,0,214.9
Saturday,Sunny,317,414,No,Buffet,17,3.9,0,40.7
Friday,Rainy,243,439,No,Regular,19,3.57,1,196.0
Wednesday,Sunny,26,20,No,Regular,4,3.84,1,0.0
Saturday,Stormy,371,443,New Year,Corporate,17,4.07,1,125.6
Saturday,Sunny,117,168,No,Buffet,10,3.46,0,27.8
Wednesday,Cloudy,737,1400,New Year,Buffet,51,4.2,0,475.8
Wednesday,Stormy,500,540,No,Regular,23,4.8,0,160.6
Friday,Cloudy,348,553,No,Banquet,20,3.78,0,181.6
Monday,Cloudy,432,430,No,Corporate,16,5.0,0,55.8
Tuesday,Sunny,220,280,No,Buffet,11,3.82,1,0.0
Monday,Rainy,277,269,New Year,Regular,13,4.03,0,17.4
Saturday,Rainy,436,522,No,Banquet,19,4.32,0,123.5
Friday,Cloudy,580,608,No,Buffet,25,4.1,1,0.0
Friday,Stormy,282,367,New Year,Regular,18,3.41,0,119.3
Saturday,Cloudy,474,664,No,Banquet,26,4.23,0,136.5
Thursday,Cloudy,476,575,No,Banquet,21,4.15,0,80.0
Thursday,Sunny,412,531,No,Corporate,23,4.01,0,141.0
Monday,Cloudy,888,1400,No,Corporate,52,4.15,0,674.7
Monday,Rainy,69,129,Christmas,Regular,9,4.31,0,64.6
Friday,Cloudy,382,994,No,Buffet,39,3.75,0,548.5
Thursday,Sunny,917,442,No,Regular,16,4.35,0,0.0
Thursday,Cloudy,271,271,No,Buffet,10,3.86,0,0.0
Saturday,Rainy,443,668,No,Regular,24,4.76,0,255.1
Friday,Stormy,569,74,No,Regular,5,4.56,0,0.0
Thursday,Sunny,496,484,No,Banquet,18,3.7,0,0.0
Thursday,Sunny,453,582,No,Regular,23,4.64,0,88.8
Wednesday,Sunny,25,47,No,Corporate,6,4.29,0,24.4
Monday,Sunny,87,36,No,Regular,6,4.34,0,0.0
Thursday,Stormy,83,123,No,Regular,5,4.04,0,57.3
Tuesday,Sunny,737,77,No,Regular,6,3.98,0,0.0
Wednesday,Cloudy,272,450,No,Regular,19,4.01,1,168.4
Saturday,Sunny,775,1210,No,Buffet,46,3.72,1,276.5
Tuesday,Sunny,52,58,No,Regular,4,3.33,0,5.1
Monday,Stormy,33,32,No,Buffet,4,3.85,0,5.8
Wednesday,Cloudy,210,217,No,Buffet,10,3.85,0,0.0
Wednesday,Sunny,100,70,No,Regular,6,3.66,0,0.0
Friday,Sunny,471,420,No,Regular,18,4.36,0,0.0
Thursday,Stormy,79,142,No,Regular,10,4.22,0,80.7
Saturday,Stormy,60,69,No,Regular,4,3.87,1,27.9
Friday,Sunny,156,261,No,Regular,12,3.99,0,91.8
Wednesday,Cloudy,429,656,Christmas,Buffet,27,4.21,1,77.4
Saturday,Sunny,93,347,No,Buffet,14,3.81,0,255.1
Tuesday,Cloudy,244,309,No,Corporate,14,3.05,1,81.7
Monday,Sunny,420,788,No,Corporate,29,4.62,0,382.5
Monday,Rainy,148,235,No,Buffet,11,4.07,0,91.5
Saturday,Stormy,607,1007,No,Regular,39,4.23,0,555.5
Thursday,Sunny,359,345,No,Regular,17,4.19,0,0.0
Tuesday,Cloudy,133,224,No,Buffet,9,3.51,0,91.7
Thursday,Sunny,191,255,No,Regular,11,3.83,0,67.2
Tuesday,Sunny,54,122,No,Regular,6,4.11,1,61.3
Friday,Sunny,68,66,Eid,Banquet,7,4.04,0,0.0
Thursday,Sunny,642,866,No,Regular,35,3.64,1,193.0
Wednesday,Stormy,125,148,No,Regular,10,4.26,0,52.9
Wednesday,Sunny,674,1373,No,Banquet,52,4.36,0,659.1
Friday,Rainy,660,1231,Christmas,Regular,44,3.96,0,530.8
Wednesday,Sunny,805,1299,Eid,Regular,47,4.54,0,358.9
Monday,Cloudy,468,617,No,Regular,24,4.34,0,206.7
Monday,Sunny,478,499,No,Regular,21,4.28,0,12.2
Sunday,Stormy,504,37,Christmas,Banquet,4,3.91,0,0.0
Sunday,Sunny,793,212,No,Buffet,12,4.05,0,0.0
Friday,Sunny,259,937,No,Buffet,37,4.47,0,613.1
Tuesday,Rainy,37,20,No,Regular,4,3.51,0,0.0
Sunday,Cloudy,146,58,No,Regular,4,3.54,0,0.0
Saturday,Cloudy,73,102,No,Buffet,6,3.95,0,11.4
Friday,Sunny,85,89,No,Regular,5,4.11,0,0.0
Thursday,Sunny,206,426,No,Regular,19,4.08,0,219.4
Tuesday,Rainy,740,912,No,Buffet,36,4.34,0,196.3
Monday,Cloudy,448,524,No,Corporate,21,4.22,0,141.5
Sunday,Cloudy,304,992,No,Banquet,39,4.13,0,686.9
Thursday,Sunny,842,429,No,Corporate,17,3.99,0,0.0
Tuesday,Sunny,382,509,No,Buffet,22,4.46,1,32.8
Wednesday,Stormy,439,667,Diwali,Corporate,25,4.62,0,315.2
Friday,Cloudy,944,1060,No,Banquet,40,4.0,0,27.9
Tuesday,Sunny,380,491,No,Regular,22,4.28,0,108.5
Saturday,Stormy,695,847,Diwali,Regular,34,4.01,1,230.0
Saturday,Cloudy,147,89,No,Regular,6,3.61,0,0.0
Friday,Sunny,317,339,No,Banquet,15,3.42,1,0.0
Thursday,Sunny,401,803,No,Banquet,32,4.61,1,357.0
Friday,Cloudy,179,216,Diwali,Corporate,12,4.46,0,15.0
Friday,Sunny,330,457,No,Regular,18,4.29,0,87.7
Friday,Cloudy,46,72,No,Banquet,6,4.54,0,19.2
Monday,Cloudy,567,226,No,Regular,13,3.78,1,0.0
Wednesday,Sunny,362,64,Christmas,Regular,6,4.49,1,0.0
Monday,Stormy,386,372,Diwali,Buffet,17,4.27,1,15.9
Thursday,Sunny,697,1060,No,Corporate,41,3.94,1,365.7
Wednesday,Sunny,228,271,No,Banquet,14,3.15,0,48.4
Tuesday,Cloudy,606,741,No,Regular,28,3.52,0,168.8
Monday,Cloudy,41,53,No,Regular,6,4.84,0,11.3
Friday,Sunny,428,558,No,Buffet,22,4.83,0,10.6
Tuesday,Cloudy,136,387,Eid,Regular,17,3.52,0,237.2
Sunday,Rainy,730,1275,No,Corporate,50,3.28,0,700.4
Friday,Rainy,602,1400,Eid,Regular,51,4.67,0,752.3
Wednesday,Rainy,505,1400,No,Regular,52,4.09,0,958.5
Friday,Sunny,266,71,Diwali,Regular,7,3.82,0,0.0
Monday,Sunny,114,127,No,Buffet,5,3.6,0,4.4
Sunday,Cloudy,357,409,No,Corporate,18,3.6,0,86.3
Thursday,Sunny,397,512,Diwali,Regular,20,4.67,0,43.2
Saturday,Rainy,72,99,No,Regular,5,4.22,0,31.5
Monday,Sunny,164,230,Eid,Banquet,10,3.37,0,49.9
Thursday,Sunny,753,908,No,Buffet,33,3.83,0,73.6
Thursday,Sunny,485,145,New Year,Regular,9,4.78,0,0.0
Sunday,Sunny,329,338,Diwali,Regular,14,4.25,0,0.0
Friday,Sunny,153,266,No,Banquet,12,3.53,0,101.3
Thursday,Cloudy,33,36,No,Buffet,4,3.85,0,1.6
Tuesday,Cloudy,359,402,No,Regular,19,4.07,0,54.8
Wednesday,Sunny,241,329,No,Regular,12,4.52,1,60.1
Thursday,Sunny,645,929,No,Regular,34,4.08,0,260.8
Thursday,Rainy,457,952,No,Regular,38,4.7,0,531.7
Monday,Sunny,91,27,No,Regular,4,4.23,1,0.0
Saturday,Cloudy,120,80,No,Regular,5,3.16,0,0.0
Sunday,Cloudy,586,607,No,Regular,24,4.34,0,0.0
Tuesday,Cloudy,208,641,New Year,Regular,25,4.04,0,416.0
Thursday,Rainy,152,40,Diwali,Buffet,4,3.91,0,0.0
Monday,Cloudy,26,78,No,Buffet,7,4.29,0,50.5
Friday,Stormy,502,586,No,Corporate,25,4.02,0,193.2
Wednesday,Rainy,405,1376,No,Regular,52,4.2,0,1018.1
Friday,Sunny,48,92,No,Banquet,8,3.9,0,37.5
Saturday,Sunny,168,175,No,Banquet,8,3.88,1,0.0
Saturday,Sunny,929,884,No,Banquet,32,4.59,0,0.0
Monday,Sunny,878,935,No,Regular,36,4.17,1,54.1
Sunday,Cloudy,814,1400,No,Regular,52,4.29,0,536.7
Tuesday,Sunny,220,42,No,Buffet,4,3.88,0,0.0
Monday,Sunny,279,96,No,Regular,8,4.57,0,0.0
Thursday,Sunny,456,570,No,Regular,22,4.21,0,117.3
Wednesday,Cloudy,432,413,No,Regular,18,3.98,0,0.0
Saturday,Cloudy,65,63,New Year,Buffet,4,4.65,0,0.0
Saturday,Stormy,361,191,No,Corporate,7,3.98,0,0.0
Wednesday,Sunny,667,890,No,Regular,36,4.2,0,213.1
Sunday,Sunny,56,113,No,Banquet,6,3.61,0,54.8
Wednesday,Stormy,320,332,No,Corporate,16,3.86,0,123.7
Thursday,Cloudy,92,135,No,Regular,5,4.45,0,44.1
Tuesday,Cloudy,386,459,No,Regular,21,4.1,0,98.1
Sunday,Cloudy,257,351,No,Regular,17,4.16,0,95.2
Tuesday,Sunny,460,1400,No,Banquet,52,4.08,0,905.6
Monday,Rainy,393,629,No,Corporate,25,4.1,0,310.1
Thursday,Cloudy,782,1154,No,Buffet,44,3.89,1,298.4
Sunday,Cloudy,149,211,No,Buffet,12,3.92,0,38.8
Sunday,Cloudy,742,400,New Year,Regular,15,4.0,0,0.0
Saturday,Sunny,502,674,No,Banquet,28,4.0,1,22.9
Sunday,Sunny,355,375,New Year,Banquet,14,4.31,0,0.0
Sunday,Rainy,327,471,No,Corporate,18,4.3,0,181.2
Thursday,Cloudy,911,1203,No,Buffet,46,4.67,0,189.6
Wednesday,Sunny,371,97,Eid,Regular,5,4.41,0,0.0
Saturday,Sunny,110,410,No,Regular,15,3.75,0,292.9
Friday,Stormy,87,155,No,Regular,8,3.84,1,77.7
Wednesday,Sunny,712,733,Christmas,Buffet,30,4.51,0,0.0
Monday,Sunny,144,172,No,Corporate,8,4.4,0,41.2
Saturday,Cloudy,351,91,Christmas,Banquet,7,4.56,0,0.0
Tuesday,Rainy,390,404,No,Regular,17,4.12,0,65.8
Sunday,Cloudy,300,742,No,Regular,30,4.01,1,392.3
Tuesday,Rainy,255,108,No,Regular,4,4.26,1,0.0
Monday,Sunny,404,406,No,Banquet,15,3.54,0,0.0
Saturday,Stormy,257,360,Eid,Corporate,16,4.04,0,158.2
Tuesday,Rainy,127,130,No,Buffet,7,4.94,0,0.0
Tuesday,Cloudy,156,156,No,Buffet,10,3.98,0,0.0
Friday,Cloudy,96,56,Eid,Buffet,4,4.11,0,0.0
Sunday,Sunny,176,291,Eid,Regular,12,4.03,0,89.8
Tuesday,Sunny,26,69,No,Regular,4,4.75,0,44.4
Wednesday,Sunny,151,181,No,Regular,8,3.62,0,26.5
Saturday,Sunny,55,52,Christmas,Regular,4,4.4,0,0.0
Sunday,Stormy,333,334,No,Buffet,16,3.95,1,22.2
Thursday,Sunny,141,64,No,Regular,5,3.85,0,0.0
Tuesday,Cloudy,389,113,No,Corporate,8,3.42,0,0.0
Monday,Sunny,710,848,No,Buffet,34,4.84,0,47.6
Tuesday,Sunny,251,48,New Year,Buffet,4,4.42,0,0.0
Monday,Sunny,865,1048,No,Banquet,40,3.56,0,177.5
Friday,Sunny,160,301,Diwali,Regular,13,3.59,0,120.2
Monday,Cloudy,92,227,No,Buffet,13,3.85,0,138.3
Thursday,Stormy,375,560,No,Regular,21,4.33,0,302.4
Friday,Sunny,269,50,No,Corporate,4,4.07,1,0.0
Friday,Stormy,821,1400,Eid,Buffet,52,3.74,1,514.5
Tuesday,Cloudy,141,189,No,Regular,8,4.09,0,53.2
Saturday,Cloudy,729,282,No,Regular,14,4.65,0,0.0
Friday,Sunny,430,115,No,Buffet,5,4.37,0,0.0
Saturday,Sunny,279,294,No,Buffet,11,3.36,0,0.0
Monday,Rainy,884,1400,No,Buffet,52,3.68,0,654.4
Monday,Cloudy,29,132,No,Regular,6,4.07,0,104.9
Sunday,Sunny,833,832,No,Buffet,30,4.18,0,0.0
Wednesday,Rainy,378,454,No,Buffet,17,4.67,0,76.4
Wednesday,Sunny,365,428,No,Regular,16,4.12,1,16.7
Thursday,Rainy,43,62,No,Buffet,6,4.35,0,16.4
Friday,Sunny,759,1219,Diwali,Buffet,47,3.2,0,232.6
Sunday,Stormy,250,440,Diwali,Corporate,17,3.95,1,244.6
Wednesday,Sunny,421,550,No,Regular,22,4.41,0,110.7
Sunday,Sunny,807,1256,No,Regular,47,4.91,0,331.3
Monday,Cloudy,39,62,No,Banquet,5,3.56,0,22.9
Thursday,Sunny,574,1400,No,Banquet,51,4.05,0,783.9
Friday,Stormy,436,1053,No,Regular,38,3.38,0,723.1
Monday,Cloudy,919,1206,No,Banquet,48,4.03,0,340.6
Tuesday,Sunny,438,599,No,Regular,23,4.56,0,147.5
Wednesday,Sunny,897,22,No,Corporate,5,4.51,0,0.0
Sunday,Stormy,665,788,No,Regular,32,4.1,0,238.7
Friday,Cloudy,262,933,No,Regular,37,4.01,0,666.7
Sunday,Rainy,518,626,No,Banquet,24,5.0,0,104.7
Saturday,Sunny,872,912,No,Regular,37,4.03,0,0.0
Thursday,Stormy,728,1228,No,Corporate,46,3.89,0,713.9
Saturday,Cloudy,618,633,Christmas,Buffet,27,3.88,1,0.0
Monday,Cloudy,949,293,No,Regular,15,3.5,0,0.0
Monday,Sunny,249,25,No,Banquet,4,4.3,0,0.0
Saturday,Sunny,751,1204,Diwali,Buffet,46,4.39,0,94.6
Saturday,Stormy,252,246,No,Banquet,13,4.38,0,27.6
Tuesday,Stormy,32,20,No,Corporate,4,4.44,0,0.0
Thursday,Sunny,66,20,No,Regular,5,3.87,0,0.0
Friday,Stormy,207,289,No,Regular,15,4.05,0,114.3
Sunday,Sunny,593,577,No,Regular,23,4.6,1,0.0
Friday,Sunny,779,1181,No,Buffet,47,3.92,0,269.2
Wednesday,Sunny,843,816,Diwali,Regular,30,3.88,0,0.0
Wednesday,Sunny,150,82,No,Regular,5,4.54,0,0.0
Thursday,Sunny,22,76,No,Corporate,5,3.79,0,58.8
Friday,Sunny,458,1245,No,Regular,49,3.64,0,744.8
Sunday,Sunny,494,869,No,Buffet,35,3.68,0,319.9
Thursday,Cloudy,700,544,No,Buffet,20,5.0,0,0.0
Tuesday,Rainy,809,1006,No,Regular,39,4.54,0,243.8
Tuesday,Cloudy,142,173,No,Regular,8,4.38,0,27.1
Saturday,Sunny,547,839,No,Regular,33,3.73,0,261.5
Saturday,Rainy,440,451,No,Buffet,21,4.33,0,0.0
Monday,Sunny,625,1400,Eid,Regular,51,4.83,0,705.1
Monday,Rainy,696,202,No,Corporate,9,4.27,0,0.0
Friday,Cloudy,166,161,No,Corporate,6,3.66,1,0.0
Tuesday,Sunny,552,643,No,Regular,23,4.34,0,61.5
Saturday,Sunny,481,666,Diwali,Banquet,25,4.05,0,76.9
Wednesday,Rainy,589,578,No,Banquet,21,4.18,0,0.0
Tuesday,Stormy,743,317,No,Regular,14,3.71,0,0.0
Sunday,Cloudy,720,1400,New Year,Banquet,52,3.8,0,545.4
Tuesday,Stormy,29,53,No,Regular,4,3.92,0,36.4
Wednesday,Stormy,663,434,No,Buffet,20,3.79,0,0.0
Tuesday,Sunny,22,20,No,Regular,4,4.1,0,0.0
Monday,Cloudy,510,544,No,Corporate,23,3.83,0,110.2
Monday,Sunny,680,912,No,Corporate,37,4.81,0,309.8
Monday,Cloudy,20,32,New Year,Banquet,6,4.33,1,12.4
Tuesday,Sunny,435,695,No,Banquet,28,4.44,0,231.8
Monday,Stormy,174,505,No,Regular,23,4.06,1,388.8
Friday,Cloudy,718,1170,No,Buffet,43,3.28,1,343.6
Friday,Sunny,121,73,No,Regular,7,4.47,0,0.0
Wednesday,Sunny,944,1400,No,Regular,51,4.07,0,442.4
Wednesday,Sunny,670,822,New Year,Regular,31,4.29,0,24.2
Thursday,Rainy,158,222,No,Banquet,8,4.09,0,72.2
Sunday,Stormy,238,610,New Year,Buffet,25,3.18,1,386.7
Saturday,Sunny,320,321,No,Regular,13,3.94,1,0.0
Monday,Cloudy,43,117,No,Banquet,9,3.77,0,79.8
Tuesday,Cloudy,732,728,No,Corporate,28,4.21,0,109.6
Tuesday,Sunny,34,54,Diwali,Regular,4,4.31,0,13.2
Tuesday,Cloudy,274,196,No,Buffet,8,5.0,0,0.0
Friday,Sunny,128,229,No,Corporate,10,4.32,0,99.0
Wednesday,Sunny,507,438,No,Buffet,20,3.88,0,0.0
Monday,Sunny,375,497,No,Buffet,19,3.94,0,102.9
Wednesday,Rainy,393,496,No,Buffet,19,4.34,0,92.0
Thursday,Sunny,103,183,Eid,Regular,7,4.47,0,66.3
Monday,Sunny,318,546,No,Buffet,24,3.6,1,206.0
Saturday,Rainy,283,383,No,Regular,16,4.02,0,140.9
Monday,Stormy,348,342,No,Regular,17,4.05,0,124.7
Sunday,Sunny,66,126,No,Regular,5,3.44,0,53.0
Monday,Sunny,187,316,No,Buffet,14,4.42,0,115.0
Saturday,Cloudy,159,212,No,Regular,11,4.21,0,37.9
Sunday,Sunny,581,76,No,Regular,4,4.04,0,0.0
Sunday,Cloudy,428,517,No,Regular,22,4.22,0,77.5
Saturday,Sunny,120,168,Diwali,Banquet,10,4.39,0,8.1
Saturday,Sunny,138,192,No,Regular,10,4.93,0,34.1
Friday,Sunny,204,278,No,Regular,14,4.4,0,50.5
Saturday,Cloudy,90,78,No,Regular,6,3.64,0,0.0
Monday,Sunny,781,966,No,Buffet,38,5.0,0,103.7
Thursday,Sunny,718,882,No,Regular,34,3.65,0,171.4
Thursday,Cloudy,135,170,No,Regular,7,4.28,0,31.0
Saturday,Rainy,641,717,No,Corporate,27,4.03,0,192.0
Thursday,Sunny,65,65,No,Corporate,7,4.07,0,0.0
Wednesday,Cloudy,678,910,No,Buffet,33,4.28,1,163.5
Friday,Cloudy,133,135,Christmas,Buffet,7,4.31,0,0.0
Tuesday,Sunny,494,1368,Eid,Banquet,52,4.7,1,765.4
Monday,Stormy,763,728,No,Banquet,29,3.84,0,124.4
Thursday,Rainy,344,451,No,Buffet,20,4.29,0,122.6
Wednesday,Sunny,104,169,New Year,Corporate,7,4.38,1,54.2
Tuesday,Sunny,694,871,No,Banquet,36,5.0,0,80.9
Wednesday,Sunny,335,432,No,Banquet,18,4.33,0,70.0
Wednesday,Sunny,899,952,No,Regular,36,3.64,0,27.9
Wednesday,Cloudy,440,501,Christmas,Banquet,21,4.7,0,0.0
Wednesday,Rainy,47,64,Diwali,Buffet,7,3.93,0,16.1
Friday,Rainy,223,303,No,Buffet,12,3.76,0,75.8
Wednesday,Sunny,599,999,No,Regular,39,4.68,1,310.3
Sunday,Sunny,102,141,No,Regular,10,4.18,0,22.6
Sunday,Sunny,64,94,No,Corporate,8,4.04,0,28.2
Thursday,Cloudy,342,1048,No,Buffet,38,4.83,0,677.3
Wednesday,Sunny,889,1400,No,Regular,52,3.9,0,519.5
Thursday,Stormy,314,109,No,Buffet,4,3.9,0,0.0
Saturday,Rainy,916,935,No,Regular,38,4.33,0,79.8
Friday,Sunny,29,61,No,Buffet,5,3.17,1,25.9
Saturday,Cloudy,325,261,No,Buffet,10,4.19,0,0.0
Thursday,Cloudy,727,770,Diwali,Buffet,28,4.15,0,0.0
Friday,Rainy,81,237,No,Regular,9,3.76,0,161.9
Wednesday,Cloudy,474,137,No,Regular,8,4.11,0,0.0
Saturday,Sunny,496,610,No,Regular,23,4.23,0,76.4
Tuesday,Cloudy,293,308,New Year,Buffet,14,4.1,0,0.0
Friday,Sunny,578,665,Christmas,Banquet,25,4.46,0,0.0
Sunday,Cloudy,713,1049,No,Corporate,40,4.23,0,354.6
Monday,Sunny,287,876,No,Corporate,34,4.05,0,626.5
Friday,Cloudy,908,1400,Diwali,Regular,52,4.41,0,310.9
Monday,Rainy,740,705,No,Regular,27,4.23,0,131.2
Saturday,Sunny,783,809,No,Banquet,29,5.0,0,0.0
Monday,Sunny,676,362,Eid,Buffet,17,4.55,0,0.0
Sunday,Cloudy,28,76,No,Regular,4,3.9,0,43.5
Monday,Sunny,762,1264,Christmas,Buffet,46,3.4,0,444.6
Sunday,Cloudy,244,400,No,Buffet,17,3.84,0,134.9
Saturday,Cloudy,76,37,Christmas,Regular,4,3.26,0,0.0
Friday,Sunny,285,481,New Year,Regular,21,4.4,1,124.9
Saturday,Rainy,137,41,No,Buffet,4,4.0,0,0.0
Saturday,Cloudy,30,20,No,Regular,5,3.8,0,0.0
Sunday,Cloudy,302,24,No,Regular,4,4.37,0,0.0
Tuesday,Sunny,108,83,Eid,Corporate,4,3.96,0,0.0
Friday,Sunny,633,966,No,Banquet,35,4.29,1,213.5
Monday,Sunny,619,1400,No,Regular,51,4.01,0,809.2
Friday,Rainy,571,1102,Diwali,Regular,41,4.15,1,506.8
Tuesday,Rainy,176,170,No,Buffet,8,4.66,0,0.0
Thursday,Rainy,232,457,No,Regular,18,4.5,1,237.7
Friday,Sunny,51,44,No,Banquet,4,4.72,1,0.0
Thursday,Cloudy,425,513,New Year,Buffet,19,4.26,0,0.0
Thursday,Rainy,401,390,No,Regular,16,3.36,1,44.3
Saturday,Cloudy,174,166,Christmas,Corporate,6,3.83,0,0.0
Saturday,Sunny,97,185,No,Regular,10,3.44,0,90.7
Thursday,Rainy,815,66,Christmas,Buffet,4,4.51,0,0.0
Friday,Sunny,101,110,No,Banquet,6,4.13,0,0.0
Sunday,Sunny,463,184,No,Regular,9,4.65,1,0.0
Monday,Rainy,198,134,Diwali,Regular,6,4.56,0,0.0
Monday,Cloudy,207,179,Diwali,Banquet,7,4.07,0,0.0
Monday,Sunny,912,1400,No,Buffet,51,4.85,1,234.4
Friday,Cloudy,119,215,No,Regular,12,4.52,0,90.8
Wednesday,Stormy,108,131,No,Regular,9,4.15,0,51.8
Saturday,Sunny,52,82,No,Regular,4,4.3,1,25.8
Friday,Rainy,170,178,No,Buffet,10,4.71,0,6.3
Wednesday,Sunny,205,295,New Year,Regular,13,4.31,0,58.5
Sunday,Sunny,662,1057,No,Regular,42,3.84,0,350.5
Saturday,Sunny,528,1017,No,Regular,38,3.63,0,475.1
Tuesday,Cloudy,67,91,No,Buffet,4,4.01,0,11.1
Wednesday,Sunny,682,1195,No,Banquet,46,3.83,0,467.2
Wednesday,Sunny,656,874,No,Buffet,36,4.21,0,162.9
Tuesday,Cloudy,218,226,Diwali,Buffet,9,3.9,0,0.0
Tuesday,Cloudy,463,524,No,Corporate,23,3.96,0,111.6
Sunday,Cloudy,780,975,No,Regular,36,4.63,0,122.5
Thursday,Rainy,304,806,No,Regular,33,4.82,0,540.3
Wednesday,Sunny,219,224,No,Regular,12,3.79,0,5.9
Saturday,Sunny,95,126,No,Regular,5,3.97,0,24.1
Thursday,Cloudy,165,202,No,Banquet,12,4.02,0,32.0
Sunday,Cloudy,237,791,No,Regular,30,4.25,0,537.9
Saturday,Sunny,58,57,No,Corporate,4,4.26,0,0.0
Thursday,Sunny,575,25,No,Regular,5,3.91,0,0.0
Wednesday,Sunny,130,251,No,Buffet,10,4.33,1,74.0
Sunday,Sunny,295,438,No,Regular,18,3.93,0,121.5
Friday,Stormy,305,317,No,Regular,14,3.96,0,92.6
Sunday,Cloudy,319,90,No,Regular,7,3.74,0,0.0
Monday,Sunny,96,269,No,Buffet,11,4.55,0,173.4
Saturday,Cloudy,853,976,No,Buffet,36,4.5,0,0.0
Friday,Cloudy,221,217,No,Corporate,12,4.27,0,13.6
Monday,Sunny,109,145,No,Banquet,8,4.4,0,32.4
Friday,Sunny,106,358,No,Buffet,13,4.59,1,216.2
Friday,Cloudy,189,47,New Year,Banquet,4,4.44,0,0.0
Monday,Sunny,320,367,No,Regular,16,4.43,1,20.9
Thursday,Cloudy,66,66,No,Regular,6,3.94,0,5.8
Saturday,Cloudy,170,174,No,Regular,7,3.49,0,7.9
Wednesday,Rainy,462,73,No,Buffet,4,3.79,0,0.0
Thursday,Stormy,528,513,No,Buffet,21,5.0,1,23.8
Thursday,Rainy,673,903,No,Buffet,35,4.02,0,258.1
Wednesday,Cloudy,113,48,New Year,Banquet,4,4.79,0,0.0
Sunday,Sunny,261,296,No,Regular,15,4.35,0,7.5
Saturday,Cloudy,104,179,No,Corporate,7,4.11,1,75.6
Monday,Rainy,379,557,No,Buffet,24,3.74,0,231.8
Sunday,Stormy,378,119,No,Buffet,8,3.82,0,0.0
Sunday,Rainy,578,1025,No,Regular,41,4.06,1,458.8
Wednesday,Sunny,164,202,No,Regular,12,4.06,0,36.7
Saturday,Cloudy,893,1400,No,Regular,51,4.35,0,481.7
Monday,Rainy,363,1039,Diwali,Corporate,41,3.84,0,725.0
Sunday,Cloudy,371,391,Eid,Buffet,16,3.85,0,0.0
Friday,Cloudy,126,198,No,Regular,10,4.49,1,59.9
Friday,Cloudy,64,121,No,Corporate,6,4.92,0,60.3
Monday,Cloudy,706,1154,No,Buffet,45,4.16,0,420.4
Sunday,Sunny,910,1188,No,Banquet,47,4.31,0,129.1
Monday,Sunny,195,339,Diwali,Buffet,17,4.06,1,76.9
Tuesday,Rainy,354,429,No,Buffet,18,4.09,0,105.5
Tuesday,Stormy,183,59,New Year,Buffet,5,4.03,0,0.0
Saturday,Rainy,313,1082,No,Buffet,43,3.97,0,753.4
Tuesday,Sunny,752,909,No,Regular,33,4.35,1,52.9
Sunday,Sunny,96,48,Diwali,Regular,4,4.38,1,0.0
Friday,Sunny,216,272,Eid,Banquet,11,4.02,0,6.6
Monday,Rainy,265,364,Christmas,Corporate,18,3.88,0,144.1
Monday,Cloudy,457,619,No,Buffet,24,3.92,0,155.2
Monday,Stormy,137,143,No,Buffet,8,4.39,0,29.9
Friday,Sunny,465,1115,No,Buffet,40,3.78,0,574.5
Saturday,Cloudy,477,499,No,Regular,20,3.69,0,7.5
Tuesday,Rainy,842,63,No,Regular,5,4.24,0,0.0
Saturday,Sunny,903,969,No,Regular,39,4.09,0,41.8
Monday,Stormy,486,659,Christmas,Regular,24,4.06,0,279.4
Saturday,Cloudy,871,867,Diwali,Regular,31,4.47,1,0.0
Sunday,Sunny,333,557,No,Corporate,23,4.1,0,229.9
Saturday,Sunny,452,678,No,Regular,25,3.85,0,183.6
Friday,Rainy,69,72,No,Corporate,4,4.19,0,11.4
Saturday,Cloudy,466,562,No,Banquet,21,3.85,0,48.9
Monday,Rainy,247,168,No,Regular,10,4.49,0,0.0
Tuesday,Rainy,808,809,Christmas,Buffet,31,4.13,1,0.0
Monday,Sunny,196,46,No,Buffet,4,3.69,0,0.0
Thursday,Rainy,858,830,No,Banquet,33,4.19,1,0.0
Saturday,Stormy,289,349,No,Buffet,14,3.79,0,95.3
Friday,Sunny,130,399,No,Regular,19,4.55,0,246.5
Saturday,Rainy,861,1130,No,Regular,45,4.08,1,347.2
Tuesday,Sunny,381,515,No,Banquet,22,4.38,0,88.4
Saturday,Sunny,192,137,No,Regular,9,3.86,0,0.0
Tuesday,Sunny,65,90,No,Corporate,7,4.04,0,23.7
Tuesday,Rainy,802,853,No,Regular,35,4.29,0,181.0
Friday,Sunny,37,41,No,Buffet,4,4.05,0,0.0
Sunday,Sunny,749,244,Diwali,Buffet,12,3.75,0,0.0
Friday,Cloudy,24,70,Christmas,Regular,5,4.42,0,41.8
Monday,Sunny,84,48,Diwali,Regular,5,4.24,0,0.0
Friday,Rainy,730,40,New Year,Regular,4,3.67,0,0.0
Monday,Stormy,378,272,Christmas,Corporate,11,3.97,0,25.5
Sunday,Sunny,264,336,Diwali,Corporate,17,3.78,0,63.5
Friday,Sunny,308,196,No,Regular,8,3.92,0,0.0
Tuesday,Stormy,284,807,No,Buffet,30,3.93,0,602.8
Monday,Sunny,409,426,No,Regular,20,4.02,0,38.9
Tuesday,Sunny,74,121,Diwali,Buffet,6,3.52,0,36.5
Sunday,Stormy,266,417,Diwali,Corporate,17,3.95,0,198.8
Thursday,Rainy,53,73,No,Banquet,7,4.52,0,22.0
Saturday,Cloudy,591,330,Diwali,Banquet,16,4.84,0,0.0
Friday,Cloudy,760,746,No,Regular,31,3.64,0,0.0
Friday,Rainy,317,339,No,Regular,13,4.57,0,43.8
Tuesday,Cloudy,372,383,No,Banquet,17,5.0,1,0.0
Sunday,Cloudy,450,647,No,Regular,27,4.04,0,180.5
Wednesday,Rainy,311,170,No,Regular,10,4.33,0,0.0
Friday,Cloudy,198,458,No,Regular,21,4.55,0,252.0
Friday,Cloudy,346,263,No,Corporate,11,3.94,0,0.0
Friday,Sunny,133,25,No,Buffet,4,4.52,0,0.0
Sunday,Cloudy,157,186,Christmas,Banquet,10,4.04,0,0.0
Tuesday,Cloudy,129,172,No,Regular,11,4.52,0,40.0
Thursday,Sunny,883,352,No,Regular,16,4.76,0,0.0
Wednesday,Sunny,383,683,No,Regular,27,4.65,0,261.5
Thursday,Rainy,283,785,Diwali,Corporate,31,3.99,0,531.9
Monday,Sunny,377,136,No,Regular,7,4.37,1,0.0
Monday,Sunny,102,152,No,Banquet,7,3.92,0,48.0
Tuesday,Sunny,120,39,No,Buffet,6,3.64,0,0.0
Wednesday,Sunny,196,270,No,Corporate,10,4.03,1,81.5
Thursday,Rainy,325,313,No,Corporate,16,4.46,0,75.8
Friday,Sunny,213,107,No,Buffet,6,4.01,0,0.0
Friday,Sunny,97,163,Diwali,Corporate,7,4.73,0,47.2
Wednesday,Rainy,344,341,No,Regular,15,4.15,0,24.0
Wednesday,Sunny,167,110,Christmas,Corporate,4,3.67,0,0.0
Tuesday,Sunny,333,53,No,Corporate,5,4.0,0,0.0
Friday,Rainy,301,354,No,Buffet,17,3.85,0,70.0
Wednesday,Cloudy,884,1052,No,Regular,38,4.67,0,194.5
Monday,Rainy,195,233,No,Banquet,11,4.33,0,65.3
Wednesday,Rainy,409,412,No,Banquet,18,4.09,0,28.1
Thursday,Stormy,714,858,Diwali,Buffet,34,4.43,0,244.0
Tuesday,Sunny,719,717,No,Banquet,30,3.8,1,0.0
Friday,Rainy,443,526,New Year,Buffet,22,3.64,0,0.0
Thursday,Cloudy,104,134,No,Regular,7,3.59,0,29.6
Friday,Sunny,49,48,No,Buffet,6,3.35,1,0.0
Friday,Stormy,345,66,No,Regular,5,3.67,0,0.0
Friday,Sunny,848,1130,No,Buffet,42,4.36,0,106.8
Wednesday,Rainy,333,454,No,Buffet,21,4.43,0,128.7
Saturday,Cloudy,275,275,No,Regular,13,3.76,0,0.0
Thursday,Cloudy,22,80,No,Regular,6,3.28,0,60.9
Thursday,Sunny,247,240,No,Corporate,10,3.95,0,4.1
Friday,Rainy,155,507,No,Corporate,22,4.33,0,374.5
Wednesday,Cloudy,942,1266,No,Banquet,46,4.47,1,209.0
Thursday,Sunny,318,416,No,Regular,16,4.22,1,80.0
Saturday,Sunny,98,160,No,Corporate,10,3.7,0,64.9
Sunday,Rainy,503,296,No,Regular,11,4.43,1,0.0
Sunday,Sunny,329,692,Diwali,Regular,25,4.29,1,277.7
Thursday,Cloudy,161,213,New Year,Corporate,12,4.43,0,40.0
Thursday,Cloudy,265,36,No,Regular,4,3.75,0,0.0
Saturday,Sunny,816,1197,Christmas,Corporate,47,4.34,0,287.0
Wednesday,Cloudy,35,71,No,Regular,4,4.48,1,34.1
Saturday,Sunny,43,170,No,Regular,7,3.55,0,124.4
Thursday,Stormy,88,89,Diwali,Buffet,6,3.86,0,9.4
Monday,Rainy,701,209,No,Regular,12,3.48,0,0.0
Monday,Sunny,604,863,No,Regular,33,3.78,0,305.2
Saturday,Cloudy,347,468,No,Regular,20,4.08,1,69.5
Monday,Cloudy,64,96,Eid,Regular,4,3.51,0,37.2
Wednesday,Stormy,71,59,No,Corporate,4,4.59,1,4.5
Wednesday,Sunny,234,668,Diwali,Regular,26,4.59,0,367.5
Tuesday,Cloudy,358,21,No,Buffet,4,4.07,0,0.0
Wednesday,Stormy,653,588,New Year,Buffet,22,3.84,1,0.0
Saturday,Sunny,948,1400,No,Buffet,52,4.1,1,210.4
Monday,Cloudy,634,736,No,Buffet,28,4.73,0,110.0
Saturday,Sunny,309,523,Eid,Buffet,19,4.38,1,83.8
Saturday,Cloudy,727,1177,No,Corporate,44,3.36,1,487.4
Wednesday,Sunny,476,493,No,Regular,21,3.17,1,0.0
Tuesday,Stormy,804,394,Diwali,Corporate,17,3.74,1,0.0
Friday,Sunny,210,258,Christmas,Regular,14,4.1,0,7.8
Monday,Sunny,619,1078,No,Buffet,39,3.4,0,452.7
Wednesday,Rainy,163,38,No,Buffet,4,4.03,0,0.0
Sunday,Rainy,263,681,No,Regular,29,3.42,0,450.0
Sunday,Cloudy,431,624,No,Regular,27,4.12,0,157.6
Saturday,Rainy,872,887,No,Regular,35,4.21,0,92.9
Wednesday,Sunny,96,168,Eid,Regular,10,4.84,0,55.6
Friday,Cloudy,475,599,No,Buffet,22,4.06,0,59.8
Friday,Sunny,130,172,No,Regular,9,3.97,0,29.5
Wednesday,Sunny,533,1339,No,Corporate,48,4.68,0,813.3
Friday,Stormy,889,997,Christmas,Banquet,38,4.39,0,196.6
Monday,Cloudy,371,368,No,Regular,15,4.14,0,17.0
Tuesday,Sunny,364,394,No,Regular,18,3.99,0,18.3
Thursday,Sunny,404,21,No,Regular,4,4.83,1,0.0
Tuesday,Stormy,497,317,No,Banquet,16,3.81,0,0.0
Tuesday,Sunny,480,121,No,Regular,9,3.5,0,0.0
Saturday,Sunny,814,675,No,Regular,25,4.04,1,0.0
Sunday,Sunny,370,472,No,Banquet,17,3.99,0,65.5
Thursday,Sunny,274,262,No,Buffet,10,4.63,0,0.0
Saturday,Sunny,184,258,No,Regular,14,4.19,0,55.8
Sunday,Stormy,25,60,No,Banquet,6,4.5,0,40.3
Tuesday,Sunny,861,986,No,Banquet,39,3.04,0,99.8
Thursday,Cloudy,209,710,No,Buffet,30,3.98,1,481.3
Wednesday,Rainy,384,460,No,Regular,19,4.74,0,113.4
Monday,Cloudy,56,83,No,Buffet,5,3.67,1,21.4
Saturday,Rainy,542,913,No,Regular,36,4.0,0,453.1
Thursday,Cloudy,866,891,Christmas,Buffet,33,4.47,1,0.0
Thursday,Cloudy,627,748,No,Regular,27,3.91,0,124.2
Tuesday,Cloudy,175,31,No,Buffet,6,4.45,0,0.0
Tuesday,Rainy,454,515,Christmas,Corporate,23,3.87,0,93.3
Sunday,Cloudy,318,201,No,Banquet,9,4.1,0,0.0
Monday,Rainy,60,26,New Year,Corporate,4,4.4,0,0.0
Tuesday,Sunny,52,79,Diwali,Regular,4,3.66,1,18.4
Wednesday,Cloudy,470,651,No,Regular,25,3.78,0,192.4
Thursday,Cloudy,876,1321,No,Buffet,50,4.5,0,366.7
Friday,Sunny,452,1400,New Year,Regular,52,3.79,0,844.2
Thursday,Rainy,658,306,No,Regular,13,4.17,0,0.0
Monday,Sunny,345,359,No,Corporate,16,4.53,0,26.2
Tuesday,Sunny,300,354,No,Regular,13,4.16,0,45.2
Saturday,Rainy,31,73,No,Regular,4,4.23,1,37.9
Friday,Sunny,193,199,Diwali,Buffet,10,4.77,0,0.0
Friday,Sunny,488,485,No,Banquet,18,5.0,1,0.0
Friday,Sunny,55,102,No,Buffet,6,4.18,0,31.8
Saturday,Rainy,813,23,No,Regular,4,3.94,0,0.0
Monday,Sunny,947,1400,No,Buffet,51,4.47,0,427.3
Wednesday,Cloudy,41,20,No,Banquet,4,3.79,0,0.0
Thursday,Rainy,135,38,No,Regular,4,4.67,0,0.0
Wednesday,Cloudy,376,380,No,Buffet,15,3.89,0,0.0
Saturday,Stormy,842,984,No,Corporate,37,3.94,0,386.0
Thursday,Rainy,537,543,New Year,Buffet,21,3.69,1,0.0
Saturday,Sunny,600,311,No,Regular,12,3.76,1,0.0
Saturday,Stormy,296,806,No,Banquet,29,4.62,0,570.4
Thursday,Cloudy,558,55,No,Regular,6,4.26,0,0.0
Sunday,Sunny,201,324,No,Regular,12,4.1,0,104.6
Friday,Sunny,66,66,No,Regular,4,4.98,0,0.0
Saturday,Cloudy,931,1139,No,Buffet,42,4.17,0,0.0
Wednesday,Sunny,450,752,Diwali,Regular,29,4.11,0,241.2
Thursday,Cloudy,646,370,No,Corporate,17,3.65,0,0.0
Thursday,Sunny,170,265,No,Corporate,12,3.78,0,120.5
Monday,Cloudy,727,908,No,Regular,36,3.73,1,166.8
Wednesday,Sunny,384,380,No,Corporate,14,3.83,0,12.2
Sunday,Rainy,225,298,No,Banquet,14,3.92,0,84.7
Friday,Sunny,760,1306,New Year,Regular,49,4.0,0,416.0
Tuesday,Sunny,372,517,No,Corporate,19,4.41,0,135.3
Wednesday,Sunny,65,198,No,Banquet,9,4.11,0,129.8
Tuesday,Cloudy,184,582,No,Corporate,23,4.87,0,420.8
Monday,Cloudy,619,220,No,Buffet,11,4.38,0,0.0
Sunday,Cloudy,667,876,No,Banquet,33,3.82,0,152.7
Thursday,Sunny,705,708,No,Buffet,26,4.31,0,0.0
Wednesday,Rainy,507,611,No,Regular,22,4.18,0,175.9
Friday,Sunny,871,1138,Christmas,Regular,44,4.71,0,77.8
Monday,Sunny,110,108,Diwali,Buffet,4,4.46,1,0.0
Tuesday,Rainy,432,420,No,Regular,20,4.15,1,0.0
Friday,Cloudy,306,696,No,Regular,25,4.85,0,351.1
Friday,Cloudy,908,29,No,Regular,6,4.35,0,0.0
Sunday,Sunny,98,23,No,Corporate,4,4.37,0,0.0
Friday,Sunny,812,1036,No,Buffet,42,4.75,1,0.0
Thursday,Cloudy,697,1245,No,Regular,47,4.48,0,576.4
Saturday,Sunny,55,74,No,Regular,6,4.21,0,14.4
Sunday,Sunny,302,485,No,Regular,19,4.09,0,135.8
Saturday,Stormy,59,133,No,Regular,5,3.27,0,89.6
Sunday,Cloudy,481,471,No,Buffet,20,3.34,1,0.0
Saturday,Sunny,215,285,No,Regular,11,4.07,0,43.1
Sunday,Sunny,569,694,Diwali,Banquet,27,3.89,0,0.0
Monday,Rainy,382,397,No,Regular,15,4.13,1,89.2
Saturday,Sunny,648,824,No,Regular,32,4.55,0,105.3
Thursday,Sunny,350,465,No,Corporate,21,3.8,0,138.2
Thursday,Sunny,698,1400,No,Regular,51,3.46,0,705.0
Friday,Cloudy,590,660,No,Regular,27,3.57,0,26.1
Sunday,Cloudy,394,505,No,Regular,20,3.71,0,98.6
Sunday,Sunny,380,811,No,Buffet,30,3.64,0,359.2
Wednesday,Sunny,840,1400,New Year,Regular,52,4.14,0,435.6
Saturday,Cloudy,703,730,No,Corporate,28,4.77,0,28.6
Saturday,Cloudy,813,1400,No,Buffet,52,4.38,0,430.5
Wednesday,Cloudy,22,36,No,Corporate,4,4.41,0,12.3
Monday,Sunny,732,1157,No,Buffet,42,4.21,0,372.9
Monday,Cloudy,48,140,No,Corporate,10,3.6,0,99.1
Saturday,Stormy,432,449,No,Buffet,19,5.0,0,57.3
Thursday,Cloudy,586,702,No,Buffet,27,3.99,0,92.4
Sunday,Sunny,274,392,No,Buffet,19,4.45,0,53.7
Thursday,Cloudy,72,53,No,Buffet,6,3.18,0,0.0
Sunday,Sunny,234,547,No,Regular,21,4.08,1,261.7
Wednesday,Sunny,388,398,No,Buffet,18,4.05,0,0.0
Saturday,Sunny,351,438,No,Regular,17,4.01,1,20.9
Monday,Rainy,75,38,No,Buffet,6,3.53,0,0.0
Thursday,Sunny,470,640,No,Regular,24,4.2,0,154.0
Saturday,Rainy,400,485,No,Regular,21,4.63,1,81.1
Sunday,Cloudy,794,1052,No,Regular,42,5.0,0,198.0
Saturday,Cloudy,233,226,Diwali,Regular,10,4.81,0,0.0
Monday,Sunny,257,257,No,Regular,11,4.65,0,0.0
Wednesday,Cloudy,835,242,Diwali,Regular,10,4.84,0,0.0
Monday,Sunny,692,836,No,Buffet,32,4.89,0,57.4
Monday,Cloudy,393,409,No,Regular,19,3.73,0,53.1
Friday,Sunny,286,513,No,Banquet,23,4.23,1,165.8
Friday,Sunny,474,729,No,Corporate,29,3.58,0,239.5
Saturday,Cloudy,396,165,Eid,Regular,8,4.35,0,0.0
Sunday,Sunny,804,1400,No,Regular,52,4.02,1,420.5
Saturday,Sunny,943,1099,No,Regular,44,4.06,0,90.6
Saturday,Stormy,48,132,Eid,Regular,7,4.01,1,90.1
Monday,Sunny,280,1001,No,Buffet,38,3.07,0,700.0
Tuesday,Sunny,610,606,No,Buffet,23,3.32,0,0.0
Friday,Sunny,901,1400,No,Buffet,52,4.48,0,357.5
Saturday,Sunny,639,895,New Year,Regular,35,3.84,1,84.8
Monday,Cloudy,133,483,No,Buffet,21,4.55,0,348.1
Thursday,Sunny,520,137,No,Regular,9,4.05,1,0.0
Friday,Cloudy,433,43,No,Corporate,5,3.45,0,0.0
Monday,Cloudy,394,491,New Year,Banquet,19,3.53,0,96.1
Wednesday,Sunny,277,229,New Year,Regular,12,3.84,0,0.0
Sunday,Stormy,299,352,Diwali,Corporate,13,3.73,0,128.7
Friday,Stormy,369,20,No,Corporate,4,4.08,0,0.0
Tuesday,Sunny,121,171,No,Buffet,7,4.23,0,34.0
Saturday,Sunny,237,251,Eid,Regular,9,4.26,0,0.0
Wednesday,Sunny,77,276,No,Corporate,14,4.22,0,196.4
Saturday,Sunny,383,397,Eid,Regular,15,4.49,1,0.0
Wednesday,Cloudy,689,373,Diwali,Regular,17,4.54,0,0.0
Friday,Cloudy,869,882,No,Buffet,36,3.73,0,0.0
Wednesday,Sunny,127,197,No,Regular,11,3.34,0,66.0
Tuesday,Sunny,267,852,No,Regular,32,3.84,0,569.8
Sunday,Sunny,61,161,No,Banquet,6,4.16,0,98.9
Tuesday,Stormy,476,472,No,Regular,19,3.9,1,115.6
Monday,Stormy,351,311,No,Buffet,13,4.39,0,30.3
Wednesday,Sunny,804,774,No,Buffet,31,3.56,1,0.0
Friday,Cloudy,107,58,No,Regular,4,4.78,0,0.0
Saturday,Sunny,650,420,No,Corporate,19,4.45,0,0.0
Sunday,Cloudy,929,975,No,Buffet,38,3.96,0,0.0
Wednesday,Cloudy,426,732,No,Buffet,28,3.8,0,290.1
Wednesday,Rainy,943,1170,No,Buffet,43,4.06,0,319.6
Monday,Sunny,343,39,No,Banquet,5,4.6,0,0.0
Friday,Sunny,219,290,Diwali,Banquet,15,3.95,0,40.1
Sunday,Stormy,948,1238,No,Regular,46,3.88,0,500.7
Friday,Sunny,386,379,New Year,Regular,17,4.12,0,0.0
Friday,Sunny,123,30,No,Buffet,4,3.59,0,0.0
Wednesday,Cloudy,750,268,No,Banquet,10,4.57,0,0.0
Sunday,Rainy,100,133,No,Corporate,9,4.38,0,44.9
Thursday,Cloudy,811,1001,No,Regular,36,4.5,0,205.5
Monday,Rainy,369,441,No,Banquet,16,4.7,0,110.1
Wednesday,Cloudy,202,322,Christmas,Regular,12,3.79,0,114.7
Monday,Sunny,486,67,No,Regular,4,4.13,0,0.0
Tuesday,Cloudy,181,643,Diwali,Buffet,24,4.08,1,427.7
Monday,Rainy,739,1245,No,Regular,47,4.79,0,638.9
Thursday,Rainy,60,64,No,Buffet,7,3.95,0,5.9
Friday,Sunny,283,272,No,Regular,10,3.37,0,0.0
Wednesday,Sunny,194,462,No,Corporate,21,3.93,0,281.9
Thursday,Rainy,115,222,No,Banquet,9,4.49,0,115.7
Sunday,Sunny,418,547,No,Regular,21,4.34,1,62.2
Saturday,Sunny,301,409,Eid,Buffet,15,4.08,0,0.0
Thursday,Rainy,339,613,No,Corporate,23,3.96,0,360.0
Wednesday,Cloudy,465,819,No,Regular,34,4.26,0,371.3
Sunday,Sunny,686,23,No,Corporate,4,4.36,1,0.0
Tuesday,Sunny,304,395,No,Buffet,19,4.21,0,29.5
Wednesday,Sunny,737,1345,No,Regular,51,3.97,0,624.6
Sunday,Rainy,34,124,No,Corporate,5,4.11,0,92.2
Thursday,Cloudy,323,340,No,Regular,15,3.89,0,33.9
Saturday,Sunny,350,400,New Year,Regular,15,4.55,0,0.0
Friday,Sunny,475,616,New Year,Regular,25,4.06,0,65.9
Friday,Sunny,531,311,No,Corporate,14,3.73,0,0.0
Wednesday,Sunny,574,741,No,Banquet,27,5.0,0,116.1
Tuesday,Sunny,299,735,No,Regular,30,3.81,0,444.5
Wednesday,Cloudy,767,192,No,Regular,8,3.74,0,0.0
Tuesday,Sunny,238,149,No,Regular,9,3.61,0,0.0
Sunday,Sunny,69,56,Diwali,Buffet,5,3.83,0,0.0
Wednesday,Cloudy,262,326,Eid,Regular,16,4.43,0,52.3
Thursday,Sunny,689,312,No,Regular,13,3.46,0,0.0
Saturday,Sunny,131,204,No,Regular,11,4.19,0,62.9
Saturday,Sunny,342,426,No,Buffet,19,3.88,0,58.8
Thursday,Sunny,717,891,No,Buffet,32,3.78,1,0.0
Thursday,Sunny,417,451,No,Buffet,17,3.39,0,0.0
Sunday,Cloudy,451,737,Diwali,Regular,28,4.1,0,183.4
Friday,Sunny,105,155,Christmas,Buffet,7,3.4,0,21.5
Saturday,Rainy,66,128,No,Buffet,9,4.0,0,54.3
Sunday,Cloudy,337,40,Eid,Buffet,5,4.26,0,0.0
Saturday,Sunny,318,324,No,Regular,13,3.17,0,0.6
Tuesday,Sunny,478,616,No,Regular,25,4.41,0,126.3
Thursday,Sunny,386,387,Diwali,Buffet,14,3.29,1,0.0
Monday,Sunny,154,160,No,Regular,10,4.88,1,0.0
Friday,Cloudy,74,186,No,Buffet,10,4.04,0,108.7
Sunday,Sunny,912,909,No,Regular,34,3.76,1,0.0
Thursday,Rainy,379,475,No,Regular,20,4.21,0,122.0
Thursday,Cloudy,420,564,No,Buffet,21,3.74,0,152.5
Monday,Cloudy,421,561,No,Regular,22,3.1,0,183.9
Sunday,Rainy,206,168,No,Regular,9,4.6,0,0.0
Monday,Cloudy,329,383,No,Corporate,17,3.97,0,110.8
Monday,Stormy,802,678,No,Regular,26,4.15,0,99.2
Tuesday,Stormy,533,805,No,Banquet,31,4.05,0,368.5
Monday,Sunny,935,384,Eid,Regular,14,3.77,0,0.0
Thursday,Sunny,73,90,No,Corporate,4,3.65,0,24.3
Thursday,Sunny,889,1099,No,Corporate,40,4.43,1,146.8
Wednesday,Sunny,417,413,Diwali,Regular,18,4.34,1,0.0
Monday,Cloudy,76,87,Diwali,Buffet,6,4.1,0,3.0
Monday,Sunny,50,114,No,Buffet,6,4.55,0,57.8
Wednesday,Cloudy,576,317,No,Buffet,13,4.09,0,0.0
Monday,Rainy,478,1400,No,Regular,52,4.59,0,1004.2
Friday,Sunny,884,1400,No,Banquet,52,4.74,0,306.0
Tuesday,Cloudy,455,606,No,Buffet,23,4.57,0,94.3
Wednesday,Sunny,667,770,No,Banquet,29,4.29,0,32.6
Wednesday,Rainy,427,1221,No,Corporate,45,3.7,1,892.5
Wednesday,Cloudy,425,573,No,Corporate,24,4.31,1,154.5
Monday,Sunny,123,148,No,Corporate,10,3.92,0,43.6
Monday,Cloudy,274,72,No,Buffet,4,4.42,1,0.0
Sunday,Sunny,358,466,Diwali,Banquet,21,4.8,0,0.0
Monday,Cloudy,31,20,No,Buffet,4,4.08,1,0.0
Thursday,Cloudy,123,175,No,Regular,10,3.65,0,60.8
Thursday,Sunny,163,68,No,Buffet,7,4.41,0,0.0
Wednesday,Cloudy,92,116,No,Regular,9,4.12,0,28.4
Thursday,Rainy,193,676,No,Banquet,25,4.77,0,499.3
Saturday,Rainy,239,323,No,Buffet,12,4.14,1,71.4
Saturday,Cloudy,668,716,No,Buffet,29,4.09,1,0.0
Tuesday,Cloudy,487,129,No,Regular,8,4.16,0,0.0
Wednesday,Sunny,760,1339,No,Buffet,51,4.25,1,441.0
Tuesday,Rainy,237,241,No,Regular,9,3.29,0,37.0
Thursday,Rainy,265,257,No,Buffet,12,3.78,0,16.9
Friday,Sunny,433,661,No,Buffet,26,4.58,0,149.2
Tuesday,Sunny,160,41,No,Buffet,6,3.85,1,0.0
Wednesday,Sunny,72,32,Eid,Regular,5,4.11,0,0.0
Sunday,Sunny,211,329,No,Buffet,15,4.02,0,82.5
Monday,Sunny,151,154,No,Buffet,7,3.83,0,0.0
Thursday,Sunny,360,647,No,Corporate,27,4.05,1,277.2
Friday,Cloudy,908,42,No,Banquet,4,3.69,0,0.0
Tuesday,Sunny,409,549,Christmas,Corporate,20,3.5,0,133.9
Monday,Sunny,476,466,No,Regular,19,4.21,0,0.0
Monday,Cloudy,442,521,Diwali,Regular,21,4.8,0,42.8
Sunday,Sunny,405,611,No,Banquet,23,4.43,0,108.0
Monday,Sunny,658,499,No,Banquet,18,4.44,0,0.0
Tuesday,Rainy,760,1319,No,Regular,50,4.56,0,649.1
Monday,Stormy,432,1249,New Year,Buffet,45,4.21,0,862.2
Monday,Cloudy,580,488,No,Regular,19,4.13,1,0.0
Friday,Sunny,124,21,No,Regular,4,3.76,0,0.0
Tuesday,Sunny,472,489,Christmas,Banquet,20,4.45,0,0.0
Thursday,Stormy,142,169,No,Banquet,7,4.24,0,55.7
Friday,Cloudy,346,508,No,Banquet,23,3.83,0,127.6
Saturday,Rainy,195,90,No,Regular,4,3.99,0,0.0
Monday,Cloudy,75,76,Diwali,Buffet,5,3.65,0,0.0
Saturday,Sunny,90,94,No,Banquet,8,4.34,0,0.0
Friday,Sunny,77,25,No,Buffet,5,4.77,0,0.0
Tuesday,Rainy,539,722,Christmas,Regular,30,3.65,0,214.8
Saturday,Rainy,770,1183,No,Buffet,46,4.56,1,283.2
Saturday,Sunny,372,279,No,Regular,10,4.63,1,0.0
Tuesday,Cloudy,606,49,No,Buffet,5,3.63,0,0.0
Sunday,Sunny,259,185,No,Corporate,7,3.25,0,0.0
Thursday,Stormy,83,124,No,Regular,9,4.15,0,65.9
Friday,Sunny,518,852,No,Regular,32,4.05,1,278.0
Sunday,Cloudy,468,498,No,Buffet,18,4.03,0,0.0
Wednesday,Sunny,336,359,No,Buffet,13,4.59,0,0.0
Saturday,Cloudy,504,216,No,Regular,8,3.97,0,0.0
Wednesday,Cloudy,66,139,No,Regular,6,5.0,0,72.1
Saturday,Sunny,383,299,No,Corporate,11,3.47,0,0.0
Friday,Rainy,670,495,No,Regular,21,3.76,1,0.0
Tuesday,Rainy,331,103,Diwali,Buffet,7,3.75,0,0.0
Wednesday,Rainy,273,150,Diwali,Buffet,7,4.04,0,0.0
Wednesday,Sunny,613,766,New Year,Regular,28,4.72,0,38.7
Monday,Rainy,938,1069,Diwali,Buffet,42,3.65,0,158.0
Monday,Cloudy,716,845,New Year,Buffet,31,3.74,0,0.0
Wednesday,Cloudy,85,206,No,Buffet,12,3.85,0,109.1
Monday,Cloudy,716,63,No,Buffet,4,4.08,0,0.0
Tuesday,Cloudy,470,66,No,Regular,4,4.19,0,0.0
Saturday,Sunny,483,583,No,Regular,24,3.96,0,68.0
Friday,Sunny,23,29,No,Buffet,4,3.58,0,4.8
Saturday,Sunny,464,1291,No,Buffet,51,4.08,0,754.5
Wednesday,Sunny,122,162,No,Regular,6,4.72,0,30.6
Sunday,Sunny,571,894,No,Regular,34,4.5,0,237.4
Friday,Sunny,488,40,No,Corporate,4,3.93,0,0.0
Monday,Rainy,156,155,No,Regular,7,4.15,0,15.5
Tuesday,Cloudy,32,24,Christmas,Banquet,4,4.33,0,0.0
Friday,Sunny,370,610,No,Buffet,22,4.49,1,114.1
Tuesday,Rainy,298,308,No,Regular,14,4.76,0,33.6
Thursday,Rainy,546,717,No,Buffet,28,4.23,0,165.1
Sunday,Rainy,349,453,No,Regular,19,3.63,0,134.2
Monday,Rainy,146,56,Christmas,Banquet,6,3.48,0,0.0
Monday,Stormy,309,327,No,Banquet,16,4.37,0,108.7
Sunday,Cloudy,478,510,Christmas,Corporate,19,3.51,0,12.1
Friday,Stormy,437,39,No,Buffet,4,4.46,0,0.0
Monday,Stormy,423,569,Diwali,Banquet,23,3.87,0,235.8
Sunday,Sunny,71,72,No,Buffet,4,3.61,0,0.0
Sunday,Rainy,110,248,No,Corporate,10,4.34,0,145.5
Thursday,Rainy,381,75,No,Regular,4,3.69,0,0.0
Friday,Rainy,192,708,No,Banquet,26,4.32,0,536.6
Tuesday,Rainy,24,27,New Year,Buffet,4,4.2,0,1.7
Monday,Sunny,213,245,No,Regular,9,3.32,0,46.6
Friday,Sunny,486,170,No,Banquet,9,4.71,0,0.0
Wednesday,Cloudy,64,229,No,Buffet,11,4.66,0,165.0
Friday,Cloudy,144,69,No,Banquet,7,4.52,0,0.0
Saturday,Rainy,166,177,Christmas,Regular,11,4.53,0,4.2
Monday,Rainy,635,964,No,Buffet,37,3.81,0,415.6
Friday,Cloudy,87,27,No,Buffet,5,4.61,0,0.0
Tuesday,Stormy,876,1400,No,Regular,52,4.44,0,726.8
Sunday,Sunny,404,489,No,Corporate,22,3.24,0,108.3
Tuesday,Stormy,780,921,Christmas,Buffet,36,3.71,0,222.3
Friday,Sunny,581,585,No,Regular,25,3.8,0,0.0
Thursday,Cloudy,355,1036,No,Buffet,38,4.74,1,591.6
Wednesday,Sunny,409,1299,Diwali,Regular,51,3.71,0,844.4
Friday,Cloudy,497,653,No,Corporate,28,3.87,0,198.2
Saturday,Sunny,79,146,No,Corporate,6,3.58,0,70.4
Thursday,Sunny,517,883,No,Buffet,36,3.92,1,272.8
Saturday,Cloudy,60,90,No,Buffet,6,4.55,0,8.4
Sunday,Cloudy,613,486,Diwali,Regular,18,3.52,0,0.0
Wednesday,Sunny,623,620,No,Regular,26,4.32,0,0.0
Thursday,Cloudy,291,1027,No,Corporate,38,3.75,0,776.4
Monday,Sunny,357,613,No,Regular,25,4.91,0,269.0
Saturday,Sunny,934,1400,No,Regular,52,4.17,0,372.8
Thursday,Sunny,110,161,No,Regular,9,4.08,0,47.6
Wednesday,Cloudy,577,620,No,Buffet,27,3.88,0,0.0
Monday,Rainy,105,113,No,Corporate,8,4.21,0,33.0
Sunday,Cloudy,88,110,No,Regular,6,3.5,1,11.9
Wednesday,Rainy,153,280,Diwali,Regular,12,4.16,0,113.4
Friday,Cloudy,273,148,No,Regular,7,3.87,0,0.0
Tuesday,Rainy,150,229,Christmas,Regular,9,3.86,0,85.5
Sunday,Stormy,849,1400,No,Regular,52,4.99,0,717.2
Tuesday,Sunny,246,330,Diwali,Corporate,12,4.71,0,76.8
Tuesday,Sunny,674,845,No,Buffet,33,4.73,0,87.9
Saturday,Sunny,645,740,No,Regular,27,4.48,0,50.1
Sunday,Cloudy,595,481,No,Buffet,22,4.29,0,0.0
Tuesday,Cloudy,792,1052,Christmas,Corporate,39,4.74,0,314.3
Thursday,Sunny,811,950,Diwali,Regular,37,4.26,1,0.0
Saturday,Rainy,92,132,No,Regular,5,4.38,0,37.3
Sunday,Stormy,133,140,No,Corporate,10,4.7,1,43.5
Wednesday,Sunny,439,420,No,Regular,16,4.46,0,0.0
Thursday,Sunny,266,277,No,Corporate,10,4.31,1,7.5
Saturday,Sunny,720,436,No,Corporate,17,4.45,1,0.0
Saturday,Sunny,257,266,No,Banquet,11,4.17,0,0.0
Saturday,Rainy,927,1160,Diwali,Regular,46,4.33,0,270.1
Thursday,Cloudy,310,460,No,Regular,20,4.37,0,151.2
Monday,Sunny,902,1120,No,Corporate,43,3.6,0,362.2
Sunday,Cloudy,81,106,No,Buffet,4,3.81,0,11.7
Sunday,Sunny,354,222,No,Regular,12,4.43,0,0.0
Saturday,Sunny,855,1157,No,Buffet,43,4.18,0,86.2
Monday,Sunny,396,247,No,Regular,12,4.11,0,0.0
Tuesday,Cloudy,753,1233,No,Buffet,49,4.24,0,444.7
Saturday,Cloudy,491,1237,No,Banquet,46,3.29,0,760.4
Monday,Rainy,735,724,No,Buffet,28,4.05,0,37.1
Sunday,Sunny,308,497,No,Buffet,21,4.05,1,87.6
Wednesday,Rainy,798,1311,No,Banquet,49,4.2,0,621.5
Friday,Sunny,364,135,New Year,Buffet,6,4.48,0,0.0
Sunday,Sunny,281,298,Eid,Regular,12,3.97,0,0.0
Wednesday,Rainy,356,543,No,Buffet,23,4.68,0,188.8
Wednesday,Cloudy,237,429,No,Regular,16,3.71,0,186.6
Friday,Sunny,234,302,Christmas,Regular,13,4.41,0,12.3
Friday,Cloudy,81,97,No,Buffet,8,3.9,1,3.0
Wednesday,Cloudy,763,1400,No,Regular,52,4.61,0,684.8
Friday,Stormy,419,660,Christmas,Regular,24,4.21,0,298.3
Sunday,Cloudy,97,179,No,Buffet,9,3.61,0,80.2
Thursday,Sunny,385,125,Diwali,Regular,7,4.16,0,0.0
Tuesday,Cloudy,426,582,Eid,Buffet,21,4.29,0,85.8
Wednesday,Sunny,568,670,No,Regular,26,4.21,0,98.3
Wednesday,Sunny,795,1158,No,Buffet,42,4.26,0,218.8
Monday,Cloudy,404,183,Diwali,Banquet,9,4.03,0,0.0
Tuesday,Rainy,613,871,No,Regular,32,3.89,0,325.1
Friday,Sunny,278,294,No,Corporate,15,3.43,1,0.0
Wednesday,Rainy,424,665,No,Regular,28,4.36,0,303.5
Sunday,Cloudy,227,151,No,Regular,6,4.33,1,0.0
Tuesday,Rainy,64,66,No,Regular,6,4.92,0,3.7
Monday,Sunny,833,1290,Eid,Regular,48,4.1,1,377.0
Saturday,Sunny,153,193,No,Regular,7,4.24,0,28.5
Sunday,Sunny,123,178,No,Corporate,10,4.18,0,46.2
Tuesday,Sunny,228,189,No,Corporate,11,4.48,0,0.0
Tuesday,Sunny,79,84,Christmas,Banquet,4,3.9,0,0.0
Tuesday,Sunny,55,21,No,Banquet,4,4.18,0,0.0
Thursday,Sunny,61,20,No,Regular,5,4.13,0,0.0
Thursday,Sunny,512,538,No,Regular,20,4.43,0,27.3
Tuesday,Rainy,63,48,No,Regular,4,5.0,0,0.0
Monday,Rainy,391,444,No,Buffet,20,4.26,0,47.3
Thursday,Sunny,382,447,Diwali,Corporate,18,3.51,0,54.7
Sunday,Stormy,523,527,No,Regular,19,3.63,0,104.5
Friday,Sunny,765,1191,Diwali,Regular,43,4.56,0,247.6
Thursday,Sunny,854,1138,No,Regular,43,3.42,0,287.7
Monday,Rainy,408,391,No,Banquet,16,4.25,0,23.8
Tuesday,Sunny,421,1050,No,Buffet,40,3.81,0,579.3
Wednesday,Sunny,754,1400,No,Corporate,52,5.0,1,625.4
Saturday,Sunny,149,520,No,Buffet,23,3.61,0,349.2
Sunday,Cloudy,61,86,No,Regular,5,3.84,0,24.5
Sunday,Cloudy,577,276,No,Regular,14,4.45,1,0.0
Sunday,Sunny,46,23,No,Corporate,5,4.02,1,0.0
Sunday,Sunny,227,287,No,Corporate,12,3.82,0,56.9
Sunday,Sunny,109,135,No,Regular,8,3.71,0,16.9
Monday,Cloudy,126,166,No,Regular,8,3.84,1,50.2
Monday,Sunny,639,1400,No,Regular,52,3.74,0,773.1
Wednesday,Rainy,75,131,No,Regular,7,4.11,0,60.8
Thursday,Rainy,425,569,No,Regular,25,4.93,0,154.1
Monday,Sunny,315,431,No,Regular,18,4.99,0,107.7
Saturday,Rainy,455,1400,No,Buffet,51,4.98,1,901.8
Friday,Sunny,700,1098,No,Corporate,44,4.07,0,387.6
Thursday,Sunny,158,496,No,Corporate,18,4.42,0,335.7
Tuesday,Sunny,415,523,Eid,Corporate,22,4.17,1,94.0
Tuesday,Cloudy,392,36,No,Banquet,5,3.78,0,0.0
Tuesday,Rainy,74,96,No,Banquet,6,3.36,0,23.8
Saturday,Stormy,321,327,No,Regular,12,3.38,0,76.3
Friday,Sunny,605,50,No,Regular,4,4.19,0,0.0
Saturday,Sunny,934,938,No,Regular,37,3.55,0,0.0
Wednesday,Cloudy,99,180,New Year,Banquet,11,3.79,0,59.3
Wednesday,Sunny,704,718,No,Regular,28,4.27,1,0.0
Wednesday,Sunny,902,233,No,Regular,11,3.14,0,0.0
Saturday,Stormy,547,521,Eid,Buffet,20,4.74,1,0.0
Saturday,Rainy,710,749,Christmas,Buffet,29,4.14,0,0.0
Tuesday,Stormy,884,1007,No,Buffet,39,3.96,1,237.4
Sunday,Sunny,105,79,No,Corporate,7,3.85,0,0.0
Monday,Sunny,455,1340,Diwali,Buffet,50,4.32,0,811.3
Sunday,Sunny,627,1145,No,Corporate,41,3.71,0,573.3
Monday,Stormy,244,742,No,Regular,27,4.67,0,580.3
Tuesday,Sunny,280,443,Diwali,Corporate,18,4.48,1,112.3
Saturday,Sunny,281,347,No,Buffet,17,3.82,1,0.0
Tuesday,Sunny,34,61,No,Regular,5,4.04,0,27.9
Wednesday,Rainy,875,331,No,Banquet,13,4.63,0,0.0
Thursday,Rainy,319,489,No,Banquet,22,4.29,0,181.0
Tuesday,Cloudy,250,334,No,Corporate,13,4.02,0,130.5
Friday,Sunny,140,177,No,Banquet,7,3.81,1,11.3
Saturday,Cloudy,841,77,No,Regular,6,4.07,0,0.0
Sunday,Sunny,388,458,Christmas,Regular,17,3.95,1,0.0
Wednesday,Sunny,769,811,No,Regular,31,4.25,1,0.0
Thursday,Sunny,185,51,No,Corporate,4,3.99,0,0.0
Tuesday,Cloudy,520,838,Diwali,Corporate,31,3.71,0,309.3
Tuesday,Sunny,162,219,No,Banquet,9,4.58,0,35.6
Tuesday,Stormy,906,1259,No,Corporate,47,4.35,1,567.4
Sunday,Cloudy,201,209,No,Buffet,12,3.7,0,0.0
Sunday,Sunny,68,105,No,Regular,7,3.87,0,31.6
Saturday,Cloudy,306,444,No,Regular,16,4.42,0,141.9
Thursday,Cloudy,715,1373,No,Buffet,50,3.77,0,586.8
Thursday,Sunny,155,106,No,Corporate,5,4.05,0,0.0
Thursday,Cloudy,372,469,No,Regular,21,4.0,1,62.9
Thursday,Sunny,97,129,No,Banquet,7,3.82,0,33.4
Thursday,Sunny,777,813,No,Buffet,31,3.67,0,0.0
Monday,Cloudy,219,286,No,Regular,12,4.1,0,97.7
Monday,Cloudy,415,483,No,Banquet,18,3.73,1,33.1
Sunday,Sunny,443,575,No,Buffet,23,3.87,0,43.1
Thursday,Sunny,448,511,No,Corporate,19,4.48,0,87.1
Sunday,Cloudy,338,541,No,Regular,22,3.82,0,191.2
Tuesday,Sunny,26,38,Christmas,Regular,6,4.31,0,5.8
Thursday,Rainy,810,919,Diwali,Regular,33,4.52,0,146.4
Tuesday,Cloudy,336,426,No,Buffet,16,4.08,0,47.2
Tuesday,Rainy,287,428,No,Corporate,16,4.33,1,173.1
Monday,Sunny,197,191,No,Banquet,10,3.76,0,0.0
Monday,Rainy,234,322,Christmas,Banquet,12,4.43,0,76.9
Sunday,Sunny,238,246,No,Regular,9,4.39,0,0.0
Wednesday,Sunny,357,416,No,Banquet,15,4.73,0,19.6
Friday,Sunny,721,1400,Christmas,Regular,52,4.61,0,457.9
Thursday,Sunny,100,106,No,Regular,4,4.23,0,5.3
Wednesday,Rainy,572,165,No,Corporate,10,5.0,0,0.0
Thursday,Cloudy,770,566,No,Banquet,23,4.49,0,0.0
Tuesday,Cloudy,770,1286,Diwali,Banquet,47,4.65,0,424.5
Sunday,Cloudy,33,81,No,Corporate,7,3.93,0,49.8
Saturday,Cloudy,157,160,No,Regular,6,3.97,0,14.7
Saturday,Cloudy,539,553,No,Regular,20,4.15,0,0.0
Thursday,Rainy,590,590,No,Regular,22,3.7,0,57.7
Tuesday,Cloudy,24,48,New Year,Buffet,4,4.14,0,16.1
Sunday,Rainy,598,622,No,Buffet,27,4.1,0,51.6
Wednesday,Sunny,663,629,No,Regular,25,4.58,1,0.0
Monday,Stormy,752,1014,Diwali,Buffet,40,4.61,0,256.0
Wednesday,Sunny,491,1391,No,Buffet,51,4.17,1,798.4
Saturday,Sunny,192,270,No,Corporate,14,3.96,0,81.1
Friday,Rainy,776,953,New Year,Regular,39,4.87,0,105.2
Saturday,Sunny,272,188,No,Regular,9,3.48,0,0.0
Saturday,Sunny,551,1400,No,Buffet,52,3.47,0,761.8
Tuesday,Sunny,267,253,No,Buffet,14,4.32,1,0.0
Sunday,Sunny,145,220,No,Regular,10,4.09,0,54.7
Thursday,Stormy,887,1146,No,Regular,45,3.99,0,451.6
Friday,Rainy,447,32,No,Banquet,4,3.35,0,0.0
Monday,Cloudy,36,69,No,Corporate,4,3.75,0,32.0
Sunday,Stormy,865,967,No,Regular,35,4.74,0,282.7
Wednesday,Cloudy,542,142,No,Buffet,6,4.67,1,0.0
Monday,Rainy,577,762,New Year,Buffet,32,4.45,0,159.9
Thursday,Sunny,370,371,New Year,Regular,15,3.78,0,0.0
Monday,Cloudy,479,695,Diwali,Regular,27,3.98,0,232.0
Tuesday,Sunny,117,107,No,Banquet,6,3.95,0,0.0
Friday,Sunny,90,45,No,Buffet,4,3.84,1,0.0
Wednesday,Cloudy,469,481,No,Regular,21,3.89,0,31.9
Sunday,Sunny,426,380,No,Corporate,14,4.08,1,0.0
Wednesday,Cloudy,202,177,Eid,Buffet,11,3.5,0,0.0
Saturday,Cloudy,51,75,No,Buffet,5,4.62,0,12.7
Thursday,Sunny,879,1400,No,Regular,52,4.06,0,478.7
Friday,Sunny,689,1400,No,Regular,52,3.91,1,600.9
Friday,Cloudy,68,132,No,Regular,5,3.46,0,68.4
Thursday,Rainy,700,691,Eid,Banquet,29,4.45,0,0.0
Sunday,Sunny,358,558,No,Buffet,24,3.68,0,136.5
Wednesday,Stormy,360,980,No,Corporate,38,4.32,0,733.5
Tuesday,Rainy,256,326,No,Regular,16,3.75,1,73.4
Friday,Cloudy,719,824,No,Corporate,31,4.17,1,120.9
Saturday,Sunny,38,81,No,Buffet,4,3.58,0,37.3
Monday,Cloudy,164,211,No,Buffet,11,4.05,0,33.9
Thursday,Rainy,162,479,Diwali,Regular,22,4.09,0,313.5
Sunday,Sunny,99,101,Christmas,Buffet,5,4.19,0,0.0
Saturday,Stormy,285,342,No,Regular,14,4.49,0,122.8
Sunday,Rainy,408,169,Diwali,Regular,8,4.34,0,0.0
Thursday,Cloudy,947,1067,No,Corporate,41,4.78,0,183.3
Friday,Cloudy,209,229,No,Regular,12,3.52,1,24.9
Wednesday,Cloudy,129,123,No,Regular,8,5.0,0,0.0
Sunday,Rainy,572,1400,Diwali,Banquet,51,4.51,0,768.5
Wednesday,Rainy,485,650,No,Regular,24,3.93,0,230.2
Saturday,Sunny,924,1348,No,Buffet,52,4.54,1,164.1
Wednesday,Sunny,251,61,No,Corporate,6,4.86,1,0.0
Thursday,Sunny,70,133,Diwali,Corporate,7,4.59,0,59.9
Friday,Rainy,609,714,No,Regular,28,3.71,0,147.2
Thursday,Sunny,905,1048,No,Buffet,38,4.14,0,0.0
Sunday,Rainy,392,687,No,Buffet,27,4.44,1,245.0
Wednesday,Cloudy,168,174,No,Regular,8,4.11,0,14.0
Friday,Sunny,718,1146,No,Corporate,44,4.3,0,483.3
Wednesday,Rainy,142,227,No,Banquet,13,4.33,1,85.5
Wednesday,Cloudy,842,579,Eid,Regular,21,3.71,0,0.0
Thursday,Sunny,42,77,No,Regular,7,4.65,0,34.6
Monday,Sunny,143,73,No,Corporate,4,4.16,0,0.0
Monday,Sunny,124,164,No,Buffet,6,4.1,0,23.2
Friday,Sunny,163,172,No,Corporate,7,3.74,0,17.3
Friday,Sunny,549,1307,No,Regular,47,4.02,0,700.2
Friday,Cloudy,328,148,No,Regular,6,4.51,0,0.0
Monday,Sunny,28,49,No,Buffet,5,4.22,0,19.2
Wednesday,Sunny,130,163,New Year,Banquet,8,4.42,0,0.0
Tuesday,Sunny,199,357,No,Regular,15,4.11,0,146.2
Saturday,Sunny,373,405,No,Corporate,18,4.16,0,28.6
Sunday,Stormy,288,291,Eid,Regular,12,3.43,0,42.8
Tuesday,Sunny,28,36,No,Regular,4,4.28,0,3.9
Friday,Sunny,665,696,No,Buffet,26,4.04,0,0.0
Monday,Cloudy,231,327,New Year,Regular,15,4.25,0,95.9
Tuesday,Rainy,585,801,No,Buffet,29,3.22,0,282.2
Monday,Rainy,497,487,No,Regular,22,5.0,0,51.6
Wednesday,Rainy,289,680,No,Buffet,25,4.15,0,397.1
Friday,Stormy,146,325,Christmas,Regular,12,4.31,0,179.8
Sunday,Cloudy,759,921,No,Corporate,34,4.28,1,133.8
Tuesday,Stormy,108,140,Diwali,Banquet,6,3.99,0,44.8
Thursday,Sunny,180,247,No,Regular,11,4.3,0,55.4
Friday,Rainy,200,672,No,Regular,26,4.62,1,473.0
Sunday,Rainy,262,353,Eid,Banquet,15,4.19,0,79.1
Friday,Rainy,325,80,New Year,Regular,6,4.48,1,0.0
Tuesday,Cloudy,511,762,No,Corporate,29,4.44,0,320.5
Friday,Rainy,46,23,No,Buffet,4,4.42,0,0.0
Wednesday,Sunny,672,780,No,Banquet,28,4.9,1,0.0
Sunday,Cloudy,728,1143,No,Regular,42,4.27,0,353.4
Wednesday,Sunny,139,182,No,Regular,10,4.09,0,45.1
Friday,Cloudy,60,102,No,Regular,8,4.1,0,44.2
Monday,Cloudy,715,1103,Christmas,Regular,43,4.29,0,336.0
Wednesday,Sunny,344,664,No,Regular,26,3.55,0,319.9
Sunday,Sunny,307,454,No,Banquet,19,4.71,0,89.4
Friday,Sunny,190,59,No,Regular,4,4.02,0,0.0
Thursday,Cloudy,241,349,No,Regular,14,4.08,0,120.9
Sunday,Cloudy,871,1400,No,Regular,52,3.57,1,479.6
Saturday,Rainy,774,896,No,Regular,33,4.17,1,94.0
Wednesday,Sunny,192,238,No,Buffet,10,3.55,0,23.6
Thursday,Rainy,331,417,No,Regular,18,3.41,1,133.8
Thursday,Cloudy,175,223,No,Corporate,12,3.81,1,61.1
Friday,Sunny,422,523,Eid,Corporate,23,4.02,0,45.0
Wednesday,Sunny,326,407,No,Regular,19,3.76,0,93.8
Tuesday,Cloudy,250,296,No,Corporate,14,4.24,0,82.3
Sunday,Sunny,865,605,No,Regular,23,4.64,0,0.0
Sunday,Sunny,35,80,No,Regular,4,4.21,1,43.1
Saturday,Sunny,56,66,Diwali,Banquet,7,3.19,0,0.0
Sunday,Sunny,726,767,No,Banquet,31,4.11,0,0.0
Saturday,Sunny,251,294,Diwali,Regular,14,4.36,1,0.0
Saturday,Sunny,133,505,No,Buffet,21,3.96,0,346.0
Saturday,Rainy,660,1400,New Year,Regular,51,4.25,1,670.4
Thursday,Cloudy,164,174,No,Buffet,9,4.23,1,0.0
Thursday,Sunny,164,198,No,Buffet,12,3.66,0,0.0
Tuesday,Cloudy,632,1400,No,Regular,52,4.63,0,771.2
Friday,Cloudy,381,48,No,Banquet,4,4.0,0,0.0
Wednesday,Sunny,326,27,No,Buffet,4,3.98,0,0.0
Tuesday,Sunny,195,198,No,Regular,8,4.31,1,0.0
Friday,Sunny,406,511,No,Corporate,19,3.45,0,104.9
Wednesday,Cloudy,490,483,No,Corporate,21,4.65,0,32.3
Tuesday,Cloudy,810,1182,No,Regular,47,3.71,0,363.4
Saturday,Sunny,385,452,No,Buffet,18,4.88,0,0.0
Sunday,Cloudy,141,190,No,Corporate,7,4.59,0,52.6
Tuesday,Stormy,460,66,Diwali,Banquet,7,3.7,0,0.0
Monday,Sunny,141,188,No,Regular,11,4.26,0,44.6
Wednesday,Cloudy,915,1222,No,Buffet,46,3.72,1,217.3
Saturday,Cloudy,946,1370,No,Corporate,52,3.66,0,543.1
Saturday,Cloudy,390,44,No,Banquet,5,3.07,0,0.0
Monday,Cloudy,474,31,No,Regular,5,4.39,0,0.0
Saturday,Cloudy,98,150,No,Buffet,9,3.93,0,49.6
Monday,Sunny,343,600,Diwali,Corporate,23,4.45,0,249.2
Wednesday,Sunny,44,50,New Year,Regular,6,4.21,0,4.1
Sunday,Rainy,435,695,No,Regular,25,3.61,0,298.9
Tuesday,Sunny,140,175,No,Buffet,7,4.47,0,17.3
Tuesday,Stormy,424,138,No,Buffet,5,4.34,1,0.0
Thursday,Sunny,88,171,No,Corporate,8,3.92,1,85.0
Friday,Cloudy,136,217,No,Regular,11,4.53,0,73.6
Sunday,Cloudy,267,446,No,Corporate,20,4.01,0,188.7
Sunday,Sunny,605,820,No,Regular,30,3.79,0,196.0
Monday,Rainy,32,20,No,Corporate,4,4.04,0,0.0
Monday,Sunny,172,165,No,Regular,7,3.96,0,1.6
Saturday,Cloudy,691,923,No,Regular,36,3.5,0,219.9
Tuesday,Cloudy,298,305,No,Banquet,15,3.01,0,17.2
Sunday,Rainy,217,349,No,Corporate,13,4.81,0,145.0
Friday,Cloudy,52,101,No,Regular,5,4.6,0,48.2
Monday,Stormy,49,194,Diwali,Regular,10,4.74,0,155.5
Saturday,Rainy,76,235,Eid,Buffet,13,4.5,0,146.1
Tuesday,Sunny,780,1249,Christmas,Banquet,45,3.95,0,344.6
Thursday,Rainy,131,203,Diwali,Regular,10,4.05,0,66.1
Thursday,Stormy,74,137,No,Banquet,8,3.86,0,85.8
Thursday,Sunny,99,94,No,Regular,8,4.35,1,0.0
Friday,Cloudy,912,931,No,Buffet,37,4.32,0,0.0
Friday,Sunny,455,722,No,Regular,29,3.98,0,213.5
Sunday,Cloudy,640,1400,No,Regular,52,4.3,0,718.1
Sunday,Sunny,397,340,No,Banquet,13,4.61,0,0.0
Thursday,Cloudy,851,1020,Christmas,Regular,37,4.12,1,10.0
Monday,Sunny,879,24,No,Banquet,5,3.63,0,0.0
Saturday,Cloudy,463,61,No,Regular,4,4.31,1,0.0
Sunday,Sunny,580,711,Eid,Regular,29,3.61,0,53.2
Wednesday,Cloudy,642,58,No,Banquet,4,3.78,0,0.0
Thursday,Cloudy,83,156,No,Buffet,8,4.24,0,65.4
Thursday,Cloudy,268,323,No,Regular,13,4.38,0,59.2
Monday,Sunny,341,218,Diwali,Buffet,10,4.16,0,0.0
Friday,Sunny,700,935,Diwali,Regular,35,3.69,0,103.0
Wednesday,Sunny,234,201,No,Corporate,11,5.0,0,0.0
Saturday,Stormy,318,929,No,Regular,36,3.9,0,692.1
Saturday,Sunny,160,163,Diwali,Buffet,9,4.31,0,0.0
Saturday,Cloudy,883,942,No,Regular,38,3.87,0,27.9
Wednesday,Sunny,145,190,No,Buffet,9,3.73,1,12.5
Wednesday,Cloudy,273,295,No,Banquet,14,4.14,0,16.8
Saturday,Sunny,150,276,No,Corporate,12,3.93,0,121.0
Saturday,Sunny,919,244,No,Regular,10,4.16,0,0.0
Thursday,Sunny,575,1103,New Year,Regular,43,3.84,0,471.8
Sunday,Sunny,133,219,No,Regular,12,4.18,0,86.5
Tuesday,Sunny,576,584,No,Corporate,22,3.8,0,43.0
Sunday,Sunny,673,703,No,Regular,27,4.57,0,0.0
Monday,Cloudy,42,79,No,Buffet,5,4.25,0,33.8
Tuesday,Stormy,454,538,No,Regular,21,4.07,0,205.5
Thursday,Cloudy,131,134,No,Banquet,5,4.11,0,9.8
Monday,Rainy,121,191,No,Buffet,7,3.96,0,84.6
Monday,Cloudy,526,905,No,Buffet,34,4.17,0,380.2
Monday,Sunny,366,482,No,Banquet,21,4.75,0,105.0
Thursday,Sunny,444,460,No,Banquet,21,3.88,0,0.0
Saturday,Sunny,66,42,Diwali,Buffet,4,4.19,0,0.0
Monday,Sunny,49,33,Christmas,Corporate,4,3.8,0,0.0
Friday,Rainy,419,740,No,Buffet,28,3.08,0,350.5
Saturday,Cloudy,172,362,Eid,Regular,17,4.38,0,164.0
Tuesday,Cloudy,732,346,No,Regular,14,4.57,0,0.0
Tuesday,Cloudy,149,47,Eid,Buffet,4,4.3,0,0.0
Sunday,Sunny,318,102,No,Buffet,8,5.0,0,0.0
Saturday,Cloudy,621,372,No,Regular,14,3.97,0,0.0
Thursday,Sunny,257,823,No,Regular,34,3.74,0,570.2
Saturday,Sunny,192,266,No,Corporate,12,4.62,0,82.0
Monday,Sunny,116,224,No,Regular,11,4.64,1,96.1
Wednesday,Sunny,675,1400,No,Buffet,52,4.58,1,531.5
Saturday,Cloudy,226,294,No,Buffet,15,3.67,0,31.6
Tuesday,Sunny,503,614,No,Regular,22,3.83,0,118.0
Saturday,Sunny,53,53,New Year,Regular,4,3.43,1,0.0
Thursday,Rainy,46,99,No,Regular,4,4.95,0,57.6
Saturday,Stormy,154,56,No,Regular,6,3.73,0,0.0
Thursday,Cloudy,223,410,No,Buffet,18,3.61,0,174.1
Wednesday,Cloudy,97,126,No,Corporate,9,4.08,0,46.6
Tuesday,Rainy,89,360,No,Corporate,16,4.17,0,284.1
Tuesday,Sunny,128,176,No,Regular,9,4.4,0,41.0
Saturday,Sunny,107,300,No,Corporate,14,4.07,0,195.7
Monday,Sunny,126,249,No,Regular,11,3.83,0,130.6
Monday,Sunny,605,791,No,Corporate,33,3.95,0,210.8
Tuesday,Stormy,558,591,No,Regular,22,3.87,0,208.4
Tuesday,Rainy,386,600,Diwali,Buffet,23,4.71,0,155.0
Saturday,Stormy,76,230,Diwali,Buffet,13,4.12,0,155.6
Wednesday,Rainy,241,411,No,Regular,18,4.39,0,185.9
Sunday,Cloudy,601,47,No,Banquet,4,4.03,1,0.0
Monday,Rainy,692,674,Christmas,Regular,28,3.35,0,92.3
Friday,Cloudy,147,187,No,Regular,9,4.81,0,19.5
Thursday,Cloudy,146,152,No,Buffet,9,4.36,0,0.0
Wednesday,Sunny,405,580,No,Buffet,24,4.28,0,94.4
Sunday,Cloudy,254,338,No,Regular,16,3.23,0,94.7
Sunday,Sunny,143,169,Diwali,Regular,9,4.06,0,0.0
Sunday,Cloudy,169,319,Diwali,Regular,15,4.77,1,107.1
Tuesday,Sunny,112,106,No,Corporate,7,4.66,0,0.0
Tuesday,Cloudy,69,20,No,Buffet,4,4.03,0,0.0
Friday,Sunny,606,764,Diwali,Regular,32,4.63,1,0.0
Wednesday,Sunny,844,876,No,Regular,34,4.78,0,0.0
Saturday,Cloudy,40,89,No,Banquet,8,4.06,0,49.1
Thursday,Sunny,704,35,No,Banquet,5,4.67,0,0.0
Thursday,Stormy,398,487,Eid,Regular,18,4.65,0,158.9
Saturday,Sunny,208,295,No,Buffet,13,4.47,0,39.7
Friday,Sunny,93,121,No,Regular,6,4.51,0,10.5
Monday,Sunny,68,49,No,Regular,4,3.75,0,0.0
Monday,Rainy,42,64,No,Corporate,7,4.45,0,34.1
Friday,Cloudy,490,1400,No,Banquet,52,4.07,0,914.5
Thursday,Sunny,597,988,Diwali,Regular,37,3.74,0,309.6
Tuesday,Sunny,61,50,Christmas,Corporate,5,4.76,1,0.0
Wednesday,Rainy,301,325,No,Corporate,15,4.07,0,62.8
Saturday,Stormy,166,169,No,Corporate,7,4.22,0,45.6
Saturday,Sunny,234,73,New Year,Corporate,5,4.18,0,0.0
Thursday,Sunny,782,912,No,Buffet,36,3.47,0,63.5
Wednesday,Sunny,125,208,No,Banquet,12,4.0,0,75.8
Tuesday,Sunny,264,37,No,Regular,4,4.44,0,0.0
Thursday,Rainy,325,446,No,Buffet,17,4.13,0,106.9
Wednesday,Stormy,883,1400,No,Regular,52,3.97,0,737.7
Thursday,Stormy,384,529,No,Corporate,23,4.26,0,257.8
Friday,Rainy,58,81,No,Regular,4,4.57,0,26.7
Monday,Sunny,32,45,No,Regular,4,3.43,0,12.1
Monday,Stormy,262,207,No,Corporate,8,4.08,1,35.9
Tuesday,Sunny,258,337,No,Regular,14,4.13,1,45.5
Sunday,Sunny,475,511,No,Regular,19,4.86,0,0.0
Friday,Cloudy,47,35,No,Regular,4,4.63,0,0.0
Tuesday,Sunny,43,60,Eid,Buffet,6,3.54,0,4.5
Sunday,Rainy,217,264,New Year,Regular,12,4.68,0,30.1
Thursday,Stormy,44,69,No,Regular,4,4.06,1,36.0
Thursday,Rainy,725,878,No,Buffet,32,3.44,1,116.8
Sunday,Rainy,945,999,Eid,Banquet,38,3.56,0,0.0
Monday,Sunny,76,137,No,Corporate,5,4.69,0,67.1
Tuesday,Sunny,407,54,Christmas,Regular,4,4.31,0,0.0
Friday,Rainy,133,81,No,Banquet,7,3.71,1,0.0
Tuesday,Cloudy,661,53,No,Corporate,4,4.78,1,0.0
Friday,Rainy,209,126,No,Corporate,8,4.42,0,0.0
Tuesday,Sunny,242,31,No,Buffet,4,4.01,0,0.0
Monday,Sunny,360,440,Diwali,Regular,19,4.25,0,43.0
Tuesday,Sunny,68,99,No,Buffet,5,3.75,0,23.3
Thursday,Cloudy,185,195,No,Buffet,8,4.96,0,0.0
Tuesday,Rainy,149,264,No,Regular,14,3.62,1,121.0
Monday,Stormy,203,545,New Year,Regular,22,3.58,0,399.4
Sunday,Sunny,133,228,Eid,Regular,12,4.2,0,64.9
Wednesday,Cloudy,709,52,No,Buffet,4,5.0,0,0.0
Wednesday,Sunny,449,537,No,Regular,21,3.53,0,95.7
Monday,Sunny,691,1227,No,Buffet,44,4.46,0,481.0
Wednesday,Sunny,40,82,No,Corporate,4,4.15,0,48.1
Tuesday,Cloudy,947,1204,Diwali,Regular,48,4.29,0,135.0
Friday,Cloudy,184,111,No,Regular,8,4.6,0,0.0
Tuesday,Sunny,201,335,Christmas,Regular,13,3.83,1,82.1
Sunday,Cloudy,825,1069,No,Regular,40,4.01,0,210.2
Sunday,Rainy,413,392,New Year,Corporate,17,3.83,1,2.9
Monday,Sunny,315,552,New Year,Buffet,21,4.71,0,158.6
Monday,Sunny,761,575,No,Corporate,25,4.65,0,0.0
Monday,Cloudy,99,99,Eid,Banquet,6,3.65,0,0.0
Friday,Rainy,123,81,No,Regular,6,4.28,0,0.0
Monday,Rainy,665,888,No,Buffet,35,4.56,0,250.1
Saturday,Sunny,528,566,No,Buffet,21,3.45,1,0.0
Saturday,Cloudy,271,331,No,Buffet,14,4.7,0,0.0
Saturday,Rainy,906,1400,No,Regular,52,4.09,0,552.5
Thursday,Sunny,550,660,No,Regular,27,3.93,0,113.2
Sunday,Sunny,439,712,No,Buffet,28,4.71,0,176.8
Monday,Stormy,113,37,No,Buffet,4,4.59,1,0.0
Wednesday,Sunny,464,71,No,Regular,5,3.55,0,0.0
Wednesday,Cloudy,192,205,No,Regular,12,4.42,0,18.2
Sunday,Rainy,49,20,Christmas,Buffet,5,4.41,0,0.0
Friday,Sunny,827,56,No,Corporate,4,3.2,0,0.0
Saturday,Cloudy,731,1124,No,Buffet,43,4.36,0,279.8
Tuesday,Cloudy,815,832,New Year,Regular,33,3.95,0,0.0
Sunday,Rainy,324,384,No,Regular,17,4.59,0,98.4
Thursday,Rainy,474,599,No,Corporate,23,3.76,1,222.0
Thursday,Rainy,197,441,No,Corporate,17,4.17,0,286.0
Sunday,Sunny,294,344,New Year,Regular,17,3.9,1,0.0
Wednesday,Rainy,218,301,No,Buffet,14,3.85,0,112.0
Wednesday,Stormy,113,51,Diwali,Regular,4,3.2,0,0.0
Friday,Cloudy,915,1400,No,Buffet,52,4.57,0,306.9
Monday,Cloudy,202,254,No,Regular,10,4.61,0,58.6
Wednesday,Sunny,459,315,No,Buffet,15,4.15,0,0.0
Tuesday,Rainy,378,361,Diwali,Banquet,14,4.28,0,0.0
Monday,Sunny,588,749,Eid,Regular,30,3.81,1,121.7
Sunday,Sunny,194,344,Christmas,Regular,17,4.57,0,115.0
Friday,Stormy,88,56,No,Regular,4,4.22,0,0.0
Wednesday,Stormy,545,665,No,Regular,28,4.15,0,257.8
Wednesday,Stormy,667,749,Christmas,Banquet,28,4.74,0,201.9
Thursday,Cloudy,50,126,No,Banquet,6,3.57,0,75.5
Friday,Sunny,758,54,No,Regular,6,3.3,0,0.0
Sunday,Cloudy,531,826,No,Banquet,30,4.31,1,149.1
Sunday,Sunny,45,72,No,Regular,5,4.03,0,20.0
Wednesday,Rainy,865,1070,No,Buffet,39,3.64,0,168.9
Wednesday,Cloudy,68,89,Diwali,Buffet,7,4.19,0,8.1
Thursday,Sunny,773,1002,No,Regular,37,4.27,0,154.1
Thursday,Sunny,55,43,Diwali,Buffet,6,4.49,0,0.0
Thursday,Sunny,269,329,No,Buffet,13,3.66,0,6.9
Friday,Rainy,943,1196,New Year,Regular,44,3.95,0,230.4
Thursday,Cloudy,91,38,No,Banquet,5,4.25,0,0.0
Wednesday,Sunny,629,818,No,Regular,32,4.59,0,139.3
Wednesday,Sunny,73,108,No,Regular,7,4.5,0,42.2
Wednesday,Sunny,35,68,No,Banquet,4,3.91,0,29.6
Monday,Sunny,909,1189,No,Regular,44,4.34,0,274.3
Tuesday,Stormy,673,973,No,Regular,36,3.9,0,500.3
Saturday,Cloudy,548,621,No,Regular,26,3.95,0,69.2
Wednesday,Sunny,878,1122,No,Regular,44,3.99,0,292.9
Tuesday,Rainy,112,109,No,Regular,5,3.85,1,3.9
Thursday,Sunny,261,431,No,Regular,16,4.43,0,167.2
Saturday,Sunny,535,676,No,Buffet,28,4.51,0,0.0
Tuesday,Cloudy,821,1400,No,Buffet,51,3.95,1,517.9
Saturday,Sunny,474,1097,No,Corporate,44,4.19,0,592.4
Sunday,Cloudy,257,407,No,Banquet,16,3.96,0,153.3
Friday,Rainy,190,227,Diwali,Regular,10,3.73,0,17.2
Friday,Stormy,28,52,No,Banquet,4,3.66,0,29.3
Monday,Sunny,593,76,No,Corporate,4,4.85,1,0.0
Sunday,Cloudy,82,106,New Year,Banquet,8,3.81,1,0.0
Wednesday,Sunny,496,640,Christmas,Buffet,25,4.39,0,0.0
Sunday,Cloudy,27,32,No,Regular,5,4.28,1,0.5
Friday,Sunny,802,950,No,Regular,34,3.62,1,58.8
Monday,Cloudy,626,728,No,Banquet,30,4.3,0,125.2
Monday,Sunny,173,213,No,Buffet,11,4.24,1,14.1
Friday,Stormy,537,388,No,Banquet,15,4.11,0,0.0
Thursday,Rainy,492,580,No,Corporate,24,3.94,1,183.5
Monday,Sunny,263,185,No,Regular,7,4.12,1,0.0
Saturday,Rainy,890,876,Christmas,Regular,35,4.32,0,0.0
Saturday,Sunny,126,175,No,Banquet,10,3.76,0,42.8
Thursday,Rainy,393,735,Diwali,Regular,29,4.72,1,278.5
Thursday,Sunny,341,620,Christmas,Buffet,23,4.41,0,216.2
Monday,Sunny,62,126,No,Banquet,7,3.11,0,67.1
Saturday,Cloudy,659,854,No,Regular,34,4.03,0,161.0
Wednesday,Cloudy,233,439,Diwali,Regular,16,5.0,0,185.4
Sunday,Cloudy,32,27,No,Buffet,4,4.27,0,0.0
Wednesday,Cloudy,341,43,No,Corporate,5,3.82,0,0.0
Thursday,Sunny,213,138,No,Buffet,7,4.39,1,0.0
Tuesday,Sunny,791,787,No,Regular,31,3.23,0,0.0
Tuesday,Cloudy,52,204,No,Regular,10,4.23,1,152.0
Saturday,Cloudy,518,585,Christmas,Regular,23,3.91,0,0.0
Thursday,Sunny,94,101,No,Regular,5,4.14,0,2.5
Thursday,Sunny,327,273,New Year,Regular,10,3.56,0,0.0
Sunday,Cloudy,172,168,No,Corporate,10,3.94,0,5.4
Sunday,Cloudy,232,284,Eid,Regular,15,3.02,1,12.5
Saturday,Rainy,172,234,No,Corporate,10,3.86,0,86.2
Tuesday,Sunny,369,479,No,Banquet,19,4.17,1,36.4
Friday,Cloudy,480,1196,Christmas,Buffet,43,4.59,1,505.3
Sunday,Cloudy,165,129,Christmas,Buffet,6,5.0,0,0.0
Wednesday,Sunny,925,720,No,Regular,27,3.78,1,0.0
Monday,Sunny,122,366,Diwali,Buffet,18,4.33,1,209.5
Saturday,Sunny,362,370,No,Regular,18,3.98,0,0.0
Thursday,Rainy,327,175,No,Regular,11,3.99,0,0.0
Thursday,Sunny,780,748,No,Buffet,29,4.16,0,0.0
Sunday,Cloudy,33,20,No,Regular,4,4.05,0,0.0
Friday,Cloudy,61,33,No,Regular,6,4.9,0,0.0
Thursday,Sunny,220,43,No,Buffet,4,3.99,0,0.0
Wednesday,Rainy,393,222,New Year,Buffet,8,3.64,0,0.0
Wednesday,Cloudy,35,55,No,Regular,5,4.2,0,17.9
Monday,Sunny,689,590,Diwali,Regular,22,3.67,0,0.0
Saturday,Rainy,424,529,No,Regular,21,3.97,0,119.5
Saturday,Cloudy,906,1400,No,Buffet,52,4.57,0,304.1
Wednesday,Sunny,685,815,Diwali,Buffet,34,4.02,0,0.0
Wednesday,Cloudy,649,1127,No,Regular,41,4.34,0,459.2
Sunday,Cloudy,626,436,No,Buffet,16,4.03,0,0.0
Monday,Sunny,475,582,New Year,Banquet,22,4.23,1,0.0
Thursday,Stormy,794,931,No,Buffet,36,3.83,1,197.0
Thursday,Cloudy,51,50,No,Buffet,5,4.46,1,0.0
Friday,Cloudy,697,902,No,Buffet,33,3.57,0,170.2
Tuesday,Sunny,177,212,No,Corporate,8,3.78,0,51.1
Friday,Sunny,757,583,No,Banquet,23,4.15,0,0.0
Wednesday,Sunny,213,147,No,Regular,9,4.47,0,0.0
Friday,Cloudy,333,482,No,Regular,19,4.21,0,126.1
Monday,Cloudy,420,519,No,Regular,19,4.34,0,135.5
Thursday,Rainy,219,373,No,Corporate,18,3.61,0,192.0
Thursday,Sunny,275,34,No,Regular,6,3.99,0,0.0
Tuesday,Cloudy,856,897,Christmas,Banquet,35,4.22,0,0.0
Monday,Rainy,60,63,No,Regular,5,4.14,1,12.6
Tuesday,Rainy,795,1126,No,Buffet,42,3.67,0,336.7
Wednesday,Rainy,814,1099,New Year,Regular,42,3.77,0,297.2
Monday,Rainy,775,937,Diwali,Buffet,37,4.06,0,203.0
Sunday,Sunny,856,570,No,Regular,22,4.43,0,0.0
Wednesday,Cloudy,308,379,No,Corporate,17,5.0,1,84.2
Saturday,Stormy,826,1180,No,Buffet,44,3.66,0,475.6
Sunday,Cloudy,381,387,No,Regular,15,4.14,0,0.0
Monday,Sunny,97,102,No,Corporate,5,3.69,0,16.1
Friday,Stormy,33,73,No,Banquet,5,4.11,0,44.4
Sunday,Sunny,99,129,New Year,Corporate,9,3.96,0,25.4
Friday,Sunny,121,124,No,Corporate,8,4.29,0,1.7
Thursday,Sunny,231,385,No,Buffet,15,3.29,0,136.6
Thursday,Cloudy,874,1400,New Year,Banquet,51,3.98,0,417.7
Monday,Sunny,143,511,No,Buffet,20,4.17,0,351.7
Thursday,Cloudy,785,1400,No,Banquet,52,4.21,0,607.7
Sunday,Stormy,502,752,No,Corporate,29,4.26,0,395.0
Sunday,Cloudy,910,1077,No,Regular,40,4.19,0,166.3
Monday,Cloudy,607,790,No,Regular,30,4.65,0,217.3
Friday,Rainy,824,1059,No,Corporate,38,4.68,0,313.4
Wednesday,Rainy,86,115,Diwali,Buffet,6,4.03,1,27.2
Sunday,Sunny,254,323,No,Buffet,16,3.9,0,0.0
Monday,Sunny,198,169,Eid,Banquet,8,4.2,1,0.0
Sunday,Cloudy,224,402,No,Buffet,15,4.46,0,135.9
Saturday,Rainy,475,591,No,Regular,22,4.14,0,154.7
Monday,Cloudy,413,732,No,Buffet,27,3.66,0,326.6
Monday,Sunny,795,1400,No,Regular,52,4.52,0,617.2
Saturday,Rainy,472,632,No,Buffet,26,4.29,0,157.9
Tuesday,Cloudy,798,950,No,Banquet,34,4.86,0,110.6
Thursday,Cloudy,83,83,No,Regular,4,3.81,1,0.0
Sunday,Rainy,479,602,No,Corporate,22,4.22,1,141.6
Thursday,Rainy,323,443,No,Corporate,16,4.3,0,157.9
Wednesday,Cloudy,701,1204,No,Regular,47,4.03,0,524.4
Thursday,Cloudy,210,354,No,Corporate,14,3.72,0,165.0
Monday,Cloudy,104,283,Christmas,Corporate,13,4.24,0,180.3
Sunday,Cloudy,704,831,No,Buffet,33,3.94,0,55.7
Wednesday,Cloudy,426,828,No,Regular,31,4.13,0,407.7
Tuesday,Cloudy,553,724,No,Regular,30,4.14,0,167.1
Wednesday,Cloudy,150,165,No,Buffet,8,3.68,0,0.0
Sunday,Cloudy,27,49,Diwali,Regular,4,3.94,1,13.4
Monday,Sunny,496,582,Christmas,Regular,23,3.95,0,32.1
Sunday,Cloudy,221,523,No,Banquet,20,4.15,1,294.5
Friday,Cloudy,611,831,Christmas,Corporate,31,4.32,1,74.7
Saturday,Sunny,419,556,No,Corporate,23,4.25,0,141.6
Sunday,Sunny,43,90,Christmas,Banquet,8,4.49,0,35.2
Saturday,Sunny,289,356,Eid,Regular,15,4.19,0,4.8
Sunday,Stormy,475,733,No,Regular,31,4.96,0,330.3
Monday,Rainy,229,804,Diwali,Buffet,30,4.28,1,580.8
Saturday,Cloudy,380,482,No,Regular,19,3.56,0,92.3
Thursday,Sunny,180,220,No,Regular,12,3.96,0,36.7
Thursday,Cloudy,476,482,No,Corporate,19,5.0,0,22.2
Sunday,Cloudy,299,645,No,Regular,24,3.56,0,351.4
Sunday,Stormy,49,23,No,Buffet,4,4.32,0,0.0
Friday,Sunny,530,1270,No,Buffet,46,5.0,1,529.5
Thursday,Sunny,909,1400,No,Buffet,51,3.61,0,454.0
Thursday,Cloudy,925,880,No,Regular,35,4.79,0,12.1
Wednesday,Sunny,549,159,No,Regular,7,4.79,1,0.0
Wednesday,Cloudy,323,267,No,Banquet,10,4.01,0,0.0
Wednesday,Rainy,882,1046,No,Banquet,39,3.34,1,188.3
Monday,Sunny,411,320,No,Buffet,16,4.38,0,0.0
Monday,Sunny,231,206,No,Regular,9,4.09,0,0.0
Saturday,Cloudy,807,1400,No,Buffet,52,4.05,0,463.2
Thursday,Rainy,644,216,No,Regular,8,4.41,0,0.0
Sunday,Cloudy,411,324,No,Regular,13,4.13,0,0.0
Friday,Sunny,572,1093,No,Regular,42,3.46,0,489.9
Monday,Cloudy,191,265,No,Regular,11,4.08,0,85.4
Tuesday,Sunny,306,455,No,Regular,20,4.28,0,123.9
Tuesday,Rainy,788,1400,No,Regular,52,4.34,0,731.7
Sunday,Cloudy,268,494,New Year,Corporate,21,4.67,0,208.9
Tuesday,Sunny,513,69,No,Buffet,7,3.31,1,0.0
Thursday,Rainy,567,713,No,Regular,30,4.55,0,189.8
Sunday,Cloudy,44,62,No,Regular,7,3.97,0,12.6
Sunday,Sunny,548,735,No,Corporate,27,4.21,1,128.2
Tuesday,Cloudy,88,123,No,Regular,6,4.49,0,32.5
Monday,Stormy,561,915,No,Regular,33,3.81,1,478.1
Tuesday,Cloudy,504,482,No,Buffet,21,3.97,0,0.0
Monday,Sunny,651,762,No,Buffet,30,4.37,0,78.0
Tuesday,Cloudy,861,351,No,Corporate,13,3.88,0,0.0
Thursday,Sunny,307,84,No,Regular,6,4.27,0,0.0
Sunday,Cloudy,352,415,Diwali,Regular,17,3.68,0,31.5
Thursday,Cloudy,362,383,No,Regular,15,4.64,0,28.0
Friday,Sunny,223,88,No,Buffet,5,4.44,0,0.0
Tuesday,Sunny,477,656,No,Regular,25,3.81,0,183.4
Saturday,Stormy,382,134,No,Regular,7,4.59,0,0.0
Friday,Sunny,203,332,No,Regular,12,4.3,0,119.0
Sunday,Rainy,627,271,No,Banquet,12,3.73,0,0.0
Sunday,Cloudy,205,264,No,Regular,12,4.42,0,60.9
Wednesday,Cloudy,612,517,No,Regular,21,4.43,0,0.0
Monday,Sunny,292,361,No,Banquet,15,3.46,0,90.5
Tuesday,Sunny,941,1400,Diwali,Corporate,52,3.11,0,458.4
Thursday,Sunny,717,904,No,Buffet,36,3.96,0,51.7
Sunday,Cloudy,491,626,No,Buffet,25,3.82,0,62.3
Wednesday,Stormy,467,316,New Year,Regular,15,4.39,1,0.0
Saturday,Rainy,511,494,No,Corporate,18,3.85,1,59.8
Thursday,Sunny,765,810,No,Regular,30,3.87,0,12.4
Tuesday,Sunny,235,289,No,Banquet,12,4.89,0,40.1
Wednesday,Sunny,747,1398,Christmas,Regular,52,4.66,0,568.5
Friday,Stormy,692,744,No,Buffet,29,3.49,0,173.3
Friday,Sunny,343,361,No,Buffet,13,4.69,0,0.0
Thursday,Sunny,266,371,New Year,Regular,16,4.79,0,63.3
Tuesday,Cloudy,885,1288,No,Regular,50,4.07,0,396.2
Saturday,Cloudy,26,57,No,Corporate,7,3.96,1,28.3
Tuesday,Sunny,807,962,Diwali,Regular,38,3.33,0,78.0
Sunday,Cloudy,30,51,Eid,Banquet,6,3.56,0,18.8
Tuesday,Sunny,428,635,No,Regular,24,4.08,0,189.8
Monday,Sunny,410,561,No,Buffet,23,3.93,0,111.0
Thursday,Sunny,512,62,No,Buffet,4,3.98,0,0.0
Thursday,Sunny,107,136,Christmas,Buffet,7,4.28,0,0.0
Thursday,Stormy,312,435,No,Buffet,16,4.87,0,182.6
Thursday,Cloudy,273,374,No,Corporate,15,3.88,0,113.3
Sunday,Rainy,41,25,No,Buffet,4,3.88,0,0.0
Thursday,Sunny,668,871,No,Buffet,33,4.07,0,157.8
Thursday,Cloudy,63,90,No,Buffet,5,4.02,0,22.8
Thursday,Stormy,22,35,No,Regular,4,4.84,0,20.3
Monday,Sunny,120,149,No,Regular,10,4.05,1,25.2
Friday,Stormy,473,573,No,Regular,21,4.51,0,213.4
Tuesday,Cloudy,297,299,No,Buffet,14,5.0,1,0.0
Friday,Rainy,462,372,No,Banquet,18,4.86,0,0.0
Monday,Sunny,750,979,No,Regular,35,4.05,0,244.7
Sunday,Cloudy,139,139,No,Buffet,6,3.93,0,0.0
Thursday,Cloudy,110,61,No,Regular,4,3.73,0,0.0
Sunday,Stormy,161,134,No,Buffet,9,4.17,0,0.0
Thursday,Rainy,798,53,No,Corporate,4,3.47,0,0.0
Monday,Sunny,76,103,No,Corporate,8,5.0,0,29.7
Saturday,Stormy,671,656,No,Corporate,27,3.9,0,222.6
Friday,Rainy,701,787,New Year,Corporate,29,4.15,0,144.7
Saturday,Cloudy,72,59,No,Regular,7,4.24,0,0.0
Thursday,Sunny,307,954,No,Buffet,38,3.63,0,630.3
Friday,Sunny,598,1029,No,Regular,40,4.55,0,372.7
Saturday,Sunny,771,774,No,Banquet,29,4.33,0,0.0
Friday,Sunny,25,68,New Year,Corporate,4,4.02,0,43.9
Wednesday,Stormy,341,664,No,Regular,27,4.29,0,415.5
Friday,Sunny,606,1016,Diwali,Regular,37,4.1,0,280.1
Friday,Cloudy,152,135,New Year,Buffet,7,4.12,0,0.0
Sunday,Cloudy,172,144,Diwali,Banquet,10,3.85,0,0.0
Wednesday,Cloudy,349,395,No,Regular,19,4.18,0,59.6
Thursday,Sunny,720,562,Eid,Buffet,21,4.31,0,0.0
Saturday,Cloudy,412,507,No,Regular,22,3.78,0,68.1
Thursday,Cloudy,222,711,No,Buffet,29,4.25,0,490.0
Saturday,Cloudy,465,472,No,Buffet,21,3.32,0,0.0
Thursday,Sunny,53,120,Christmas,Regular,6,4.65,0,56.4
Tuesday,Cloudy,235,275,Diwali,Corporate,14,3.62,0,66.0
Saturday,Sunny,80,116,No,Regular,6,3.41,0,33.5
Monday,Cloudy,168,45,Eid,Corporate,4,3.92,0,0.0
Tuesday,Sunny,301,184,No,Regular,7,4.23,0,0.0
Friday,Sunny,867,66,No,Buffet,6,4.01,0,0.0
Saturday,Rainy,913,1400,No,Regular,51,4.47,0,516.5
Sunday,Sunny,189,231,No,Buffet,10,4.03,0,0.0
Tuesday,Stormy,308,389,No,Regular,14,4.05,0,167.0
Monday,Rainy,163,167,Eid,Buffet,8,4.08,0,0.0
Sunday,Sunny,452,462,New Year,Regular,19,4.86,0,0.0
Tuesday,Sunny,26,23,No,Regular,4,3.97,0,0.0
Tuesday,Sunny,136,196,No,Corporate,10,5.0,0,57.8
Wednesday,Rainy,710,24,No,Buffet,4,4.98,0,0.0
Thursday,Cloudy,594,746,No,Buffet,29,3.65,0,82.9
Sunday,Sunny,375,190,No,Buffet,7,4.53,0,0.0
Saturday,Cloudy,101,169,No,Regular,7,3.89,0,66.7
Friday,Sunny,44,99,No,Corporate,4,4.21,0,59.8
Tuesday,Cloudy,135,250,No,Regular,13,3.47,0,122.0
Wednesday,Cloudy,521,1400,Christmas,Banquet,52,4.11,0,814.7
Thursday,Sunny,161,46,No,Corporate,4,5.0,0,0.0
Tuesday,Rainy,881,1183,No,Regular,44,3.82,1,304.6
Tuesday,Sunny,473,629,No,Regular,27,4.47,1,107.5
Wednesday,Cloudy,254,612,No,Buffet,26,4.21,0,343.1
Monday,Cloudy,327,323,No,Corporate,13,3.94,0,66.2
Thursday,Stormy,51,20,No,Regular,4,4.67,0,0.0
Friday,Cloudy,372,367,No,Regular,16,3.97,0,0.0
Monday,Rainy,684,364,No,Regular,15,4.15,0,0.0
Thursday,Sunny,106,112,No,Corporate,8,4.26,0,5.5
Saturday,Rainy,148,283,No,Buffet,14,4.67,0,132.3
Saturday,Sunny,292,50,No,Regular,5,4.0,0,0.0
Saturday,Cloudy,585,908,No,Buffet,37,5.0,1,189.9
Thursday,Sunny,868,1008,Eid,Corporate,39,3.41,0,102.6
Saturday,Stormy,67,121,No,Banquet,8,3.91,1,61.6
Tuesday,Stormy,717,807,Diwali,Regular,31,4.68,0,182.0
Wednesday,Sunny,811,1076,No,Regular,40,3.92,0,258.5
Tuesday,Cloudy,529,743,No,Regular,29,4.23,0,224.7
Thursday,Cloudy,131,172,No,Buffet,10,3.76,0,27.7
Wednesday,Sunny,930,989,No,Regular,36,3.56,1,0.0
Tuesday,Cloudy,642,1134,No,Regular,43,3.94,0,491.3
Saturday,Cloudy,368,495,No,Corporate,18,4.48,0,174.8
Wednesday,Cloudy,141,172,No,Buffet,8,3.91,0,18.8
Tuesday,Sunny,91,81,No,Regular,6,4.12,1,0.0
Monday,Rainy,206,71,No,Regular,4,3.95,0,0.0
Thursday,Sunny,848,895,No,Regular,35,4.45,0,0.8
Wednesday,Cloudy,634,861,No,Regular,33,3.49,0,268.6
Wednesday,Sunny,577,44,No,Regular,4,4.11,0,0.0
Tuesday,Sunny,262,702,No,Regular,28,4.01,1,411.6
Saturday,Sunny,685,54,No,Regular,5,3.78,0,0.0
Sunday,Sunny,531,729,No,Banquet,29,4.67,0,63.4
Thursday,Cloudy,105,46,No,Banquet,6,3.43,0,0.0
Friday,Cloudy,44,151,No,Regular,7,4.31,0,107.9
Sunday,Cloudy,729,866,No,Buffet,33,4.35,0,0.0
Sunday,Cloudy,388,596,No,Regular,23,4.0,0,210.5
Friday,Sunny,130,161,No,Corporate,10,4.98,0,25.1
Sunday,Sunny,709,767,No,Corporate,32,4.34,0,34.9
Sunday,Cloudy,213,313,No,Buffet,13,3.86,0,60.0
Saturday,Cloudy,261,318,No,Buffet,12,4.42,1,0.0
Thursday,Cloudy,535,71,No,Regular,4,3.96,0,0.0
Monday,Sunny,48,69,No,Regular,4,3.99,0,24.3
Monday,Rainy,58,157,No,Buffet,6,4.63,0,105.7
Thursday,Sunny,247,305,No,Regular,11,4.39,0,49.4
Thursday,Cloudy,701,383,No,Buffet,14,4.61,0,0.0
Wednesday,Sunny,194,401,Diwali,Buffet,18,3.12,1,130.0
Thursday,Cloudy,463,549,No,Regular,24,4.31,0,77.6
Thursday,Sunny,495,879,No,Buffet,32,4.8,1,257.9
Saturday,Cloudy,757,855,Eid,Corporate,34,3.69,0,95.2
Monday,Sunny,243,187,No,Buffet,9,4.24,0,0.0
Tuesday,Cloudy,449,796,No,Buffet,29,4.07,1,275.3
Saturday,Sunny,323,648,No,Corporate,27,4.47,0,325.8
Saturday,Cloudy,234,401,No,Regular,18,3.94,0,163.0
Sunday,Sunny,132,53,Christmas,Buffet,6,4.5,0,0.0
Sunday,Sunny,47,68,Eid,Regular,4,4.04,0,18.2
Sunday,Cloudy,747,1124,No,Regular,41,5.0,0,322.4
Wednesday,Sunny,533,1336,No,Banquet,50,4.32,0,777.2
Wednesday,Sunny,480,198,No,Regular,11,5.0,0,0.0
Tuesday,Rainy,803,1400,No,Regular,52,4.44,0,654.1
Friday,Rainy,196,319,No,Regular,15,4.01,0,131.6
Sunday,Rainy,650,933,Christmas,Banquet,35,4.19,0,253.5
Wednesday,Sunny,615,1400,No,Corporate,52,4.33,1,776.3
Thursday,Cloudy,192,202,Eid,Regular,11,3.2,0,0.0
Wednesday,Rainy,294,232,No,Buffet,12,4.57,0,0.0
Tuesday,Sunny,455,201,No,Regular,8,4.24,0,0.0
Tuesday,Cloudy,885,1400,Eid,Buffet,52,4.4,0,235.1
Monday,Sunny,255,373,No,Buffet,15,4.43,0,95.0
Sunday,Rainy,411,655,No,Regular,26,3.62,0,315.4
Wednesday,Cloudy,108,137,No,Buffet,6,4.2,0,19.7
Saturday,Cloudy,456,68,No,Banquet,4,4.17,0,0.0
Friday,Cloudy,320,341,No,Regular,17,3.64,0,13.9
Tuesday,Sunny,945,1400,No,Regular,52,4.78,1,291.0
Tuesday,Sunny,195,262,Eid,Banquet,10,4.95,0,6.9
Saturday,Cloudy,483,714,No,Regular,27,4.0,0,232.9
Tuesday,Cloudy,67,71,Diwali,Buffet,4,4.38,0,0.0
Sunday,Cloudy,433,713,Diwali,Buffet,29,4.14,0,210.4
Tuesday,Sunny,177,120,No,Regular,5,4.01,1,0.0
Friday,Cloudy,354,559,No,Regular,21,3.98,0,197.8
Saturday,Sunny,450,531,No,Regular,21,3.63,0,64.3
Tuesday,Sunny,552,1400,No,Regular,51,4.32,0,820.0
Tuesday,Stormy,349,497,No,Buffet,19,3.89,0,217.3
Sunday,Cloudy,65,95,No,Corporate,6,4.41,1,24.5
Tuesday,Cloudy,723,748,New Year,Regular,27,3.97,0,0.0
Thursday,Stormy,139,314,New Year,Buffet,14,3.66,1,176.3
Thursday,Sunny,620,43,No,Regular,4,3.87,0,0.0
Tuesday,Stormy,220,449,Diwali,Regular,21,4.3,0,255.5
Saturday,Cloudy,23,98,No,Buffet,6,4.01,0,74.2
Saturday,Cloudy,822,1214,Eid,Regular,46,3.76,0,326.8
Wednesday,Sunny,478,498,No,Buffet,19,4.83,1,0.0
Saturday,Sunny,774,1400,Christmas,Regular,51,3.58,0,503.6
Tuesday,Sunny,274,274,New Year,Buffet,14,4.7,0,0.0
Monday,Sunny,151,36,No,Banquet,4,4.62,0,0.0
Friday,Sunny,193,291,New Year,Regular,11,4.52,0,71.2
Sunday,Cloudy,311,377,No,Banquet,14,4.47,0,40.5
Monday,Cloudy,684,730,No,Regular,30,3.83,0,84.0
Tuesday,Sunny,118,144,No,Regular,7,3.92,0,23.8
Thursday,Cloudy,324,438,No,Regular,18,4.96,0,110.2
Saturday,Stormy,368,385,No,Corporate,14,4.59,0,103.7
Monday,Rainy,210,253,No,Buffet,11,4.36,0,60.6
Wednesday,Rainy,37,50,No,Banquet,4,3.91,0,18.9
Saturday,Cloudy,185,240,No,Buffet,12,3.78,0,39.9
Wednesday,Sunny,240,361,No,Regular,16,3.67,0,115.2
Tuesday,Sunny,837,1400,Diwali,Banquet,51,3.86,1,244.3
Tuesday,Stormy,808,866,No,Banquet,35,4.04,0,199.5
Wednesday,Cloudy,124,199,No,Corporate,12,4.23,0,90.1
Thursday,Rainy,170,259,No,Buffet,10,4.66,1,84.9
Sunday,Stormy,171,274,Eid,Corporate,14,5.0,0,143.3
Friday,Sunny,374,78,No,Regular,7,4.79,0,0.0
Friday,Sunny,257,373,Diwali,Banquet,17,3.63,0,64.2
Sunday,Cloudy,115,184,No,Banquet,11,3.84,1,61.2
Wednesday,Sunny,206,672,Eid,Buffet,29,3.76,0,400.9
Wednesday,Cloudy,101,188,No,Regular,8,4.62,0,80.7
Sunday,Rainy,104,107,No,Regular,8,4.49,0,16.3
Tuesday,Cloudy,918,246,No,Banquet,9,3.96,0,0.0
Saturday,Sunny,943,1191,No,Corporate,44,4.12,0,290.0
Saturday,Cloudy,208,115,No,Corporate,8,4.26,0,0.0
Monday,Sunny,22,20,No,Banquet,5,4.4,0,0.0
Thursday,Rainy,430,745,No,Buffet,28,4.69,0,330.4
Tuesday,Sunny,390,505,No,Banquet,22,4.26,0,83.3
Tuesday,Rainy,687,1063,No,Regular,41,4.09,0,445.8
Thursday,Cloudy,570,1400,No,Regular,52,4.35,1,789.0
Wednesday,Sunny,166,164,No,Buffet,10,4.08,0,0.0
Saturday,Cloudy,374,48,No,Regular,4,4.34,0,0.0
Sunday,Sunny,67,90,No,Regular,6,4.09,0,18.8
Saturday,Sunny,916,274,No,Corporate,12,4.67,0,0.0
Tuesday,Rainy,366,499,No,Regular,20,4.71,0,190.6
Tuesday,Rainy,697,1236,Diwali,Corporate,47,4.09,1,567.5
Tuesday,Sunny,900,65,No,Regular,7,5.0,0,0.0
Monday,Cloudy,115,190,No,Corporate,9,4.26,0,95.3
Sunday,Rainy,814,784,No,Regular,30,4.35,0,39.4
Wednesday,Rainy,736,1400,No,Corporate,52,4.78,0,840.9
Tuesday,Sunny,383,412,No,Buffet,17,5.0,0,0.0
Saturday,Sunny,97,182,No,Regular,11,4.67,0,80.3
Wednesday,Stormy,45,49,No,Regular,6,4.31,0,17.4
Monday,Sunny,118,207,No,Regular,12,4.01,0,88.7
Tuesday,Sunny,427,320,No,Regular,16,4.3,1,0.0
Friday,Rainy,387,606,No,Regular,25,4.42,0,257.1
Saturday,Sunny,886,991,No,Regular,38,4.35,0,19.5
Tuesday,Rainy,400,541,Diwali,Corporate,24,4.08,0,188.8
Sunday,Sunny,187,254,New Year,Regular,11,3.85,0,17.2
Saturday,Rainy,840,1400,No,Regular,52,4.25,0,602.3
Saturday,Stormy,472,35,No,Regular,6,3.89,0,0.0
Tuesday,Stormy,225,349,No,Buffet,16,3.46,0,173.4
Monday,Stormy,787,1400,Diwali,Buffet,52,3.79,0,744.8
Sunday,Rainy,416,501,No,Buffet,19,3.97,0,62.6
Wednesday,Sunny,409,925,No,Buffet,34,3.83,0,480.9
Friday,Stormy,320,418,New Year,Buffet,17,4.25,1,96.8
Saturday,Stormy,319,406,No,Regular,16,3.62,0,165.9
Monday,Cloudy,734,935,New Year,Regular,38,3.67,1,162.7
Saturday,Sunny,465,691,No,Buffet,28,4.68,0,75.3
Sunday,Sunny,58,118,No,Regular,5,4.54,0,51.4
Saturday,Cloudy,605,793,New Year,Corporate,32,4.27,1,102.4
Thursday,Cloudy,371,392,No,Buffet,18,4.73,0,0.0
Sunday,Sunny,596,177,No,Buffet,8,3.84,1,0.0
Thursday,Sunny,104,71,No,Buffet,7,4.45,0,0.0
Saturday,Cloudy,241,313,No,Banquet,15,4.06,1,17.1
Saturday,Sunny,791,1022,No,Regular,40,4.76,0,147.4
Saturday,Stormy,170,117,No,Regular,6,4.23,0,0.0
Wednesday,Sunny,103,160,No,Banquet,10,3.77,0,48.2
Monday,Sunny,674,1182,No,Buffet,46,4.71,0,453.9
Tuesday,Sunny,51,90,No,Regular,7,3.97,0,35.0
Thursday,Rainy,198,339,Christmas,Regular,17,3.64,0,145.0
Thursday,Rainy,26,23,Diwali,Regular,5,4.78,0,0.6
Friday,Sunny,286,153,No,Corporate,9,4.4,0,0.0
Wednesday,Sunny,144,457,New Year,Regular,21,3.77,0,297.0
Saturday,Sunny,384,598,No,Regular,23,4.09,0,180.7
Sunday,Sunny,781,905,No,Regular,36,4.08,0,80.7
Tuesday,Cloudy,304,31,No,Banquet,4,3.76,0,0.0
Saturday,Sunny,417,548,Eid,Buffet,23,3.77,0,0.0
Friday,Cloudy,393,20,No,Buffet,5,4.09,0,0.0
Thursday,Sunny,823,1400,No,Banquet,52,4.55,0,534.4
Tuesday,Cloudy,520,284,New Year,Regular,11,4.48,0,0.0
Saturday,Sunny,539,518,No,Corporate,22,3.9,0,0.0
Sunday,Sunny,774,836,No,Corporate,34,4.48,0,12.4
Saturday,Sunny,399,487,No,Buffet,20,4.76,0,0.0
Sunday,Sunny,118,163,No,Corporate,9,3.77,0,54.8
Sunday,Sunny,940,939,No,Banquet,37,4.44,1,0.0
Wednesday,Stormy,740,989,No,Regular,40,4.14,0,456.6
Friday,Sunny,470,686,No,Regular,25,4.02,1,147.8
Thursday,Sunny,179,584,No,Corporate,25,4.14,0,420.4
Sunday,Sunny,352,395,New Year,Regular,19,4.47,0,0.0
Monday,Rainy,270,70,No,Buffet,4,3.6,0,0.0
Wednesday,Stormy,804,1053,No,Regular,40,4.13,0,404.2
Sunday,Rainy,23,64,No,Corporate,6,3.98,0,41.9
Wednesday,Cloudy,45,91,Diwali,Corporate,4,4.14,0,44.9
Saturday,Rainy,92,54,New Year,Banquet,4,4.06,0,0.0
Wednesday,Sunny,417,534,No,Buffet,21,3.82,1,14.2
Sunday,Rainy,631,825,No,Banquet,34,4.93,0,150.2
Sunday,Rainy,433,521,No,Buffet,21,3.03,0,118.7
Wednesday,Sunny,135,37,No,Buffet,6,4.37,0,0.0
Saturday,Cloudy,598,587,No,Buffet,25,4.38,1,0.0
Wednesday,Sunny,376,577,No,Buffet,24,4.17,1,140.4
Friday,Sunny,49,50,No,Buffet,5,4.25,1,0.0
Friday,Rainy,88,166,No,Regular,9,4.4,1,72.6
Saturday,Sunny,409,401,No,Regular,15,3.91,0,0.0
Monday,Cloudy,469,622,No,Buffet,24,3.98,0,152.0
Tuesday,Stormy,345,340,Diwali,Regular,13,4.0,0,48.4
Friday,Cloudy,112,143,No,Buffet,6,4.33,1,0.0
Thursday,Sunny,608,812,No,Regular,32,4.35,0,212.1
Thursday,Cloudy,434,439,No,Regular,20,3.69,0,48.7
Monday,Rainy,187,85,No,Buffet,8,4.11,0,0.0
Wednesday,Sunny,237,305,No,Regular,12,3.88,1,69.4
Sunday,Sunny,468,545,No,Banquet,21,3.74,0,35.9
Monday,Cloudy,924,1186,No,Banquet,47,3.94,1,289.3
Wednesday,Stormy,228,90,Diwali,Buffet,8,3.67,1,0.0
Sunday,Sunny,134,172,No,Regular,9,3.38,0,36.5
Monday,Sunny,846,1400,Diwali,Regular,51,4.17,0,439.8
Saturday,Stormy,154,160,No,Corporate,7,4.53,0,44.7
Tuesday,Sunny,470,504,No,Regular,21,4.01,0,37.6
Sunday,Sunny,93,103,No,Banquet,7,4.53,0,0.0
Saturday,Cloudy,276,268,Christmas,Banquet,14,4.46,0,0.0
Sunday,Sunny,661,644,No,Regular,27,3.77,0,0.0
Tuesday,Sunny,530,536,No,Buffet,22,3.79,0,0.0
Thursday,Cloudy,887,32,No,Buffet,4,3.54,0,0.0
Saturday,Cloudy,629,200,No,Buffet,10,4.24,0,0.0
Tuesday,Cloudy,360,1030,No,Regular,40,4.35,0,668.6
Tuesday,Sunny,420,991,No,Corporate,37,4.13,0,590.4
Monday,Cloudy,74,80,No,Regular,4,3.81,0,8.0
Sunday,Cloudy,608,391,No,Banquet,18,4.1,1,0.0
Friday,Rainy,816,866,No,Buffet,34,4.43,0,0.0
Friday,Rainy,556,787,Diwali,Buffet,33,4.38,0,124.0
Saturday,Cloudy,308,247,Diwali,Banquet,12,4.35,1,0.0
Thursday,Rainy,158,295,Christmas,Corporate,13,4.27,0,157.3
Thursday,Rainy,595,1030,No,Buffet,41,4.61,0,467.5
Thursday,Sunny,726,863,No,Regular,35,3.72,1,117.0
Friday,Stormy,396,78,No,Buffet,6,3.88,0,0.0
Tuesday,Rainy,45,66,No,Regular,4,3.74,0,26.1
Sunday,Sunny,553,660,No,Banquet,28,3.96,0,18.2
Saturday,Sunny,379,456,No,Regular,20,4.75,1,28.5
Wednesday,Cloudy,249,373,No,Regular,15,3.81,0,143.5
Friday,Sunny,912,879,Diwali,Corporate,33,3.82,0,0.0
Tuesday,Rainy,381,1117,No,Regular,40,3.41,0,789.4
Sunday,Cloudy,434,729,Christmas,Banquet,27,4.4,0,211.3
Sunday,Sunny,943,309,No,Regular,13,4.11,0,0.0
Sunday,Sunny,494,625,New Year,Regular,26,4.71,1,0.0
Wednesday,Rainy,335,329,No,Buffet,15,4.71,0,0.0
Tuesday,Sunny,174,254,No,Buffet,12,3.66,1,58.1
Tuesday,Cloudy,874,1045,No,Banquet,40,4.09,0,113.6
Monday,Sunny,91,87,No,Regular,6,4.66,0,0.0
Monday,Sunny,755,544,Diwali,Regular,23,3.81,0,0.0
Monday,Cloudy,455,254,No,Regular,13,4.54,0,0.0
Sunday,Sunny,302,1006,Diwali,Regular,40,3.08,0,656.3
Monday,Cloudy,86,167,No,Buffet,8,4.1,0,84.7
Monday,Cloudy,376,431,New Year,Regular,19,3.86,0,57.5
Saturday,Sunny,461,1400,No,Buffet,52,4.57,0,846.3
Friday,Sunny,746,69,No,Banquet,7,3.96,0,0.0
Saturday,Rainy,136,219,Diwali,Regular,11,4.47,1,60.1
Friday,Cloudy,242,291,No,Buffet,11,4.34,1,0.0
Sunday,Cloudy,621,761,No,Regular,31,3.81,0,105.1
Friday,Rainy,152,43,No,Corporate,4,4.5,0,0.0
Thursday,Sunny,568,724,No,Regular,28,4.35,0,156.5
Friday,Sunny,570,701,Diwali,Buffet,30,3.49,0,0.0
Thursday,Cloudy,488,466,No,Regular,20,4.34,0,0.1
Wednesday,Cloudy,207,116,Eid,Regular,5,3.93,0,0.0
Thursday,Rainy,291,283,Christmas,Regular,13,4.32,0,20.0
Tuesday,Sunny,88,160,No,Regular,10,4.23,0,64.6
Saturday,Cloudy,120,97,No,Banquet,7,4.55,0,0.0
Tuesday,Cloudy,427,371,No,Regular,18,4.52,0,0.0
Tuesday,Sunny,568,581,New Year,Banquet,22,3.79,0,0.0
Tuesday,Cloudy,419,575,No,Buffet,23,3.91,0,136.2
Saturday,Cloudy,208,261,No,Regular,14,4.02,0,61.9
Wednesday,Sunny,504,672,Christmas,Regular,28,4.57,0,56.6
Friday,Sunny,240,304,No,Regular,14,3.95,0,45.8
Saturday,Sunny,392,418,No,Corporate,16,4.26,0,21.7
Monday,Rainy,75,101,No,Regular,7,4.5,0,38.6
Saturday,Sunny,835,460,Diwali,Corporate,18,4.14,0,0.0
Wednesday,Sunny,296,384,No,Regular,18,4.85,0,84.4
Tuesday,Sunny,327,80,No,Regular,5,3.89,1,0.0
Friday,Sunny,838,960,No,Regular,37,4.35,0,60.9
Sunday,Sunny,409,431,Christmas,Buffet,16,4.29,0,0.0
Wednesday,Cloudy,452,243,No,Buffet,13,4.18,0,0.0
Thursday,Sunny,394,887,No,Banquet,32,3.23,0,491.9
Wednesday,Sunny,85,121,New Year,Regular,6,4.01,1,26.5
Thursday,Sunny,211,704,No,Regular,27,3.39,0,492.9
Friday,Sunny,479,229,No,Corporate,13,3.91,1,0.0
Friday,Sunny,25,20,New Year,Buffet,4,4.09,0,0.0
Friday,Cloudy,828,1400,No,Corporate,52,5.0,0,620.9
Monday,Cloudy,84,78,Eid,Regular,6,4.44,0,0.0
Friday,Cloudy,347,360,Eid,Corporate,15,3.69,0,0.0
Friday,Sunny,430,551,No,Regular,22,4.2,0,74.1
Friday,Rainy,365,445,No,Banquet,20,4.3,0,47.6
Monday,Cloudy,47,96,Diwali,Regular,6,4.16,0,47.7
Thursday,Sunny,661,799,No,Corporate,33,4.13,0,193.8
Wednesday,Sunny,264,349,No,Regular,13,3.89,0,81.2
Monday,Rainy,378,499,No,Corporate,18,4.27,0,187.3
Tuesday,Sunny,62,138,No,Corporate,7,4.23,0,77.4
Thursday,Sunny,547,268,No,Corporate,10,4.41,0,0.0
Saturday,Cloudy,453,253,No,Buffet,11,4.47,1,0.0
Tuesday,Sunny,439,75,Diwali,Regular,6,4.46,0,0.0
Saturday,Stormy,146,54,No,Corporate,4,4.17,1,0.0
Thursday,Sunny,473,593,No,Buffet,23,4.05,0,51.5
Saturday,Sunny,170,171,No,Buffet,7,4.43,1,0.0
Thursday,Sunny,108,202,No,Regular,8,3.77,0,93.1
Thursday,Sunny,588,767,No,Regular,32,3.08,0,196.3
Friday,Rainy,870,1159,No,Regular,43,3.39,0,356.6
Sunday,Rainy,484,1400,No,Buffet,51,3.33,0,908.2
Thursday,Rainy,265,273,No,Regular,11,4.36,1,41.3
Thursday,Cloudy,466,742,No,Regular,28,4.18,1,266.5
Friday,Sunny,907,274,Eid,Corporate,13,4.45,0,0.0
Saturday,Sunny,335,900,No,Buffet,34,4.34,0,491.6
Monday,Sunny,44,159,No,Banquet,6,4.56,0,116.0
Thursday,Rainy,394,1084,No,Regular,43,4.59,0,706.0
Thursday,Cloudy,424,537,No,Regular,22,4.52,0,139.3
Sunday,Sunny,92,147,Christmas,Buffet,7,4.53,0,18.9
Thursday,Cloudy,526,680,No,Regular,25,4.81,0,152.7
Thursday,Rainy,80,65,New Year,Buffet,4,4.99,1,0.0
Sunday,Sunny,429,486,No,Regular,21,4.15,0,5.8
Thursday,Cloudy,262,269,No,Buffet,14,4.77,0,0.0
Tuesday,Cloudy,377,32,No,Regular,6,3.88,0,0.0
Tuesday,Rainy,118,207,No,Buffet,11,3.9,0,97.4
Monday,Sunny,348,395,No,Corporate,16,4.82,0,78.1
Monday,Sunny,814,1028,No,Regular,38,4.16,0,275.3
Thursday,Cloudy,904,1400,No,Buffet,52,3.42,0,443.8
Saturday,Rainy,58,105,No,Buffet,5,3.62,0,45.1
Saturday,Stormy,104,70,No,Corporate,7,3.8,0,7.9
Monday,Cloudy,865,1103,No,Regular,44,3.63,1,264.9
Thursday,Sunny,262,121,No,Regular,6,4.35,0,0.0
Tuesday,Sunny,164,179,Diwali,Corporate,9,3.76,0,11.0
Sunday,Cloudy,612,46,No,Buffet,4,4.0,0,0.0
Tuesday,Sunny,119,209,Eid,Corporate,11,3.86,0,87.5
Friday,Cloudy,796,1400,No,Regular,52,3.55,0,610.2
Wednesday,Rainy,436,523,No,Banquet,20,3.57,0,149.0
Friday,Sunny,869,1400,Diwali,Regular,52,4.5,0,327.3
Wednesday,Sunny,298,996,New Year,Regular,38,4.26,0,646.5
Saturday,Sunny,913,1400,Christmas,Buffet,52,2.78,0,211.7
Tuesday,Sunny,230,70,No,Buffet,4,3.85,1,0.0
Sunday,Cloudy,114,81,No,Buffet,5,4.49,0,0.0
Thursday,Sunny,268,61,No,Regular,4,4.36,0,0.0
Saturday,Sunny,807,531,Diwali,Regular,19,5.0,0,0.0
Saturday,Sunny,301,1008,No,Corporate,37,4.01,0,713.3
Sunday,Sunny,499,640,No,Regular,24,4.28,0,127.1
Tuesday,Cloudy,95,126,No,Corporate,9,3.75,0,44.0
Wednesday,Cloudy,271,437,No,Buffet,20,3.47,0,161.5
Tuesday,Cloudy,197,164,No,Regular,8,4.27,0,0.0
Tuesday,Cloudy,211,279,No,Buffet,14,3.95,0,55.3
Friday,Sunny,656,640,No,Corporate,25,5.0,0,0.0
Sunday,Cloudy,22,37,No,Corporate,4,3.87,0,20.3
Sunday,Sunny,472,78,No,Regular,6,3.94,0,0.0
Thursday,Stormy,430,184,No,Buffet,10,4.15,1,0.0
Friday,Sunny,113,147,No,Banquet,8,4.52,0,14.5
Saturday,Sunny,152,209,Christmas,Buffet,11,4.48,0,0.0
Sunday,Sunny,801,27,No,Regular,4,3.42,0,0.0
Tuesday,Rainy,145,136,Eid,Regular,7,4.67,0,0.0
Thursday,Sunny,316,538,No,Buffet,24,4.05,0,186.0
Saturday,Stormy,245,48,No,Corporate,5,2.99,0,0.0
Wednesday,Sunny,335,25,New Year,Banquet,4,4.12,0,0.0
Thursday,Rainy,571,707,No,Banquet,30,3.69,0,173.5
Sunday,Cloudy,540,849,No,Regular,35,4.62,0,317.0
Sunday,Sunny,361,29,Christmas,Buffet,5,4.26,0,0.0
Sunday,Sunny,326,412,No,Regular,17,4.57,0,37.6
Saturday,Sunny,103,92,No,Regular,6,4.62,0,0.0
Tuesday,Rainy,321,222,New Year,Regular,8,3.93,0,0.0
Wednesday,Rainy,392,447,No,Banquet,19,4.22,0,87.5
Thursday,Sunny,97,100,No,Regular,6,4.6,0,2.8
Thursday,Sunny,504,575,Diwali,Buffet,25,4.21,0,0.0
Thursday,Sunny,748,1005,Diwali,Regular,38,3.77,0,123.1
Friday,Sunny,516,687,No,Regular,28,4.73,0,130.8
Wednesday,Cloudy,400,408,No,Buffet,17,4.13,0,0.0
Saturday,Sunny,562,999,Diwali,Regular,40,3.79,0,304.9
Wednesday,Sunny,212,31,Diwali,Regular,6,4.92,0,0.0
Wednesday,Rainy,885,64,No,Buffet,7,3.32,1,0.0
Monday,Rainy,391,1347,No,Corporate,50,3.84,1,1033.2
Tuesday,Rainy,326,213,No,Buffet,8,3.88,0,0.0
Saturday,Sunny,85,130,No,Corporate,7,4.49,0,37.7
Thursday,Rainy,294,282,Diwali,Regular,14,3.97,0,17.7
Tuesday,Cloudy,242,151,Christmas,Regular,9,3.83,0,0.0
Saturday,Cloudy,31,56,No,Regular,4,4.56,0,23.0
Thursday,Sunny,344,344,Christmas,Banquet,17,4.45,0,0.0
Monday,Rainy,145,57,Diwali,Regular,7,4.0,1,0.0
Wednesday,Cloudy,68,49,No,Regular,6,4.22,0,0.0
Tuesday,Rainy,685,1092,New Year,Banquet,40,3.65,0,453.8
Friday,Cloudy,112,33,No,Banquet,4,4.02,0,0.0
Tuesday,Rainy,491,45,Christmas,Regular,4,4.09,1,0.0
Monday,Cloudy,91,56,No,Corporate,6,3.58,0,0.0
Monday,Stormy,777,1062,No,Regular,39,3.43,1,513.4
Friday,Sunny,699,70,No,Buffet,7,3.95,0,0.0
Monday,Sunny,314,1057,No,Buffet,42,4.56,0,736.0
Saturday,Cloudy,521,602,No,Banquet,26,4.36,0,60.6
Tuesday,Cloudy,172,31,No,Regular,6,3.87,0,0.0
Friday,Cloudy,236,321,No,Corporate,14,5.0,0,75.2
Thursday,Cloudy,110,43,No,Regular,4,3.67,0,0.0
Thursday,Cloudy,768,1400,No,Buffet,52,4.35,0,589.2
Monday,Rainy,549,627,No,Buffet,25,3.9,0,125.0
Saturday,Sunny,30,123,No,Corporate,7,4.63,0,89.4
Sunday,Rainy,110,152,New Year,Banquet,8,4.07,0,42.4
Monday,Sunny,475,53,No,Corporate,4,4.02,0,0.0
Tuesday,Cloudy,92,160,No,Corporate,9,4.52,0,77.2
Sunday,Rainy,431,776,No,Regular,29,4.05,0,361.4
Thursday,Sunny,803,44,No,Banquet,4,4.43,1,0.0
Tuesday,Sunny,814,1048,No,Buffet,42,4.07,0,154.0
Tuesday,Sunny,171,331,No,Regular,13,3.02,0,173.1
Friday,Cloudy,432,366,No,Buffet,16,5.0,0,0.0
Saturday,Sunny,189,253,No,Regular,13,4.34,0,37.0
Friday,Sunny,822,978,Eid,Buffet,35,3.99,0,0.0
Sunday,Rainy,674,1208,No,Regular,45,4.69,0,578.3
Thursday,Sunny,716,709,No,Regular,28,3.71,0,0.0
Wednesday,Cloudy,849,1272,No,Banquet,49,3.74,1,418.2
Thursday,Cloudy,256,405,No,Banquet,19,3.53,0,151.3
Wednesday,Sunny,81,81,New Year,Buffet,7,4.04,0,0.0
Tuesday,Sunny,698,930,No,Banquet,38,3.84,0,218.5
Monday,Stormy,468,596,No,Regular,25,4.0,0,266.1
Wednesday,Cloudy,922,1230,No,Regular,47,3.5,0,385.5
Friday,Sunny,793,635,No,Banquet,25,3.83,0,0.0
Monday,Rainy,117,154,No,Buffet,7,4.31,0,40.6
Thursday,Cloudy,377,75,No,Corporate,4,4.69,0,0.0
Friday,Sunny,841,1003,No,Regular,39,4.14,0,79.1
Friday,Cloudy,377,407,No,Regular,17,3.91,0,1.6
Saturday,Cloudy,104,301,No,Regular,15,4.38,0,196.3
Saturday,Sunny,226,318,No,Banquet,12,4.61,0,37.9
Friday,Rainy,264,379,Christmas,Regular,16,4.59,0,129.5
Monday,Sunny,183,250,No,Buffet,9,4.33,0,56.9
Thursday,Sunny,356,43,No,Regular,4,3.8,0,0.0
Friday,Sunny,321,379,No,Buffet,18,4.1,0,0.0
Tuesday,Rainy,800,986,Diwali,Regular,37,4.22,0,170.0
Monday,Cloudy,209,372,No,Corporate,18,3.09,1,185.0
Tuesday,Rainy,582,622,No,Buffet,27,4.13,0,27.9
Thursday,Sunny,709,1400,No,Regular,52,4.84,0,655.4
Wednesday,Rainy,793,1400,No,Regular,52,3.85,0,727.0
Tuesday,Cloudy,733,222,No,Regular,11,3.36,0,0.0
Saturday,Sunny,119,139,No,Corporate,9,3.84,0,19.2
Sunday,Sunny,253,432,No,Corporate,17,3.83,1,161.8
Tuesday,Rainy,99,142,No,Regular,7,4.58,0,50.6
Sunday,Sunny,173,225,No,Buffet,10,5.0,0,0.0
Monday,Cloudy,122,153,No,Regular,10,4.19,0,45.9
Sunday,Cloudy,136,219,No,Banquet,9,3.76,1,58.5
Sunday,Sunny,768,787,No,Banquet,33,3.61,0,0.0
Monday,Stormy,909,410,Eid,Corporate,19,4.55,0,0.0
Saturday,Rainy,173,278,No,Regular,12,4.42,1,104.3
Sunday,Cloudy,168,203,No,Regular,12,4.61,0,23.1
Sunday,Cloudy,882,1046,No,Banquet,38,3.9,0,138.9
Sunday,Cloudy,597,1036,New Year,Regular,39,4.81,0,329.4
Thursday,Rainy,126,70,No,Buffet,4,4.19,0,0.0
Monday,Sunny,148,193,No,Banquet,8,3.82,1,38.6
Saturday,Sunny,591,897,No,Corporate,33,3.26,0,315.4
Friday,Sunny,90,358,No,Buffet,13,3.9,0,257.8
Friday,Sunny,566,774,No,Buffet,29,3.9,0,37.4
Wednesday,Sunny,263,789,Diwali,Banquet,30,3.67,0,499.1
Friday,Sunny,245,53,Christmas,Regular,6,4.31,0,0.0
Tuesday,Stormy,83,56,No,Banquet,4,3.83,0,0.0
Saturday,Sunny,824,1122,No,Regular,44,3.72,0,258.2
Monday,Sunny,216,280,Eid,Corporate,11,3.73,1,49.0
Saturday,Sunny,723,411,Eid,Banquet,19,3.52,0,0.0
Saturday,Cloudy,213,228,No,Buffet,13,3.88,0,0.0
Thursday,Sunny,770,1038,No,Regular,38,3.89,0,280.8
Thursday,Cloudy,29,26,New Year,Regular,4,4.02,0,0.0
Wednesday,Cloudy,98,181,No,Corporate,11,4.28,0,100.9
Sunday,Sunny,891,1167,No,Buffet,44,4.76,0,39.6
Saturday,Stormy,109,151,No,Regular,9,4.54,0,74.1
Wednesday,Sunny,58,24,No,Corporate,4,3.46,0,0.0
Tuesday,Cloudy,25,25,No,Banquet,4,4.5,1,0.0
Tuesday,Sunny,715,841,No,Banquet,33,4.57,0,112.2
Thursday,Cloudy,784,51,Christmas,Buffet,5,4.44,0,0.0
Sunday,Rainy,631,433,No,Banquet,16,3.93,0,0.0
Saturday,Sunny,130,140,New Year,Corporate,7,4.74,0,0.0
Tuesday,Sunny,483,632,Christmas,Regular,26,3.74,0,78.2
Saturday,Sunny,292,169,Diwali,Banquet,9,4.57,0,0.0
Wednesday,Sunny,874,708,No,Buffet,27,4.56,0,0.0
Saturday,Stormy,332,942,Eid,Banquet,37,4.33,1,656.7
Tuesday,Cloudy,457,629,No,Corporate,26,3.36,1,177.8
Friday,Cloudy,500,728,No,Buffet,30,4.2,0,136.7
Sunday,Stormy,283,384,Christmas,Regular,15,4.47,0,142.0
Tuesday,Rainy,512,31,No,Regular,6,4.14,0,0.0
Friday,Rainy,419,534,Christmas,Regular,24,4.09,0,134.4
Sunday,Sunny,290,429,No,Buffet,19,3.96,0,102.5
Tuesday,Sunny,244,96,No,Corporate,5,3.9,0,0.0
Monday,Sunny,36,30,No,Regular,4,4.08,0,0.0
Friday,Sunny,193,312,No,Regular,16,4.62,0,97.6
Wednesday,Sunny,760,745,No,Buffet,31,3.82,0,0.0
Monday,Sunny,113,423,Eid,Regular,19,4.28,0,313.6
Thursday,Sunny,272,409,No,Regular,17,2.99,0,141.3
Saturday,Sunny,863,1265,No,Regular,50,3.9,0,320.4
Wednesday,Sunny,497,1400,No,Buffet,52,4.42,0,865.7
Wednesday,Sunny,210,221,No,Buffet,12,4.54,1,0.0
Saturday,Sunny,823,1276,No,Corporate,50,3.65,1,427.2
Thursday,Cloudy,201,202,No,Regular,10,4.24,0,7.2
Saturday,Cloudy,147,170,No,Regular,11,4.45,0,11.6
Thursday,Cloudy,240,240,New Year,Corporate,12,3.78,0,0.0
Sunday,Sunny,141,153,No,Banquet,7,3.42,0,0.0
Friday,Sunny,269,331,No,Regular,14,3.55,0,40.8
Monday,Sunny,549,813,No,Corporate,31,3.45,0,332.5
Sunday,Sunny,48,116,No,Corporate,9,4.41,0,70.3
Thursday,Sunny,884,1133,Christmas,Banquet,45,4.16,0,132.2
Tuesday,Stormy,670,1095,No,Regular,43,3.94,0,611.1
Tuesday,Sunny,99,97,No,Regular,4,3.74,0,0.0
Friday,Sunny,284,337,Diwali,Regular,17,4.58,0,0.0
Monday,Cloudy,143,184,No,Corporate,8,4.03,0,67.3
Wednesday,Cloudy,734,581,No,Corporate,22,4.25,0,0.0
Monday,Sunny,482,690,Diwali,Buffet,25,3.73,0,117.4
Thursday,Sunny,724,41,New Year,Regular,4,3.62,0,0.0
Wednesday,Stormy,656,343,No,Regular,17,4.54,0,0.0
Thursday,Sunny,476,80,No,Buffet,4,4.15,0,0.0
Tuesday,Cloudy,649,845,No,Banquet,33,4.19,1,105.3
Monday,Rainy,112,191,No,Regular,10,4.25,0,100.0
Friday,Sunny,57,113,No,Buffet,8,4.53,0,46.0
Wednesday,Cloudy,310,488,No,Buffet,22,4.6,0,159.2
Friday,Sunny,912,1400,No,Banquet,52,3.64,0,378.4
Monday,Sunny,32,74,No,Corporate,4,4.01,1,42.6
Monday,Sunny,461,627,No,Regular,26,3.68,0,171.7
Tuesday,Stormy,799,620,No,Buffet,25,4.19,0,0.0
Thursday,Sunny,87,122,No,Corporate,6,3.95,0,35.7
Wednesday,Sunny,269,353,No,Banquet,15,3.98,0,52.5
Saturday,Stormy,99,197,No,Buffet,11,4.02,0,114.8
Wednesday,Sunny,44,59,No,Regular,6,4.0,0,15.0
Thursday,Rainy,289,186,No,Buffet,9,5.0,1,0.0
Friday,Cloudy,947,1013,No,Buffet,38,3.3,0,0.0
Monday,Cloudy,69,211,No,Regular,11,4.05,0,144.6
Thursday,Rainy,401,427,No,Banquet,17,3.49,0,75.6
Wednesday,Cloudy,648,652,No,Regular,26,4.18,0,22.0
Thursday,Sunny,454,473,No,Banquet,20,3.52,0,0.0
Monday,Stormy,162,87,No,Regular,8,4.09,0,0.0
Saturday,Stormy,356,464,No,Regular,17,3.81,1,205.6
Sunday,Rainy,634,614,No,Buffet,26,4.57,0,0.0
Monday,Cloudy,733,968,No,Buffet,38,3.49,0,191.0
Friday,Cloudy,74,75,No,Corporate,4,3.55,0,12.9
Saturday,Cloudy,263,973,New Year,Buffet,35,3.63,0,654.9
Wednesday,Sunny,287,469,No,Regular,17,4.27,0,173.4
Saturday,Cloudy,354,558,No,Banquet,20,4.2,1,133.4
Friday,Cloudy,330,414,Diwali,Buffet,16,3.99,0,0.0
Sunday,Cloudy,775,1126,Christmas,Regular,42,4.38,0,222.7
Sunday,Sunny,543,313,No,Banquet,12,3.16,0,0.0
Monday,Cloudy,497,474,No,Regular,18,4.01,0,3.5
Thursday,Cloudy,86,289,No,Regular,15,4.11,0,200.6
Thursday,Sunny,305,300,Diwali,Buffet,15,4.19,0,0.0
Tuesday,Stormy,489,657,No,Buffet,28,4.14,0,245.1
Wednesday,Cloudy,388,745,No,Buffet,29,4.22,0,333.0
Sunday,Sunny,663,938,No,Banquet,37,4.3,1,90.1
Monday,Sunny,696,974,No,Regular,37,4.93,0,251.8
Thursday,Cloudy,539,20,No,Banquet,4,4.41,0,0.0
Saturday,Sunny,763,1400,No,Regular,52,3.48,1,559.7
Wednesday,Rainy,370,71,No,Regular,4,4.47,0,0.0
Thursday,Sunny,338,208,No,Regular,9,4.05,0,0.0
Sunday,Sunny,555,863,No,Regular,35,3.87,0,276.5
Thursday,Sunny,270,396,No,Regular,17,3.51,0,116.3
Monday,Cloudy,27,31,Christmas,Corporate,4,3.99,0,4.1
Monday,Stormy,62,90,No,Corporate,7,4.2,0,49.6
Sunday,Rainy,888,1400,No,Corporate,51,4.43,1,608.4
Tuesday,Cloudy,356,466,No,Regular,21,3.65,0,114.9
Thursday,Rainy,734,1400,No,Corporate,52,3.94,1,725.2
Monday,Sunny,343,459,No,Regular,17,3.91,0,105.7
Thursday,Cloudy,188,254,No,Corporate,11,3.87,0,74.7
Sunday,Stormy,582,723,No,Corporate,29,3.47,0,328.6
Thursday,Sunny,736,706,No,Regular,30,3.67,0,0.0
Sunday,Stormy,130,176,Diwali,Buffet,7,3.99,0,78.0
Tuesday,Sunny,57,94,No,Banquet,4,4.38,0,27.3
Thursday,Sunny,477,190,Diwali,Regular,9,4.02,1,0.0
Saturday,Cloudy,125,129,Eid,Buffet,5,3.61,0,0.0
Thursday,Rainy,461,569,No,Banquet,22,4.0,0,178.0
Tuesday,Sunny,653,699,No,Regular,27,3.59,0,72.8
Saturday,Rainy,127,145,No,Regular,10,4.43,0,19.4
Wednesday,Sunny,384,1281,Diwali,Buffet,47,4.74,1,746.0
Thursday,Rainy,385,929,No,Corporate,37,4.15,0,619.3
Sunday,Cloudy,203,191,No,Regular,8,4.4,0,0.0
Tuesday,Sunny,359,444,No,Buffet,19,3.81,0,40.7
Wednesday,Cloudy,491,626,No,Regular,23,4.21,0,153.5
Monday,Cloudy,698,241,No,Banquet,9,4.09,0,0.0
Wednesday,Cloudy,617,802,No,Banquet,32,4.52,0,161.8
Tuesday,Sunny,194,147,No,Buffet,7,3.85,1,0.0
Friday,Sunny,691,781,No,Banquet,32,4.07,0,22.1
Tuesday,Stormy,133,42,No,Buffet,4,3.64,0,0.0
Friday,Cloudy,466,448,Christmas,Banquet,18,4.37,0,0.0
Tuesday,Rainy,569,715,No,Regular,26,3.83,0,220.8
Wednesday,Cloudy,273,352,No,Regular,14,3.96,0,66.7
Wednesday,Rainy,632,437,No,Banquet,18,3.72,1,0.0
Friday,Sunny,226,185,No,Regular,8,4.01,0,0.0
Thursday,Cloudy,674,1024,No,Regular,39,4.39,0,369.1
Wednesday,Cloudy,93,97,No,Corporate,7,4.24,0,17.5
Saturday,Sunny,67,122,Eid,Buffet,6,4.63,0,27.2
Friday,Sunny,466,597,Eid,Regular,22,3.82,0,45.2
Tuesday,Cloudy,851,1400,No,Regular,52,4.1,0,622.7
Sunday,Rainy,53,23,No,Regular,4,4.58,0,0.0
Wednesday,Cloudy,380,461,No,Regular,20,3.7,0,86.7
Monday,Sunny,909,1400,Diwali,Regular,52,4.6,0,439.9
Thursday,Stormy,431,1400,No,Buffet,52,4.74,1,1037.3
Monday,Sunny,458,34,No,Corporate,4,3.63,0,0.0
Tuesday,Sunny,90,135,No,Regular,9,5.0,0,40.2
Saturday,Stormy,894,1400,No,Regular,52,3.98,0,669.3
Monday,Rainy,668,874,Eid,Buffet,33,3.39,0,261.4
Saturday,Stormy,667,630,No,Regular,23,3.64,1,48.8
Sunday,Rainy,120,196,No,Regular,12,4.03,0,90.5
Friday,Cloudy,154,188,No,Regular,11,3.93,0,23.3
Friday,Sunny,228,245,Eid,Buffet,12,3.77,1,0.0
Friday,Sunny,623,1400,No,Regular,52,3.58,0,766.6
Sunday,Stormy,731,950,No,Regular,37,3.51,0,390.3
Wednesday,Rainy,932,1400,No,Buffet,51,4.79,0,411.4
Tuesday,Sunny,233,566,No,Corporate,25,4.25,0,342.2
Thursday,Sunny,128,167,No,Corporate,10,4.52,0,48.4
Thursday,Sunny,611,57,No,Banquet,7,3.71,0,0.0
Tuesday,Sunny,474,40,New Year,Buffet,5,3.93,0,0.0
Friday,Rainy,29,44,No,Regular,4,3.67,0,17.0
Monday,Sunny,822,844,No,Regular,33,3.89,1,40.9
Sunday,Sunny,141,200,No,Regular,10,4.55,0,33.1
Tuesday,Stormy,614,29,Diwali,Regular,4,3.92,0,0.0
Monday,Cloudy,667,771,No,Regular,30,4.06,0,162.7
Monday,Sunny,58,64,No,Regular,4,3.82,0,7.2
Tuesday,Sunny,736,551,No,Buffet,24,4.43,0,0.0
Tuesday,Sunny,335,593,Eid,Buffet,22,3.86,0,147.2
Monday,Sunny,214,396,No,Regular,15,4.64,0,177.1
Tuesday,Sunny,838,1012,Christmas,Buffet,41,3.96,0,0.0
Tuesday,Sunny,879,713,No,Regular,27,5.0,0,0.0
Wednesday,Sunny,395,171,No,Buffet,9,4.62,0,0.0
Wednesday,Sunny,788,1351,No,Buffet,50,4.1,0,474.5
Wednesday,Sunny,276,113,No,Regular,6,4.15,0,0.0
Wednesday,Stormy,773,1029,No,Regular,39,4.7,0,445.8
Monday,Sunny,353,409,No,Banquet,15,4.26,0,48.8
Monday,Sunny,481,654,No,Buffet,27,4.37,0,157.3
Tuesday,Rainy,53,51,No,Buffet,4,5.0,0,0.0
Saturday,Sunny,885,1123,New Year,Regular,44,4.21,0,40.9
Sunday,Cloudy,782,878,Diwali,Regular,33,3.24,0,0.0
Sunday,Rainy,245,248,No,Regular,9,4.19,0,33.6
Thursday,Cloudy,482,805,No,Banquet,31,4.61,0,302.6
Thursday,Sunny,410,617,No,Regular,25,4.25,0,176.3
Wednesday,Cloudy,64,182,No,Regular,7,3.63,0,124.8
Saturday,Cloudy,67,76,No,Banquet,4,4.08,0,8.1
Saturday,Sunny,550,546,No,Buffet,21,4.74,0,0.0
Saturday,Sunny,159,194,Diwali,Regular,10,3.52,0,4.9
Sunday,Sunny,289,176,No,Buffet,10,3.4,0,0.0
Thursday,Rainy,524,828,No,Buffet,31,3.77,0,329.4
Saturday,Sunny,43,61,No,Banquet,7,4.6,0,11.6
Saturday,Sunny,454,600,No,Regular,23,3.26,0,117.8
Wednesday,Cloudy,743,884,No,Corporate,34,4.17,1,159.9
Sunday,Stormy,505,540,No,Regular,20,4.33,0,159.9
Monday,Sunny,62,90,No,Corporate,4,4.12,0,35.7
Sunday,Sunny,130,107,No,Corporate,6,3.5,1,0.0
Saturday,Sunny,816,830,No,Corporate,31,4.17,0,1.8
Monday,Cloudy,23,75,New Year,Corporate,4,3.66,0,51.3
Friday,Cloudy,450,607,No,Buffet,26,4.18,0,128.4
Monday,Rainy,108,117,No,Regular,8,3.75,0,33.9
Saturday,Sunny,851,47,No,Regular,5,4.26,1,0.0
Saturday,Sunny,393,533,Diwali,Regular,24,4.1,0,30.4
Friday,Sunny,392,860,No,Buffet,34,3.59,1,363.9
Saturday,Sunny,949,1249,No,Regular,45,4.35,1,193.8
Monday,Cloudy,134,229,No,Corporate,13,4.06,1,92.7
Tuesday,Rainy,456,967,Christmas,Corporate,37,4.25,0,549.7
Wednesday,Sunny,511,639,No,Banquet,27,4.2,0,95.5
Monday,Rainy,200,244,No,Regular,13,4.54,0,84.4
Thursday,Sunny,107,143,No,Corporate,6,4.36,0,44.8
Tuesday,Cloudy,771,926,No,Corporate,38,4.29,1,167.9
Wednesday,Sunny,82,82,No,Banquet,4,3.32,0,0.0
Thursday,Cloudy,312,220,Eid,Corporate,11,3.94,0,0.0
Sunday,Sunny,97,150,No,Regular,9,3.01,1,40.1
Tuesday,Stormy,921,1400,Christmas,Regular,51,3.49,0,700.6
Sunday,Rainy,273,105,Christmas,Banquet,8,4.56,1,0.0
Thursday,Rainy,494,1400,No,Buffet,52,3.87,0,935.3
Wednesday,Rainy,419,47,Eid,Corporate,4,4.55,0,0.0
Thursday,Sunny,412,804,No,Corporate,33,3.74,0,402.4
Wednesday,Cloudy,564,753,No,Corporate,29,4.01,0,283.2
Tuesday,Sunny,184,236,No,Corporate,10,4.13,0,60.3
Thursday,Rainy,416,213,New Year,Banquet,12,4.72,0,0.0
Tuesday,Sunny,90,127,No,Banquet,5,4.49,0,23.2
Wednesday,Sunny,850,1002,No,Regular,39,3.86,1,68.5
Thursday,Cloudy,443,1400,No,Regular,52,3.86,0,959.1
Wednesday,Sunny,300,308,Diwali,Regular,16,4.15,0,0.0
Saturday,Cloudy,69,73,No,Regular,4,5.0,0,0.0
Tuesday,Sunny,938,993,No,Corporate,38,4.11,1,77.2
Sunday,Cloudy,453,551,No,Corporate,22,3.73,1,84.3
Saturday,Rainy,130,157,No,Regular,8,3.75,0,43.3
Sunday,Cloudy,106,76,No,Regular,6,4.0,0,0.0
Saturday,Sunny,288,385,No,Buffet,15,4.21,1,22.0
Tuesday,Sunny,27,74,No,Corporate,4,3.7,1,44.3
Thursday,Sunny,379,474,No,Buffet,18,4.48,0,35.8
Tuesday,Sunny,222,292,No,Regular,12,3.8,0,68.1
Saturday,Cloudy,329,384,No,Regular,18,4.62,0,33.5
Friday,Sunny,532,650,No,Buffet,26,4.19,0,0.0
Tuesday,Sunny,171,260,No,Buffet,11,3.94,0,67.8
Sunday,Sunny,116,148,Eid,Corporate,9,2.9,0,23.2
Monday,Stormy,192,204,No,Banquet,8,3.93,0,77.8
Thursday,Sunny,707,440,Eid,Regular,20,4.09,0,0.0
Saturday,Sunny,533,513,No,Regular,19,4.11,0,0.0
Monday,Cloudy,720,820,No,Regular,30,4.33,1,106.4
Friday,Sunny,885,994,No,Regular,37,3.92,0,13.1
Saturday,Stormy,51,83,No,Regular,4,4.34,1,40.7
Monday,Sunny,90,126,New Year,Regular,7,3.71,0,32.8
Thursday,Cloudy,42,40,No,Regular,6,4.51,0,0.0
Tuesday,Cloudy,81,87,Diwali,Corporate,4,4.52,0,6.7
Friday,Rainy,614,787,No,Regular,30,4.23,0,233.6
Monday,Cloudy,38,59,Diwali,Corporate,4,4.42,0,24.2
Sunday,Rainy,466,657,No,Regular,26,3.97,0,218.1
Sunday,Sunny,49,75,No,Regular,5,4.02,0,20.5
Tuesday,Cloudy,857,896,No,Regular,33,4.0,0,78.5
Wednesday,Cloudy,867,31,Diwali,Regular,6,4.64,0,0.0
Friday,Cloudy,506,244,No,Regular,10,4.18,0,0.0
Friday,Cloudy,396,425,No,Corporate,17,3.78,0,63.2
Thursday,Sunny,739,1149,No,Banquet,45,4.07,0,348.8
Tuesday,Sunny,613,38,No,Regular,5,3.9,0,0.0
Monday,Sunny,357,136,No,Regular,5,4.17,0,0.0
Sunday,Sunny,292,517,No,Regular,23,4.03,0,212.2
Thursday,Sunny,346,580,No,Corporate,23,3.53,0,276.9
Sunday,Sunny,939,1400,No,Regular,52,3.65,0,381.8
Thursday,Cloudy,814,1080,No,Regular,42,3.94,0,269.1
Sunday,Cloudy,398,602,No,Banquet,25,4.68,0,168.7
Monday,Cloudy,269,260,No,Corporate,11,3.33,0,44.4
Monday,Cloudy,264,273,No,Buffet,11,4.27,1,0.0
Sunday,Sunny,734,819,Diwali,Regular,34,4.77,0,0.0
Sunday,Sunny,409,315,Christmas,Regular,16,4.53,1,0.0
Wednesday,Cloudy,793,939,Christmas,Regular,34,4.11,0,98.7
Wednesday,Rainy,340,615,No,Buffet,22,4.02,1,270.8
Thursday,Cloudy,293,71,No,Corporate,5,4.39,0,0.0
Wednesday,Cloudy,307,413,No,Regular,16,4.75,0,111.2
Tuesday,Cloudy,133,138,No,Banquet,9,4.42,0,0.0
Sunday,Cloudy,434,446,No,Buffet,18,4.2,1,0.0
Tuesday,Cloudy,332,554,No,Corporate,20,4.63,0,252.2
Friday,Cloudy,178,255,New Year,Regular,12,4.19,0,49.4
Monday,Sunny,441,304,No,Regular,11,4.16,0,0.0
Monday,Sunny,237,421,No,Regular,19,4.39,0,195.1
Friday,Sunny,582,791,Diwali,Buffet,32,3.85,0,31.7
Wednesday,Cloudy,31,76,No,Regular,5,5.0,0,45.9
Friday,Rainy,727,713,No,Regular,27,4.19,0,21.1
Monday,Sunny,176,172,No,Corporate,10,4.04,0,9.4
Sunday,Sunny,250,39,New Year,Corporate,4,4.47,0,0.0
Saturday,Rainy,60,62,No,Buffet,4,4.58,0,0.0
Sunday,Sunny,25,47,No,Buffet,4,3.83,0,14.6
Monday,Rainy,847,841,No,Buffet,31,3.4,0,124.7
Wednesday,Sunny,926,1400,No,Buffet,52,3.98,0,392.8
Wednesday,Sunny,192,362,No,Regular,17,4.24,0,165.6
Thursday,Sunny,44,76,No,Regular,6,3.81,0,26.2
Wednesday,Sunny,567,662,No,Regular,24,4.11,1,34.9
Monday,Sunny,908,694,Christmas,Regular,26,4.07,0,0.0
Wednesday,Sunny,159,196,No,Buffet,11,3.43,0,7.0
Tuesday,Sunny,113,137,No,Buffet,7,4.4,0,7.9
Wednesday,Sunny,395,21,No,Regular,4,4.5,0,0.0
Tuesday,Rainy,628,992,No,Corporate,40,4.2,0,488.6
Tuesday,Sunny,92,114,No,Buffet,8,4.28,0,3.7
Friday,Sunny,65,92,No,Buffet,8,3.85,0,21.3
Wednesday,Sunny,890,881,No,Banquet,33,4.07,0,0.0
Wednesday,Stormy,383,655,No,Regular,27,4.4,0,347.8
Thursday,Rainy,31,55,No,Regular,4,3.55,0,30.1
Saturday,Stormy,258,87,No,Regular,6,3.69,0,0.0
Wednesday,Rainy,923,1204,No,Buffet,46,3.52,0,309.2
Friday,Sunny,858,1128,No,Regular,44,4.83,0,157.2
Sunday,Cloudy,112,176,Diwali,Corporate,10,4.0,0,64.4
Thursday,Sunny,940,327,No,Regular,16,4.72,0,0.0
Sunday,Rainy,396,125,Diwali,Buffet,8,4.09,0,0.0
Saturday,Sunny,164,228,No,Buffet,10,4.87,0,39.1
Monday,Sunny,53,49,New Year,Regular,4,4.64,1,0.0
Thursday,Rainy,750,1014,No,Corporate,38,3.83,0,390.3
Friday,Rainy,86,121,No,Buffet,7,4.17,1,34.7
Sunday,Stormy,36,39,No,Corporate,4,3.7,1,12.9
Thursday,Sunny,295,534,No,Buffet,24,4.4,0,164.2
Monday,Sunny,850,1400,No,Buffet,52,4.57,0,468.5
Thursday,Sunny,352,39,No,Regular,4,4.91,0,0.0
Monday,Sunny,909,1400,New Year,Buffet,52,4.7,0,348.1
Saturday,Cloudy,594,1400,Eid,Regular,52,4.3,0,734.7
Thursday,Sunny,821,1049,No,Regular,38,4.27,0,163.1
Saturday,Rainy,834,1400,Diwali,Regular,51,4.02,0,535.3
Sunday,Sunny,78,120,No,Buffet,9,4.89,1,21.6
Friday,Cloudy,722,740,No,Regular,27,3.76,0,0.0
Friday,Rainy,429,505,No,Banquet,22,3.68,0,111.9
Saturday,Cloudy,246,245,No,Regular,13,3.66,1,0.0
Saturday,Sunny,134,216,Christmas,Regular,12,4.57,1,45.6
Sunday,Sunny,484,627,Diwali,Regular,27,4.52,0,57.3
Monday,Sunny,102,366,Christmas,Regular,18,4.31,0,258.4
Thursday,Rainy,281,47,No,Regular,4,4.25,0,0.0
Tuesday,Cloudy,82,152,No,Buffet,7,3.62,0,66.1
Sunday,Sunny,408,551,No,Regular,24,4.23,0,125.4
Friday,Stormy,44,34,No,Regular,4,4.64,0,1.1
Thursday,Cloudy,213,270,Eid,Regular,10,3.67,1,33.4
Tuesday,Rainy,386,442,No,Regular,17,3.61,0,87.7
Wednesday,Sunny,347,429,Diwali,Banquet,16,4.25,0,0.0
Friday,Stormy,768,735,No,Regular,30,4.44,0,143.4
Tuesday,Sunny,308,354,No,Corporate,17,4.46,0,62.7
Monday,Sunny,795,787,No,Buffet,32,4.63,1,0.0
Sunday,Rainy,239,240,No,Regular,12,4.19,0,16.7
Saturday,Rainy,702,590,No,Corporate,24,3.42,0,0.0
Tuesday,Cloudy,769,1400,Eid,Regular,52,4.34,0,554.7
Wednesday,Sunny,344,712,No,Corporate,28,4.62,1,352.0
Sunday,Sunny,701,896,No,Buffet,34,3.86,0,80.4
Friday,Rainy,54,208,No,Regular,10,4.06,0,157.7
Friday,Rainy,712,997,No,Banquet,36,3.21,0,326.8
Wednesday,Sunny,294,402,No,Regular,16,4.0,0,110.2
Wednesday,Sunny,148,147,Eid,Banquet,9,4.79,1,0.0
Monday,Cloudy,251,245,No,Banquet,13,3.93,0,0.0
Saturday,Cloudy,142,136,Christmas,Regular,6,3.68,0,0.0
Monday,Sunny,704,1400,No,Regular,52,4.94,1,620.2
Monday,Cloudy,709,735,No,Corporate,30,4.38,0,134.2
Saturday,Stormy,335,392,No,Regular,18,4.32,0,121.9
Sunday,Sunny,63,52,No,Corporate,4,4.19,0,0.0
Saturday,Cloudy,646,268,No,Regular,10,3.84,1,0.0
Thursday,Cloudy,549,880,No,Regular,36,4.01,1,298.3
Thursday,Cloudy,743,781,No,Buffet,29,4.82,0,0.0
Thursday,Rainy,236,108,No,Corporate,4,3.83,0,0.0
Wednesday,Cloudy,379,466,No,Corporate,19,4.69,0,138.0
Thursday,Cloudy,160,292,No,Buffet,12,4.27,0,106.9
Thursday,Sunny,691,33,No,Regular,4,4.27,0,0.0
Friday,Cloudy,236,133,No,Regular,5,3.42,1,0.0
Sunday,Sunny,104,142,No,Regular,9,4.3,0,27.8
Sunday,Sunny,120,409,No,Regular,16,4.09,0,283.1
Monday,Cloudy,319,430,No,Regular,19,3.44,0,142.3
Wednesday,Cloudy,195,324,No,Buffet,13,4.14,0,103.1
Tuesday,Stormy,517,867,No,Regular,32,3.94,0,481.0
Wednesday,Cloudy,738,865,No,Regular,35,4.23,0,117.7
Wednesday,Rainy,73,100,No,Buffet,4,3.76,0,33.2
Tuesday,Sunny,52,101,Diwali,Regular,4,3.69,1,35.7
Saturday,Cloudy,229,264,No,Banquet,13,4.16,0,7.8
Thursday,Stormy,882,869,No,Regular,32,3.95,0,233.6
Sunday,Sunny,616,163,No,Regular,10,3.98,0,0.0
Monday,Rainy,63,127,New Year,Banquet,7,3.61,0,71.4
Monday,Cloudy,299,977,No,Buffet,36,4.1,0,688.8
Wednesday,Sunny,904,29,No,Corporate,4,4.39,0,0.0
Monday,Cloudy,314,46,No,Regular,5,4.24,0,0.0
Tuesday,Sunny,270,272,Diwali,Regular,11,3.97,0,0.0
Sunday,Sunny,81,102,No,Buffet,4,3.43,1,0.0
Tuesday,Sunny,67,47,No,Regular,4,3.76,0,0.0
Tuesday,Sunny,85,287,No,Buffet,13,3.81,0,196.3
Friday,Sunny,435,174,No,Regular,7,4.47,0,0.0
Thursday,Rainy,744,581,No,Regular,23,4.46,0,0.0
Friday,Sunny,329,988,New Year,Regular,40,4.25,1,549.9
Wednesday,Rainy,279,296,Eid,Corporate,13,3.97,1,44.1
Saturday,Cloudy,40,94,No,Regular,7,4.67,0,52.4
Monday,Sunny,60,90,Christmas,Banquet,6,4.38,0,27.8
Thursday,Sunny,43,21,Diwali,Regular,4,3.25,0,0.0
Friday,Stormy,65,75,No,Buffet,5,4.78,1,9.5
Sunday,Cloudy,676,788,No,Regular,32,4.05,1,31.0
Wednesday,Stormy,56,72,No,Buffet,7,4.52,0,31.6
Thursday,Sunny,77,140,No,Corporate,8,4.32,0,65.4
Monday,Cloudy,893,1338,No,Buffet,48,3.58,0,430.2
Tuesday,Rainy,330,1113,Diwali,Regular,42,3.92,0,785.3
Monday,Stormy,150,517,Christmas,Corporate,20,3.31,0,415.3
Saturday,Sunny,129,133,No,Regular,9,3.79,0,0.0
Wednesday,Stormy,100,99,No,Buffet,6,4.18,0,13.5
Saturday,Sunny,85,107,No,Corporate,7,4.15,0,13.3
Monday,Rainy,263,288,Eid,Regular,15,3.84,0,56.3
Sunday,Cloudy,168,60,No,Buffet,5,4.01,0,0.0
Saturday,Cloudy,63,119,No,Corporate,6,4.17,0,61.7
Monday,Sunny,927,1044,No,Regular,39,4.4,0,110.1
Monday,Rainy,31,63,No,Regular,4,3.86,0,39.0
Monday,Sunny,307,959,No,Regular,35,4.06,0,658.0
Saturday,Cloudy,101,141,No,Corporate,6,3.59,0,47.7
Tuesday,Cloudy,48,119,No,Buffet,6,3.61,0,68.0
Thursday,Rainy,277,378,Eid,Regular,14,4.59,0,126.6
Thursday,Cloudy,25,26,No,Regular,4,4.76,1,0.0
Saturday,Cloudy,149,150,No,Regular,9,4.21,0,0.0
Thursday,Cloudy,324,442,No,Regular,19,3.98,0,123.5
Thursday,Cloudy,916,1013,No,Regular,39,3.92,1,87.7
Sunday,Cloudy,331,405,No,Regular,16,4.63,0,54.5
Tuesday,Cloudy,47,73,Diwali,Regular,4,2.49,0,26.5
Saturday,Rainy,246,353,No,Buffet,13,5.0,1,59.3
Monday,Cloudy,310,380,No,Buffet,14,4.15,0,56.1
Thursday,Sunny,360,474,No,Regular,19,3.05,1,105.3
Sunday,Cloudy,235,395,No,Buffet,19,5.0,0,109.6
Friday,Sunny,161,295,No,Regular,12,3.11,0,134.3
Friday,Sunny,850,1400,No,Regular,52,3.17,1,494.3
Tuesday,Rainy,782,1252,No,Banquet,46,3.74,0,530.3
Wednesday,Sunny,31,153,No,Buffet,10,4.05,0,121.6
Wednesday,Cloudy,882,1128,No,Regular,41,4.62,0,252.8
Thursday,Stormy,215,162,No,Regular,7,3.98,0,10.2
Thursday,Sunny,887,903,No,Buffet,37,3.78,0,0.0
Wednesday,Sunny,321,1091,No,Regular,41,3.99,0,774.2
Wednesday,Sunny,392,457,No,Banquet,20,3.99,0,47.0
Tuesday,Sunny,378,21,Christmas,Regular,4,4.72,1,0.0
Wednesday,Cloudy,902,1400,No,Regular,52,4.56,0,489.8
Tuesday,Rainy,421,491,No,Buffet,18,3.87,0,58.1
Sunday,Cloudy,314,304,No,Buffet,13,3.98,0,0.0
Friday,Sunny,458,587,No,Buffet,22,3.34,0,32.3
Monday,Cloudy,97,146,No,Banquet,10,4.39,0,54.9
Friday,Sunny,493,529,New Year,Banquet,19,4.1,0,0.0
Saturday,Cloudy,104,172,No,Regular,11,4.28,0,56.6
Tuesday,Cloudy,55,59,No,Regular,7,4.39,1,2.6
Tuesday,Sunny,157,171,No,Regular,8,4.77,0,12.2
Monday,Rainy,205,200,Christmas,Buffet,10,3.96,0,0.0
Monday,Rainy,47,66,No,Buffet,6,4.14,0,22.4
Saturday,Sunny,38,54,Eid,Regular,4,4.78,1,0.5
Sunday,Cloudy,290,444,No,Banquet,17,4.05,0,143.8
Monday,Cloudy,874,1093,New Year,Regular,42,4.08,0,205.8
Saturday,Sunny,309,1079,No,Corporate,43,5.0,0,734.8
Monday,Sunny,654,510,Christmas,Corporate,23,4.1,0,0.0
Friday,Cloudy,223,65,Eid,Regular,5,4.85,0,0.0
Saturday,Stormy,76,72,Diwali,Regular,7,3.89,0,0.5
Wednesday,Cloudy,73,106,Christmas,Regular,8,3.93,1,28.9
Monday,Cloudy,253,334,No,Banquet,12,3.28,0,106.6
Friday,Cloudy,936,1004,No,Regular,38,4.38,1,0.0
Sunday,Sunny,166,44,No,Corporate,6,4.42,1,0.0
Tuesday,Sunny,467,665,No,Buffet,25,4.16,0,143.5
Tuesday,Sunny,426,64,No,Buffet,4,4.31,0,0.0
Monday,Rainy,866,1400,No,Banquet,52,4.49,0,619.4
Thursday,Rainy,213,212,No,Regular,11,3.5,0,27.1
Friday,Stormy,291,310,Diwali,Corporate,14,4.15,0,83.5
Saturday,Sunny,890,1091,Eid,Regular,42,4.82,0,0.0
Saturday,Cloudy,333,266,No,Regular,11,4.0,0,0.0
Sunday,Cloudy,307,440,No,Regular,20,3.54,1,113.3
Saturday,Sunny,566,737,Eid,Regular,28,4.57,0,14.0
Tuesday,Sunny,506,1400,No,Corporate,52,4.18,0,926.7
Thursday,Rainy,940,296,No,Regular,15,4.11,0,0.0
Wednesday,Cloudy,299,50,No,Buffet,5,3.95,0,0.0
Wednesday,Cloudy,778,924,No,Regular,35,4.51,1,107.8
Sunday,Sunny,66,35,No,Buffet,5,3.89,0,0.0
Friday,Cloudy,768,1301,No,Corporate,49,4.73,0,548.4
Sunday,Sunny,816,911,No,Buffet,34,4.16,0,0.0
Wednesday,Sunny,344,462,Eid,Banquet,18,4.55,0,40.2
Thursday,Cloudy,141,208,Christmas,Regular,12,4.5,1,36.5
Thursday,Sunny,813,1106,No,Regular,44,3.62,1,255.8
Monday,Stormy,472,840,Christmas,Buffet,35,4.32,0,400.3
Tuesday,Cloudy,519,1400,No,Regular,52,4.01,0,910.6
Thursday,Sunny,638,20,No,Buffet,4,4.4,0,0.0
Monday,Sunny,744,976,No,Corporate,35,4.09,0,333.9
Sunday,Cloudy,334,97,No,Regular,8,3.33,0,0.0
Monday,Sunny,515,662,No,Banquet,24,4.45,0,119.3
Tuesday,Sunny,899,1087,Christmas,Regular,42,3.18,0,114.3
Saturday,Sunny,346,872,No,Buffet,36,4.18,0,469.2
Monday,Sunny,148,80,No,Regular,6,4.92,0,0.0
Sunday,Cloudy,574,66,No,Buffet,7,4.71,0,0.0
Saturday,Cloudy,241,241,No,Regular,12,4.29,0,0.0
Monday,Sunny,134,113,No,Banquet,9,3.91,0,0.0
Friday,Rainy,92,92,No,Banquet,7,4.09,0,2.2
Friday,Sunny,313,177,No,Buffet,10,4.56,0,0.0
Saturday,Cloudy,387,534,No,Buffet,20,3.79,0,74.1
Saturday,Sunny,146,185,No,Buffet,10,4.3,0,11.7
Friday,Cloudy,356,24,Christmas,Buffet,4,3.76,0,0.0
Friday,Sunny,694,715,No,Buffet,27,4.0,0,0.0
Wednesday,Cloudy,321,1002,Eid,Buffet,38,3.92,1,609.5
Friday,Sunny,399,522,New Year,Corporate,21,4.29,0,115.3
Sunday,Stormy,52,220,No,Buffet,11,4.35,0,177.3
Friday,Sunny,227,43,No,Regular,5,5.0,0,0.0
Friday,Rainy,162,206,No,Banquet,8,4.06,0,43.5
Thursday,Rainy,564,557,Christmas,Regular,21,4.26,0,8.7
Saturday,Sunny,529,1400,No,Regular,51,4.61,0,796.0
Sunday,Sunny,260,356,No,Banquet,17,4.11,0,64.4
Tuesday,Sunny,117,123,No,Regular,6,4.16,1,0.4
Tuesday,Stormy,700,900,Diwali,Regular,35,4.38,0,347.8
Thursday,Cloudy,850,1006,No,Buffet,40,3.84,0,149.0
Thursday,Cloudy,632,858,No,Corporate,34,4.2,0,335.7
Friday,Sunny,707,818,No,Regular,34,3.78,0,54.4
Monday,Rainy,237,288,New Year,Buffet,12,3.99,1,35.6
Wednesday,Sunny,925,59,No,Regular,4,5.0,0,0.0
Friday,Sunny,99,125,No,Regular,7,4.06,0,13.0
Friday,Sunny,100,127,Eid,Regular,8,4.21,0,13.8
Friday,Cloudy,470,1393,No,Regular,52,3.01,0,942.5
Saturday,Rainy,29,25,Christmas,Banquet,4,4.31,0,0.0
Friday,Rainy,233,227,No,Buffet,13,4.95,0,0.0
Saturday,Sunny,38,35,No,Corporate,4,3.76,0,0.0
Friday,Sunny,141,145,No,Banquet,10,4.58,0,0.0
Thursday,Rainy,55,21,No,Banquet,4,3.86,0,0.0
Friday,Cloudy,469,1099,Diwali,Corporate,40,3.42,0,613.3
Monday,Sunny,296,393,No,Regular,15,3.94,0,92.2
Tuesday,Sunny,401,406,No,Corporate,16,3.83,0,28.2
Thursday,Cloudy,352,143,No,Buffet,7,4.17,0,0.0
Sunday,Stormy,65,258,No,Regular,10,3.99,0,203.1
Friday,Cloudy,670,825,No,Regular,31,3.7,1,81.8
Monday,Sunny,109,32,No,Regular,4,4.34,1,0.0
Friday,Cloudy,879,1400,New Year,Buffet,51,4.61,1,142.1
Tuesday,Sunny,945,1400,No,Corporate,52,4.39,0,516.3
Saturday,Rainy,743,1300,Eid,Buffet,51,4.19,0,413.0
Saturday,Sunny,152,239,No,Regular,13,4.09,0,77.2
Friday,Sunny,776,1400,No,Regular,52,4.37,1,466.2
Friday,Cloudy,135,230,No,Corporate,11,3.89,1,94.4
Wednesday,Sunny,884,1400,No,Regular,51,4.47,0,463.1
Thursday,Sunny,71,264,No,Regular,14,3.58,0,191.9
Sunday,Cloudy,471,181,New Year,Corporate,8,3.39,0,0.0
Saturday,Rainy,317,428,No,Corporate,16,4.38,0,148.9
Thursday,Rainy,806,777,No,Buffet,28,3.67,0,43.9
Wednesday,Sunny,764,922,No,Buffet,37,3.8,0,103.6
Monday,Sunny,349,430,No,Regular,17,3.68,0,93.5
Tuesday,Cloudy,126,206,No,Banquet,10,4.37,0,79.2
Tuesday,Sunny,898,1272,Diwali,Buffet,46,3.79,0,100.0
Wednesday,Sunny,915,1188,No,Buffet,44,4.7,1,0.0
Sunday,Rainy,100,166,Christmas,Regular,7,4.44,0,57.1
Thursday,Stormy,638,757,No,Buffet,32,4.23,0,264.1
Tuesday,Sunny,243,80,No,Regular,5,4.79,0,0.0
Monday,Rainy,214,122,Eid,Buffet,6,3.73,0,0.0
Wednesday,Cloudy,44,68,No,Buffet,6,4.17,1,17.1
Saturday,Sunny,836,1400,No,Corporate,52,3.16,0,618.3
Wednesday,Cloudy,93,120,No,Regular,9,3.9,0,28.3
Saturday,Sunny,618,731,No,Corporate,31,3.57,0,124.3
Saturday,Sunny,164,165,No,Regular,6,4.5,0,0.0
Monday,Stormy,335,436,No,Buffet,18,4.65,0,145.8
Friday,Cloudy,260,846,No,Regular,32,4.01,0,578.1
Sunday,Sunny,831,64,No,Regular,7,5.0,0,0.0
Wednesday,Sunny,146,95,No,Banquet,4,3.77,0,0.0
Monday,Stormy,301,313,No,Regular,14,3.62,0,95.9
Sunday,Sunny,494,554,Diwali,Banquet,21,3.89,0,0.0
Sunday,Rainy,377,367,New Year,Regular,16,4.28,1,0.0
Thursday,Rainy,409,526,No,Buffet,19,4.52,0,100.1
Thursday,Sunny,148,448,Eid,Regular,17,4.45,0,278.3
Tuesday,Cloudy,149,208,New Year,Buffet,9,3.98,0,33.1
Saturday,Cloudy,29,53,No,Banquet,5,4.59,0,21.9
Thursday,Rainy,125,54,No,Buffet,6,3.9,0,0.0
Monday,Sunny,82,162,Diwali,Regular,10,5.0,0,67.8
Friday,Sunny,79,73,No,Corporate,6,4.57,1,0.0
Sunday,Sunny,373,74,No,Buffet,4,3.27,0,0.0
Saturday,Cloudy,75,80,No,Regular,7,3.92,0,1.9
Tuesday,Rainy,212,41,No,Buffet,6,3.8,1,0.0
Monday,Rainy,539,69,Eid,Buffet,5,5.0,0,0.0
Sunday,Cloudy,624,1400,No,Corporate,52,3.73,0,802.0
Sunday,Sunny,382,61,No,Regular,7,3.17,0,0.0
Thursday,Sunny,108,200,No,Regular,9,4.55,0,82.0
Friday,Rainy,461,587,Diwali,Banquet,22,2.91,0,94.6
Thursday,Cloudy,500,1400,No,Buffet,52,3.97,1,830.0
Wednesday,Rainy,167,180,No,Buffet,8,4.46,0,19.1
Monday,Sunny,857,57,No,Banquet,7,3.96,0,0.0
Monday,Sunny,160,301,No,Regular,13,4.72,1,130.5
Tuesday,Rainy,858,1221,Christmas,Regular,45,4.29,0,334.1
Saturday,Sunny,85,216,No,Corporate,12,3.74,0,134.3
Tuesday,Sunny,493,482,Eid,Buffet,18,4.22,1,0.0
Tuesday,Cloudy,30,41,No,Banquet,6,4.86,0,7.2
Thursday,Cloudy,71,30,New Year,Buffet,4,4.23,0,0.0
Tuesday,Stormy,140,201,No,Regular,9,4.35,0,89.0
Tuesday,Rainy,712,1400,No,Regular,52,4.32,0,756.8
Thursday,Rainy,417,852,No,Regular,35,3.82,1,491.5
Wednesday,Sunny,848,832,No,Banquet,30,3.43,0,0.0
Friday,Cloudy,719,371,Diwali,Regular,16,4.29,1,0.0
Sunday,Rainy,537,612,No,Buffet,25,4.74,0,64.5
Tuesday,Sunny,866,218,No,Regular,10,4.38,0,0.0
Sunday,Stormy,156,156,No,Regular,7,3.56,1,28.8
Sunday,Cloudy,527,686,No,Regular,26,4.3,1,69.3
Saturday,Sunny,450,1400,No,Buffet,52,4.52,1,865.9
Friday,Cloudy,480,498,No,Regular,21,4.63,0,6.0
Friday,Cloudy,236,502,Diwali,Banquet,20,4.39,0,206.6
Friday,Sunny,861,892,No,Banquet,34,4.24,0,0.0
Friday,Sunny,897,58,No,Regular,4,3.86,0,0.0
Monday,Cloudy,37,20,No,Corporate,5,4.05,1,0.0
Sunday,Sunny,49,38,No,Regular,4,4.55,1,0.0
Friday,Sunny,225,280,No,Regular,15,3.77,0,30.7
Saturday,Cloudy,501,393,Christmas,Regular,16,3.76,0,0.0
Wednesday,Rainy,34,88,No,Corporate,7,4.43,1,60.3
Monday,Cloudy,416,307,No,Buffet,13,4.29,0,0.0
Thursday,Stormy,256,942,No,Regular,34,4.74,0,749.0
Thursday,Stormy,941,320,Diwali,Buffet,12,4.51,0,0.0
Thursday,Cloudy,778,1258,Eid,Buffet,45,3.9,0,397.9
Wednesday,Sunny,187,459,No,Corporate,19,4.78,1,258.4
Tuesday,Rainy,394,134,No,Buffet,7,4.26,0,0.0
Thursday,Sunny,773,346,No,Corporate,16,4.42,0,0.0
Wednesday,Rainy,113,309,No,Buffet,12,3.98,0,201.9
Sunday,Cloudy,340,452,No,Regular,17,4.34,0,115.2
Tuesday,Sunny,646,1097,No,Corporate,43,3.91,1,502.1
Wednesday,Cloudy,247,330,No,Regular,14,3.24,1,89.2
Wednesday,Cloudy,577,228,Diwali,Buffet,9,4.89,0,0.0
Thursday,Stormy,263,280,No,Buffet,13,3.77,1,74.1
Thursday,Sunny,315,87,No,Regular,5,3.9,0,0.0
Friday,Stormy,511,597,Christmas,Regular,23,3.87,0,154.7
Sunday,Sunny,690,1090,No,Buffet,39,4.9,0,205.2
Wednesday,Rainy,856,1127,No,Corporate,41,4.34,0,498.9
Friday,Rainy,510,548,No,Corporate,24,4.4,0,128.7
Monday,Sunny,126,199,No,Buffet,12,4.54,1,52.4
Tuesday,Sunny,230,90,Diwali,Regular,6,4.45,0,0.0
Thursday,Rainy,601,927,Eid,Regular,34,4.23,0,316.8
Monday,Rainy,870,490,No,Corporate,19,4.21,1,0.0
Friday,Sunny,698,800,New Year,Regular,30,4.76,0,0.0
Friday,Cloudy,169,269,No,Corporate,11,3.63,0,118.0
Saturday,Rainy,377,377,No,Regular,14,3.76,0,45.9
Thursday,Sunny,253,338,No,Regular,13,4.41,0,75.9
Friday,Cloudy,291,859,No,Buffet,35,4.27,0,545.9
Wednesday,Sunny,259,31,No,Buffet,6,3.99,0,0.0
Monday,Sunny,547,686,No,Buffet,25,5.0,1,32.1
Monday,Rainy,209,245,New Year,Regular,10,3.64,0,46.1
Friday,Sunny,125,85,No,Corporate,4,4.15,0,0.0
Sunday,Stormy,341,80,No,Buffet,4,4.25,0,0.0
Monday,Cloudy,29,30,No,Corporate,5,3.96,0,9.8
Thursday,Cloudy,363,107,No,Buffet,5,3.85,0,0.0
Saturday,Sunny,943,1188,No,Regular,45,4.0,0,146.9
Saturday,Sunny,326,415,No,Buffet,16,4.8,0,0.0
Thursday,Rainy,651,786,No,Buffet,32,3.97,0,119.6
Friday,Cloudy,580,286,Diwali,Buffet,13,4.29,0,0.0
Friday,Rainy,328,502,No,Buffet,18,3.88,0,148.9
Saturday,Sunny,401,194,No,Regular,11,4.43,0,0.0
Monday,Sunny,165,224,No,Banquet,10,4.58,0,54.8
Sunday,Sunny,421,491,Diwali,Regular,21,4.05,0,0.0
Monday,Rainy,147,234,Christmas,Regular,12,4.42,0,97.3
Saturday,Sunny,754,1236,No,Corporate,46,4.07,1,437.4
Monday,Cloudy,136,135,No,Regular,6,4.14,0,0.0
Tuesday,Cloudy,127,43,No,Banquet,4,4.31,0,0.0
Monday,Sunny,438,447,No,Regular,20,4.25,0,0.0
Thursday,Cloudy,539,1400,Diwali,Regular,52,4.22,0,811.5
Wednesday,Cloudy,204,181,No,Regular,10,3.5,0,0.0
Tuesday,Stormy,815,801,No,Regular,29,3.6,0,178.8
Thursday,Sunny,496,1400,No,Regular,51,3.39,0,905.3
Wednesday,Cloudy,133,262,Eid,Regular,11,3.53,0,116.6
Saturday,Sunny,127,134,No,Regular,5,4.31,0,0.0
Sunday,Rainy,24,20,No,Regular,4,3.97,1,0.0
Friday,Cloudy,310,29,Eid,Regular,4,3.85,0,0.0
Monday,Sunny,270,312,No,Regular,12,4.88,0,51.2
Wednesday,Rainy,254,312,No,Regular,16,4.63,0,78.4
Sunday,Sunny,112,388,No,Regular,15,3.45,0,278.1
Monday,Sunny,496,501,No,Regular,18,3.76,0,46.0
Wednesday,Cloudy,139,382,No,Regular,16,3.72,0,253.8
Sunday,Sunny,791,754,New Year,Regular,30,4.15,0,0.0
Sunday,Rainy,343,31,Diwali,Regular,6,3.58,0,0.0
Wednesday,Cloudy,499,669,No,Banquet,25,3.83,0,165.7
Friday,Rainy,909,74,No,Regular,6,4.3,1,0.0
Thursday,Rainy,401,128,New Year,Regular,5,4.06,0,0.0
Saturday,Rainy,95,33,No,Buffet,4,3.57,0,0.0
Monday,Sunny,313,370,No,Buffet,17,4.16,0,0.0
Tuesday,Sunny,633,667,Diwali,Regular,26,4.17,0,0.0
Friday,Sunny,690,910,No,Corporate,33,4.21,0,217.6
Tuesday,Stormy,161,550,No,Buffet,21,3.53,0,423.1
Friday,Stormy,473,628,No,Banquet,24,4.53,0,268.1
Wednesday,Rainy,230,349,No,Banquet,13,3.91,0,162.9
Sunday,Sunny,139,188,No,Buffet,8,3.64,0,18.7
Saturday,Sunny,802,338,No,Buffet,15,4.15,0,0.0
Thursday,Rainy,25,20,No,Regular,4,4.4,0,2.0
Saturday,Sunny,98,129,No,Banquet,5,4.37,0,20.4
Tuesday,Cloudy,147,108,No,Buffet,6,4.66,0,0.0
Thursday,Sunny,586,714,No,Regular,29,3.85,1,74.2
Tuesday,Sunny,424,24,No,Regular,4,3.44,0,0.0
Sunday,Cloudy,93,286,New Year,Buffet,12,3.98,0,176.1
Saturday,Stormy,195,231,No,Buffet,9,2.93,0,87.7
Sunday,Rainy,78,78,No,Corporate,4,3.77,0,9.8
Sunday,Cloudy,57,117,No,Regular,7,3.98,0,52.9
Sunday,Sunny,663,1400,New Year,Corporate,52,3.91,0,699.2
Tuesday,Rainy,443,60,Eid,Regular,7,4.33,0,0.0
Sunday,Cloudy,160,176,Diwali,Buffet,9,4.11,0,0.0
Friday,Cloudy,193,306,No,Regular,14,4.31,0,110.0
Thursday,Cloudy,254,343,No,Regular,17,4.24,0,99.4
Thursday,Sunny,550,579,No,Regular,23,3.5,1,11.0
Wednesday,Sunny,124,38,No,Regular,4,4.37,0,0.0
Wednesday,Rainy,424,24,No,Regular,4,3.89,0,0.0
Tuesday,Cloudy,499,513,Eid,Corporate,23,4.21,0,0.0
Monday,Sunny,233,297,No,Regular,12,4.31,0,73.2
Thursday,Sunny,143,219,No,Corporate,9,3.79,0,95.7
Sunday,Stormy,816,787,Eid,Buffet,30,3.83,1,0.0
Friday,Cloudy,797,419,New Year,Regular,19,4.13,1,0.0
Thursday,Cloudy,69,120,No,Banquet,5,3.92,0,56.1
Thursday,Sunny,84,73,No,Corporate,4,4.84,0,0.0
Thursday,Stormy,352,354,Diwali,Corporate,16,4.12,0,80.5
Tuesday,Rainy,543,926,New Year,Corporate,38,3.63,0,447.9
Saturday,Cloudy,412,231,No,Buffet,12,5.0,1,0.0
Tuesday,Sunny,558,832,No,Banquet,34,4.27,0,228.1
Friday,Cloudy,681,199,No,Regular,10,4.1,0,0.0
Saturday,Rainy,79,263,Diwali,Regular,11,4.76,1,173.4
Friday,Rainy,102,125,No,Buffet,5,4.25,0,26.5
Sunday,Stormy,80,106,No,Regular,5,4.09,0,41.4
Wednesday,Cloudy,797,915,Eid,Buffet,37,3.45,1,0.0
Sunday,Sunny,462,364,No,Regular,17,3.16,0,0.0
Saturday,Cloudy,856,886,No,Regular,36,4.63,0,0.0
Saturday,Rainy,706,1056,No,Banquet,38,4.25,0,362.0
Friday,Sunny,862,963,No,Regular,36,4.04,1,0.0
Saturday,Sunny,115,31,No,Regular,4,4.06,0,0.0
Sunday,Cloudy,149,273,No,Buffet,13,4.25,1,96.7
Thursday,Sunny,688,851,No,Corporate,35,4.39,0,166.4
Saturday,Rainy,233,251,New Year,Corporate,12,3.79,0,60.3
Saturday,Sunny,767,808,No,Regular,32,4.2,0,0.0
Thursday,Sunny,190,563,Diwali,Banquet,25,4.34,0,340.5
Sunday,Sunny,425,835,No,Buffet,33,3.91,0,321.8
Wednesday,Cloudy,162,120,Eid,Corporate,6,3.19,0,0.0
Thursday,Rainy,60,67,New Year,Regular,7,3.8,1,12.3
Monday,Sunny,463,70,New Year,Regular,7,3.57,0,0.0
Tuesday,Cloudy,618,849,Eid,Buffet,34,4.62,0,151.7
Saturday,Sunny,291,111,No,Buffet,4,3.72,0,0.0
Wednesday,Cloudy,326,546,No,Regular,23,3.7,0,216.3
Wednesday,Stormy,789,821,No,Buffet,32,3.85,0,209.5
Tuesday,Rainy,906,1223,No,Buffet,47,4.47,1,313.8
Thursday,Sunny,629,719,No,Regular,26,4.49,0,59.9
Saturday,Cloudy,324,1031,No,Buffet,38,3.78,0,676.8
Sunday,Sunny,302,109,No,Regular,6,3.93,0,0.0
Monday,Sunny,155,29,No,Corporate,4,4.05,0,0.0
Friday,Sunny,823,706,No,Buffet,28,4.7,0,0.0
Thursday,Sunny,705,883,No,Buffet,35,3.26,0,98.3
Friday,Sunny,201,254,No,Banquet,12,3.52,0,42.3
Thursday,Rainy,274,242,No,Buffet,12,5.0,0,0.0
Wednesday,Sunny,737,941,Eid,Regular,36,4.61,0,75.4
Thursday,Rainy,47,65,No,Buffet,4,3.49,0,21.7
Friday,Stormy,92,96,Diwali,Banquet,4,5.0,0,11.4
Thursday,Cloudy,233,166,No,Regular,6,4.39,0,0.0
Thursday,Cloudy,436,670,No,Buffet,25,4.17,1,159.3
Saturday,Rainy,85,122,No,Regular,9,4.74,0,46.0
Saturday,Sunny,498,1322,No,Corporate,51,3.75,0,841.4
Wednesday,Sunny,761,33,Diwali,Buffet,4,3.92,0,0.0
Saturday,Cloudy,223,85,Christmas,Banquet,7,4.15,0,0.0
Saturday,Rainy,75,98,No,Buffet,6,4.33,0,16.6
Tuesday,Rainy,40,20,No,Regular,4,4.26,0,0.0
Friday,Rainy,691,973,No,Buffet,38,4.21,0,256.2
Wednesday,Cloudy,34,59,No,Banquet,4,3.95,1,25.6
Saturday,Cloudy,84,54,No,Regular,4,4.27,0,0.0
Tuesday,Rainy,800,59,No,Regular,6,4.23,0,0.0
Friday,Rainy,406,404,New Year,Buffet,17,4.12,0,0.0
Tuesday,Cloudy,328,392,No,Buffet,17,4.01,0,60.0
Thursday,Stormy,420,536,No,Regular,23,3.9,0,217.7
Sunday,Rainy,418,761,No,Regular,32,3.51,0,387.6
Wednesday,Cloudy,435,129,No,Regular,5,4.72,1,0.0
Sunday,Sunny,487,590,No,Buffet,25,4.43,0,0.0
Sunday,Sunny,663,823,No,Buffet,32,4.54,0,0.0
Sunday,Rainy,114,66,No,Buffet,4,3.63,0,0.0
Tuesday,Sunny,355,728,Christmas,Corporate,29,3.91,0,374.0
Saturday,Cloudy,474,1023,No,Regular,39,4.09,0,514.2
Monday,Cloudy,574,771,No,Buffet,30,4.27,0,193.4
Wednesday,Rainy,680,54,No,Regular,4,3.8,1,0.0
Sunday,Rainy,699,706,Diwali,Regular,26,4.85,0,0.0
Friday,Rainy,305,564,No,Buffet,24,4.49,1,242.7
Thursday,Sunny,167,166,No,Buffet,10,4.2,1,0.0
Wednesday,Sunny,885,29,No,Banquet,6,4.25,0,0.0
Saturday,Cloudy,272,321,No,Regular,16,4.03,0,34.2
Friday,Sunny,789,38,No,Regular,4,3.83,0,0.0
Thursday,Cloudy,393,65,New Year,Regular,7,3.11,0,0.0
Sunday,Stormy,160,387,No,Buffet,17,4.49,0,244.3
Tuesday,Cloudy,690,670,No,Regular,26,4.14,0,0.0
Tuesday,Cloudy,884,867,New Year,Banquet,32,4.62,0,0.0
Friday,Cloudy,440,547,No,Corporate,23,4.36,1,74.1
Sunday,Rainy,434,453,No,Buffet,17,4.11,1,15.0
Tuesday,Sunny,232,293,Diwali,Buffet,15,4.16,1,0.0
Tuesday,Cloudy,453,758,No,Regular,32,3.81,0,312.5
Monday,Sunny,422,1400,Diwali,Buffet,52,3.62,0,853.1
Sunday,Cloudy,502,48,No,Buffet,6,3.7,0,0.0
Tuesday,Sunny,91,87,No,Banquet,8,3.72,0,5.0
Thursday,Cloudy,271,270,Diwali,Buffet,13,4.04,1,0.0
Sunday,Rainy,121,186,No,Regular,7,4.45,1,61.4
Monday,Sunny,810,1400,Eid,Regular,52,4.41,0,571.0
Thursday,Cloudy,37,58,Diwali,Regular,4,3.48,0,18.0
Thursday,Sunny,474,465,New Year,Banquet,18,4.48,0,0.0
Saturday,Sunny,331,421,No,Corporate,18,4.18,0,76.4
Wednesday,Sunny,307,116,No,Corporate,9,4.41,0,0.0
Wednesday,Sunny,353,364,No,Corporate,17,4.34,0,24.0
Tuesday,Stormy,495,24,No,Regular,5,3.42,1,0.0
Saturday,Stormy,381,73,No,Buffet,7,4.2,0,0.0
Saturday,Cloudy,916,1400,No,Buffet,52,4.74,0,339.5
Monday,Cloudy,143,253,No,Regular,10,3.62,0,131.2
Wednesday,Rainy,330,26,New Year,Buffet,5,3.73,0,0.0
Sunday,Rainy,378,379,No,Buffet,16,3.28,0,32.0
Monday,Cloudy,813,829,No,Banquet,31,3.93,0,62.8
Wednesday,Sunny,408,434,No,Regular,18,3.5,0,45.9
Thursday,Cloudy,219,51,No,Banquet,4,3.76,0,0.0
Wednesday,Stormy,767,988,No,Banquet,39,4.22,0,442.4
Tuesday,Sunny,336,539,No,Banquet,22,4.46,1,149.9
Thursday,Cloudy,740,61,No,Regular,5,3.31,0,0.0
Tuesday,Sunny,111,146,No,Regular,8,3.93,0,26.1
Thursday,Sunny,391,482,Diwali,Buffet,22,4.02,0,0.0
Friday,Cloudy,218,22,New Year,Regular,4,4.07,0,0.0
Friday,Sunny,107,383,No,Regular,17,4.46,0,258.7
Monday,Stormy,414,493,No,Corporate,20,4.46,1,218.3
Saturday,Rainy,128,133,Diwali,Regular,7,4.49,0,0.0
Tuesday,Sunny,154,156,No,Regular,7,4.22,0,1.5
Saturday,Rainy,575,683,No,Banquet,26,4.01,0,109.5
Wednesday,Rainy,570,752,No,Regular,28,3.91,1,263.1
Saturday,Cloudy,157,201,No,Banquet,11,4.37,0,35.5
Tuesday,Cloudy,143,214,No,Regular,8,3.77,0,78.5
Tuesday,Rainy,557,571,Diwali,Regular,22,3.77,0,56.8
Thursday,Sunny,288,310,No,Regular,14,4.33,0,8.7
Monday,Sunny,367,452,No,Regular,20,4.43,0,98.6
Tuesday,Sunny,921,1177,Diwali,Regular,45,4.12,1,0.0
Saturday,Sunny,192,301,Diwali,Corporate,11,4.39,1,71.8
Saturday,Cloudy,296,173,No,Banquet,10,4.01,0,0.0
Monday,Sunny,670,45,No,Regular,4,4.06,0,0.0
Sunday,Cloudy,215,278,No,Regular,14,4.27,1,40.9
Saturday,Cloudy,935,1143,Diwali,Buffet,43,3.79,0,0.0
Sunday,Rainy,776,502,No,Buffet,22,4.42,0,0.0
Friday,Cloudy,460,475,Christmas,Regular,19,4.02,0,0.0
Friday,Stormy,840,1171,No,Regular,43,4.05,0,468.2
Thursday,Rainy,407,360,No,Regular,17,4.16,0,0.0
Friday,Sunny,923,919,No,Buffet,34,4.47,0,0.0
Sunday,Cloudy,481,509,Christmas,Regular,22,3.19,0,0.0
Monday,Sunny,126,135,Eid,Corporate,8,3.59,0,15.9
Wednesday,Rainy,731,789,No,Regular,31,4.55,0,158.2
Monday,Cloudy,525,608,No,Regular,26,4.33,0,101.3
Sunday,Sunny,871,1166,No,Buffet,46,3.93,0,50.3
Thursday,Sunny,659,946,No,Regular,35,4.15,0,251.5
Friday,Sunny,570,760,No,Banquet,28,4.37,1,44.6
Saturday,Rainy,281,383,No,Buffet,14,4.77,1,73.1
Sunday,Rainy,616,602,Christmas,Corporate,22,3.94,0,98.8
Tuesday,Sunny,83,87,No,Buffet,6,4.67,0,0.0
Saturday,Sunny,115,149,No,Regular,7,4.36,0,26.3
Sunday,Sunny,355,1099,No,Regular,42,3.73,0,704.5
Monday,Cloudy,947,1171,No,Buffet,44,3.86,0,194.9
Saturday,Sunny,75,251,No,Buffet,10,4.63,1,155.0
Wednesday,Sunny,276,60,No,Regular,6,4.71,1,0.0
Friday,Rainy,38,56,No,Regular,4,4.1,0,20.6
Thursday,Cloudy,149,205,No,Regular,12,4.58,0,59.0
Tuesday,Rainy,290,336,No,Regular,13,4.27,0,78.0
Monday,Cloudy,101,379,No,Regular,17,4.09,0,288.1
Monday,Cloudy,690,30,No,Buffet,4,4.2,0,0.0
Monday,Cloudy,760,1212,No,Banquet,44,3.53,1,428.8
Friday,Sunny,342,30,No,Regular,4,4.01,1,0.0
Wednesday,Sunny,479,151,No,Regular,9,3.9,1,0.0
Tuesday,Stormy,857,1400,No,Regular,52,4.54,0,747.2
Friday,Rainy,455,1400,No,Regular,51,4.22,0,970.5
Friday,Cloudy,123,131,No,Buffet,6,4.02,0,0.0
Thursday,Sunny,245,253,No,Regular,13,4.59,0,0.0
Sunday,Sunny,258,218,No,Banquet,11,3.49,0,0.0
Wednesday,Sunny,323,142,No,Corporate,8,3.72,0,0.0
Saturday,Stormy,416,437,No,Buffet,16,4.65,0,65.5
Monday,Rainy,761,743,Diwali,Banquet,29,4.39,0,0.0
Saturday,Cloudy,274,309,No,Buffet,14,3.45,1,0.0
Sunday,Stormy,174,230,No,Banquet,12,4.21,0,82.3
Saturday,Sunny,204,199,No,Regular,12,3.59,0,0.0
Friday,Cloudy,572,1026,New Year,Banquet,37,3.94,0,366.3
Friday,Sunny,111,133,No,Regular,9,4.31,0,11.5
Wednesday,Sunny,64,92,No,Regular,6,4.11,0,25.3
Friday,Stormy,539,675,No,Banquet,28,4.09,0,213.4
Saturday,Rainy,290,818,New Year,Regular,34,3.77,0,539.3
Sunday,Sunny,119,102,Christmas,Regular,7,4.6,1,0.0
Thursday,Sunny,464,526,No,Regular,19,4.33,0,35.6
Monday,Cloudy,393,269,No,Regular,11,3.78,0,0.0
Friday,Sunny,62,138,No,Regular,9,4.17,1,63.3
Monday,Cloudy,921,1400,No,Regular,51,3.99,0,552.8
Tuesday,Cloudy,238,761,No,Buffet,31,3.89,1,485.6
Wednesday,Sunny,112,106,No,Corporate,6,4.18,0,1.5
Saturday,Sunny,591,766,No,Regular,32,4.82,0,125.4
Tuesday,Sunny,358,166,No,Corporate,10,3.76,0,0.0
Tuesday,Stormy,616,750,No,Buffet,27,4.36,0,203.9
Monday,Sunny,429,59,No,Corporate,7,4.48,0,0.0
Sunday,Cloudy,248,42,No,Corporate,6,4.32,0,0.0
Friday,Sunny,414,417,No,Banquet,19,4.5,0,0.0
Monday,Cloudy,519,428,No,Regular,18,4.09,0,0.0
Monday,Sunny,839,36,Eid,Buffet,6,4.33,0,0.0
Thursday,Sunny,376,729,No,Banquet,28,4.17,0,337.3
Wednesday,Rainy,728,831,No,Buffet,30,3.58,0,90.8
Friday,Cloudy,127,181,No,Regular,9,3.68,0,56.1
Thursday,Sunny,788,1098,No,Buffet,41,4.56,0,138.1
Sunday,Sunny,384,612,No,Corporate,26,3.93,0,254.5
Wednesday,Stormy,197,196,No,Regular,11,3.98,0,55.1
Friday,Sunny,102,134,No,Buffet,7,4.44,0,13.4
Monday,Sunny,189,199,No,Corporate,8,4.07,0,28.2
Sunday,Sunny,82,119,Diwali,Buffet,5,4.42,0,10.9
Sunday,Sunny,310,313,No,Regular,15,4.08,0,0.0
Saturday,Cloudy,115,137,No,Buffet,5,3.69,0,9.1
Thursday,Cloudy,291,303,Diwali,Buffet,14,4.55,0,0.0
Tuesday,Cloudy,258,377,Christmas,Regular,14,3.77,0,116.8
Saturday,Cloudy,29,27,No,Buffet,4,4.65,0,0.0
Saturday,Sunny,475,611,No,Regular,23,4.36,0,81.7
Tuesday,Rainy,131,143,No,Corporate,7,3.9,0,30.9
Thursday,Sunny,237,303,No,Corporate,13,4.37,0,83.9
Thursday,Sunny,584,784,No,Corporate,30,3.92,0,261.6
Saturday,Cloudy,747,1219,No,Buffet,45,3.8,0,402.1
Friday,Sunny,279,428,No,Regular,17,4.21,1,105.7
Friday,Sunny,167,164,No,Corporate,10,4.45,0,8.2
Friday,Sunny,85,74,No,Regular,4,4.24,0,0.0
Tuesday,Cloudy,158,105,Eid,Buffet,7,3.81,0,0.0
Wednesday,Sunny,265,738,No,Regular,31,3.55,0,473.3
Monday,Cloudy,404,386,No,Buffet,16,4.05,1,0.0
Saturday,Rainy,749,1231,No,Buffet,45,3.66,0,472.5
Thursday,Cloudy,880,595,No,Regular,23,4.08,1,0.0
Thursday,Sunny,359,553,Diwali,Regular,21,4.11,0,143.1
Tuesday,Rainy,821,680,Diwali,Regular,27,4.42,0,0.0
Tuesday,Sunny,774,773,No,Regular,31,4.39,0,0.0
Friday,Rainy,391,454,No,Regular,20,4.53,0,80.0
Tuesday,Cloudy,802,1400,No,Corporate,51,4.11,1,682.1
Monday,Sunny,413,448,New Year,Banquet,17,3.95,0,0.0
Saturday,Rainy,853,1399,No,Banquet,52,4.3,0,555.3
Wednesday,Cloudy,94,96,No,Regular,8,4.3,0,0.0
Wednesday,Sunny,354,608,No,Regular,22,4.28,0,224.7
Thursday,Sunny,307,484,No,Buffet,21,4.92,0,131.7
Saturday,Cloudy,46,98,No,Buffet,6,4.4,0,41.5
Wednesday,Cloudy,278,362,Christmas,Buffet,17,4.62,0,7.4
Saturday,Rainy,601,699,No,Corporate,29,3.66,1,140.2
Sunday,Sunny,766,1019,No,Buffet,40,3.71,1,32.5
Friday,Cloudy,39,82,No,Buffet,4,3.79,0,37.3
Thursday,Cloudy,67,68,No,Banquet,4,4.13,0,0.0
Saturday,Cloudy,164,212,New Year,Regular,10,4.06,0,8.6
Thursday,Cloudy,126,166,No,Corporate,8,4.23,0,53.8
Wednesday,Sunny,21,20,Christmas,Buffet,4,4.81,0,0.0
Thursday,Rainy,106,146,Eid,Regular,6,4.08,1,36.4
Wednesday,Sunny,263,256,No,Banquet,13,4.32,0,0.0
Monday,Sunny,149,149,No,Corporate,6,4.15,0,14.8
Wednesday,Cloudy,109,120,No,Corporate,7,4.57,0,18.3
Monday,Sunny,924,1096,No,Regular,40,4.39,0,226.2
Wednesday,Sunny,825,268,No,Regular,12,4.1,0,0.0
Thursday,Sunny,877,1001,No,Buffet,37,4.52,1,0.0
Sunday,Cloudy,58,103,No,Regular,4,4.38,0,40.9
Monday,Stormy,58,59,No,Regular,4,4.48,0,19.7
Friday,Sunny,325,533,No,Regular,20,4.14,1,167.9
Thursday,Sunny,522,502,No,Regular,20,4.4,0,0.0
Monday,Rainy,231,38,No,Corporate,4,4.02,0,0.0
Tuesday,Sunny,878,934,No,Buffet,36,3.69,0,27.5
Monday,Stormy,200,260,No,Regular,10,3.93,0,115.4
Tuesday,Cloudy,791,758,No,Buffet,29,4.38,0,0.0
Tuesday,Sunny,582,900,No,Regular,34,4.34,0,317.0
Wednesday,Cloudy,63,81,No,Regular,5,3.83,0,18.3
Thursday,Sunny,358,822,No,Buffet,32,4.7,0,397.3
Monday,Rainy,319,397,No,Buffet,19,3.7,0,88.0
Tuesday,Sunny,39,39,No,Regular,6,4.19,0,0.5
Monday,Rainy,499,511,No,Buffet,21,3.95,0,38.6
Thursday,Rainy,437,753,No,Regular,27,4.2,0,379.7
Wednesday,Rainy,425,127,Diwali,Buffet,9,3.59,0,0.0
Thursday,Rainy,901,999,No,Regular,39,3.42,0,215.1
Tuesday,Sunny,325,318,Eid,Buffet,15,3.86,0,0.0
Monday,Cloudy,895,1170,No,Buffet,46,4.41,0,280.6
Sunday,Rainy,380,496,Diwali,Regular,20,4.2,1,64.2
Monday,Sunny,793,360,No,Buffet,15,3.55,1,0.0
Monday,Sunny,98,140,No,Corporate,7,4.53,0,48.2
Tuesday,Sunny,460,744,No,Regular,27,4.21,0,279.2
Sunday,Sunny,933,990,No,Buffet,36,4.44,0,0.0
Friday,Rainy,350,68,No,Corporate,6,3.98,0,0.0
Friday,Cloudy,869,1400,No,Regular,51,3.37,0,574.4
Sunday,Cloudy,239,298,Christmas,Banquet,15,4.74,0,0.0
Monday,Stormy,397,1007,No,Regular,37,4.05,0,737.8
Sunday,Sunny,192,251,No,Corporate,11,4.54,0,62.6
Tuesday,Rainy,122,134,No,Banquet,9,3.96,0,14.8
Friday,Sunny,326,713,No,Banquet,26,4.16,0,311.2
Thursday,Sunny,87,123,Diwali,Buffet,5,3.44,0,13.5
Wednesday,Sunny,690,559,No,Buffet,21,3.77,0,0.0
Sunday,Sunny,450,612,No,Regular,26,4.74,0,115.2
Tuesday,Sunny,26,123,No,Regular,6,4.49,0,95.9
Sunday,Cloudy,133,130,No,Corporate,7,4.62,0,9.5
Wednesday,Sunny,447,538,No,Regular,23,4.32,0,51.1
Friday,Sunny,72,102,No,Corporate,7,4.23,0,29.8
Sunday,Cloudy,421,638,Diwali,Regular,27,4.52,0,139.5
Monday,Sunny,946,823,No,Regular,30,4.5,0,0.0
Sunday,Rainy,86,51,Christmas,Regular,6,4.25,0,0.0
Thursday,Stormy,354,582,Diwali,Buffet,24,4.16,0,257.7
Friday,Cloudy,714,753,No,Regular,31,4.52,0,18.1
Tuesday,Cloudy,571,999,New Year,Regular,36,3.68,0,401.0
Thursday,Cloudy,86,116,Eid,Banquet,8,3.99,0,10.2
Friday,Cloudy,553,713,No,Corporate,28,3.53,0,206.2
Thursday,Stormy,103,135,New Year,Corporate,8,3.72,0,60.8
Tuesday,Stormy,811,504,No,Regular,19,4.21,0,0.0
Tuesday,Sunny,272,290,No,Regular,13,4.45,0,10.1
Saturday,Cloudy,22,41,No,Buffet,6,4.89,0,12.3
Monday,Rainy,237,495,No,Regular,22,4.07,0,305.3
Friday,Sunny,51,58,New Year,Regular,5,3.95,0,0.0
Sunday,Cloudy,325,410,No,Banquet,18,4.09,0,56.3
Monday,Cloudy,348,371,No,Regular,16,4.22,0,38.4
Tuesday,Cloudy,564,30,No,Banquet,6,4.88,0,0.0
Friday,Sunny,262,899,Diwali,Regular,34,4.12,0,586.1
Monday,Sunny,236,368,No,Regular,18,3.66,0,142.6
Friday,Sunny,98,42,No,Regular,4,4.28,0,0.0
Friday,Cloudy,904,1285,No,Banquet,50,4.16,1,245.8
Friday,Rainy,420,1316,No,Buffet,48,4.1,0,931.5
Wednesday,Rainy,70,159,Christmas,Corporate,8,4.01,0,100.6
Friday,Sunny,338,352,New Year,Regular,15,4.99,0,0.0
Friday,Sunny,320,309,No,Corporate,14,3.91,0,0.0
Tuesday,Rainy,432,519,No,Buffet,20,3.48,0,133.3
Thursday,Cloudy,490,406,Diwali,Buffet,16,3.87,0,0.0
Sunday,Cloudy,405,494,No,Corporate,22,3.91,0,125.3
Friday,Sunny,424,425,No,Corporate,16,3.59,0,4.3
Thursday,Sunny,919,47,No,Buffet,4,4.04,0,0.0
Wednesday,Rainy,35,35,No,Regular,5,4.8,1,7.7
Monday,Cloudy,140,203,No,Corporate,10,3.59,0,93.0
Tuesday,Sunny,51,81,No,Regular,7,3.54,0,30.8
Monday,Rainy,245,60,No,Banquet,4,4.43,0,0.0
Sunday,Cloudy,49,29,No,Regular,4,4.04,0,0.0
Tuesday,Stormy,150,85,No,Regular,7,3.96,0,0.0
Saturday,Cloudy,452,444,No,Regular,16,4.57,0,0.0
Tuesday,Sunny,513,899,No,Buffet,33,3.89,0,365.0
Wednesday,Stormy,50,112,No,Regular,6,3.46,1,72.1
Wednesday,Stormy,93,79,Diwali,Corporate,7,4.46,0,5.7
Wednesday,Stormy,406,707,No,Buffet,28,4.09,0,385.6
Saturday,Rainy,347,354,No,Regular,14,4.07,0,41.7
Sunday,Cloudy,87,159,No,Buffet,10,3.3,0,67.3
Sunday,Sunny,576,441,No,Corporate,19,3.7,0,0.0
Tuesday,Sunny,194,226,Christmas,Banquet,10,4.04,0,0.0
Saturday,Stormy,333,331,No,Regular,16,3.67,1,47.0
Tuesday,Sunny,376,384,Diwali,Banquet,18,4.52,0,0.0
Sunday,Rainy,579,1400,No,Regular,52,4.09,0,883.8
Thursday,Stormy,146,144,No,Buffet,7,4.02,0,17.7
Wednesday,Stormy,818,1389,No,Corporate,51,4.53,0,822.0
Tuesday,Stormy,145,141,No,Regular,7,3.88,0,39.6
Monday,Cloudy,220,669,No,Regular,28,4.28,0,460.2
Tuesday,Cloudy,84,24,Eid,Buffet,4,4.12,0,0.0
Sunday,Stormy,261,319,Diwali,Regular,13,4.47,0,74.1
Saturday,Sunny,613,799,No,Regular,29,4.3,0,83.8
Sunday,Sunny,425,316,No,Regular,15,4.38,1,0.0
Monday,Stormy,25,60,No,Corporate,4,3.91,1,41.5
Friday,Cloudy,802,1316,No,Regular,51,3.88,0,493.3
Tuesday,Cloudy,897,869,No,Buffet,32,4.08,0,0.0
Thursday,Sunny,125,64,No,Banquet,4,4.38,0,0.0
Wednesday,Cloudy,367,123,No,Corporate,5,4.28,1,0.0
Wednesday,Stormy,234,240,No,Buffet,13,4.45,0,38.6
Friday,Cloudy,797,858,No,Buffet,34,3.77,0,0.0
Tuesday,Sunny,103,29,No,Regular,4,3.56,0,0.0
Thursday,Cloudy,24,25,Diwali,Regular,5,3.92,1,0.0
Friday,Rainy,452,606,No,Regular,26,3.85,1,169.6
Monday,Rainy,940,76,New Year,Regular,5,3.72,0,0.0
Sunday,Sunny,446,210,No,Regular,9,4.03,0,0.0
Thursday,Cloudy,197,300,No,Buffet,11,3.58,0,91.3
Saturday,Sunny,719,382,No,Regular,18,3.89,0,0.0
Friday,Sunny,38,54,Diwali,Regular,5,3.71,0,7.0
Friday,Sunny,174,297,No,Corporate,13,3.63,0,135.9
Friday,Cloudy,394,506,No,Regular,19,3.6,0,110.9
Sunday,Cloudy,912,1400,No,Buffet,52,3.71,0,312.6
Friday,Sunny,176,224,No,Regular,13,4.34,0,31.2
Tuesday,Sunny,849,977,No,Buffet,36,4.0,0,46.4
Monday,Sunny,390,483,No,Regular,19,4.17,1,103.5
Friday,Sunny,58,61,No,Regular,4,4.03,0,3.1
Monday,Cloudy,339,427,Eid,Corporate,17,4.39,1,77.4
Tuesday,Sunny,415,733,No,Buffet,28,4.33,0,269.6
Monday,Sunny,162,123,No,Regular,8,4.34,0,0.0
Thursday,Stormy,714,895,No,Regular,33,4.04,0,317.9
Tuesday,Sunny,490,1400,Eid,Buffet,52,4.1,0,833.1
Friday,Rainy,183,478,No,Regular,20,3.62,1,310.2
Saturday,Cloudy,131,166,No,Buffet,7,3.82,0,15.5
Saturday,Cloudy,320,368,No,Buffet,17,4.43,0,0.0
Wednesday,Cloudy,629,883,No,Buffet,36,3.89,0,242.4
Thursday,Sunny,801,861,Diwali,Corporate,31,4.01,0,61.9
Thursday,Rainy,850,1234,No,Regular,48,4.37,0,416.7
Thursday,Rainy,547,910,Christmas,Banquet,37,4.22,0,299.8
Friday,Sunny,435,744,No,Buffet,29,4.12,1,182.1
Tuesday,Rainy,642,482,No,Buffet,19,4.02,0,0.0
Sunday,Cloudy,941,1400,No,Buffet,51,4.46,0,367.0
Monday,Rainy,198,331,Christmas,Buffet,15,3.84,0,121.1
Saturday,Rainy,57,79,No,Regular,4,4.25,0,25.0
Friday,Sunny,561,744,No,Banquet,31,4.0,0,128.5
Tuesday,Rainy,925,1400,No,Banquet,52,4.34,0,490.4
Saturday,Stormy,413,345,No,Regular,15,4.38,0,27.7
Monday,Rainy,394,120,No,Buffet,8,4.16,0,0.0
Saturday,Sunny,136,264,No,Corporate,12,4.56,1,122.1
Friday,Rainy,29,76,No,Banquet,6,4.41,1,47.7
Monday,Cloudy,560,64,No,Buffet,4,4.0,0,0.0
Monday,Sunny,458,473,No,Regular,19,4.21,0,22.3
Saturday,Rainy,341,407,No,Buffet,17,4.23,0,69.1
Wednesday,Cloudy,259,40,No,Regular,4,4.52,0,0.0
Sunday,Rainy,435,1313,No,Buffet,51,3.51,0,908.5
Saturday,Cloudy,769,986,No,Buffet,38,4.57,0,88.5
Friday,Sunny,641,657,No,Buffet,25,3.47,0,0.0
Tuesday,Stormy,204,113,No,Regular,8,4.3,0,0.0
Friday,Cloudy,428,514,No,Buffet,23,4.3,0,0.0
Sunday,Cloudy,86,114,Christmas,Buffet,9,4.03,0,8.1
Monday,Sunny,565,667,Diwali,Regular,27,4.36,0,62.7
Wednesday,Sunny,601,948,Eid,Regular,38,3.62,0,306.3
Tuesday,Cloudy,209,264,No,Regular,14,3.78,1,46.8
Wednesday,Sunny,144,173,No,Corporate,8,3.67,0,41.5
Saturday,Stormy,407,499,Christmas,Buffet,18,3.84,0,122.7
Thursday,Stormy,927,734,Christmas,Buffet,29,4.55,0,0.0
Friday,Rainy,624,1400,Diwali,Buffet,52,4.63,0,707.6
Wednesday,Sunny,105,59,Eid,Corporate,7,4.08,0,0.0
Tuesday,Cloudy,904,1130,Christmas,Buffet,41,4.2,0,58.2
Tuesday,Sunny,165,47,No,Regular,6,4.92,1,0.0
Saturday,Rainy,289,42,No,Regular,4,3.94,1,0.0
Friday,Cloudy,86,122,No,Regular,8,3.84,0,35.5
Wednesday,Stormy,70,76,No,Corporate,6,4.5,0,27.4
Saturday,Sunny,97,100,No,Buffet,5,3.9,0,0.0
Monday,Sunny,460,610,No,Corporate,22,3.71,0,220.3
Tuesday,Stormy,787,1293,No,Buffet,48,4.48,0,626.7
Tuesday,Cloudy,946,1400,New Year,Corporate,52,4.69,0,408.3
Sunday,Rainy,709,1400,No,Banquet,52,3.91,1,668.1
Friday,Rainy,317,305,No,Buffet,13,4.11,0,0.0
Friday,Cloudy,53,20,No,Regular,4,4.49,0,0.0
Monday,Sunny,160,119,No,Regular,7,3.8,0,0.0
Tuesday,Cloudy,471,578,No,Buffet,21,4.51,0,67.3
Friday,Rainy,729,202,No,Corporate,12,4.73,0,0.0
Wednesday,Stormy,360,353,New Year,Buffet,17,3.6,0,74.2
Sunday,Sunny,88,121,No,Regular,9,3.56,0,26.0
Saturday,Cloudy,537,527,No,Buffet,22,3.44,1,0.0
Thursday,Sunny,657,1400,No,Regular,52,3.9,0,739.5
Saturday,Cloudy,303,145,No,Regular,10,3.59,0,0.0
Sunday,Rainy,27,54,No,Corporate,5,4.58,1,22.9
Thursday,Rainy,461,598,No,Buffet,25,3.72,0,149.6
Friday,Sunny,768,532,No,Regular,23,3.95,0,0.0
Sunday,Sunny,356,124,New Year,Regular,6,4.27,1,0.0
Tuesday,Sunny,670,65,No,Buffet,4,3.77,0,0.0
Sunday,Sunny,360,286,No,Regular,14,4.12,0,0.0
Monday,Sunny,390,489,Diwali,Regular,21,4.39,0,53.2
Friday,Rainy,212,34,No,Buffet,5,5.0,0,0.0
Saturday,Sunny,52,25,Diwali,Buffet,4,4.28,0,0.0
Friday,Sunny,191,258,No,Regular,13,3.46,0,53.5
Thursday,Cloudy,578,292,No,Buffet,12,4.41,0,0.0
Friday,Sunny,363,358,No,Buffet,13,4.25,0,0.0
Tuesday,Sunny,420,625,No,Regular,27,4.33,0,188.7
Tuesday,Stormy,724,963,Diwali,Regular,35,4.08,0,324.4
Tuesday,Sunny,487,418,No,Regular,17,4.49,0,0.0
Friday,Sunny,156,190,Diwali,Regular,11,4.01,0,11.0
Thursday,Cloudy,940,1400,No,Corporate,52,4.25,0,599.6
Tuesday,Sunny,178,231,No,Buffet,13,4.21,0,34.1
Sunday,Sunny,494,561,Christmas,Banquet,24,4.16,1,0.0
Wednesday,Sunny,115,156,Eid,Regular,6,3.98,0,30.8
Thursday,Sunny,211,213,No,Buffet,8,4.59,0,0.0
Wednesday,Rainy,141,243,No,Buffet,12,4.7,0,82.6
Tuesday,Sunny,911,1356,Diwali,Corporate,51,4.93,0,420.3
Saturday,Sunny,75,70,No,Banquet,5,4.17,0,0.0
Thursday,Sunny,666,1400,No,Buffet,52,4.22,0,673.5
Monday,Stormy,558,786,No,Buffet,31,4.24,1,338.0
Sunday,Sunny,349,539,New Year,Banquet,24,3.79,1,130.4
Saturday,Rainy,316,329,No,Banquet,12,4.49,0,29.3
Saturday,Sunny,107,25,No,Banquet,4,4.01,0,0.0
Sunday,Stormy,209,262,Christmas,Regular,10,4.37,0,74.7
Sunday,Sunny,507,682,No,Regular,28,3.64,0,139.4
Wednesday,Sunny,79,168,New Year,Regular,9,4.36,0,82.2
Friday,Cloudy,420,146,No,Corporate,8,4.66,0,0.0
Friday,Sunny,425,521,No,Regular,23,3.85,0,78.9
Tuesday,Rainy,249,751,No,Regular,29,3.94,0,534.4
Tuesday,Cloudy,446,550,No,Buffet,24,3.93,0,55.1
Monday,Cloudy,362,518,No,Regular,19,3.93,0,177.6
Friday,Sunny,36,60,No,Corporate,4,4.69,0,20.2
Saturday,Cloudy,792,1400,No,Regular,52,4.18,0,561.1
Saturday,Sunny,222,227,No,Corporate,13,3.73,0,2.0
Wednesday,Stormy,145,172,No,Regular,7,3.79,0,75.6
Tuesday,Cloudy,810,1021,Christmas,Buffet,39,3.28,0,127.8
Thursday,Cloudy,912,931,No,Buffet,36,3.82,1,0.0
Thursday,Rainy,244,242,No,Regular,12,3.61,0,25.5
Sunday,Cloudy,761,883,No,Regular,34,3.63,0,92.2
Sunday,Cloudy,80,166,No,Corporate,7,3.96,0,98.1
Sunday,Sunny,624,629,No,Buffet,23,3.68,0,0.0
Saturday,Cloudy,512,752,New Year,Regular,30,4.07,0,174.3
Sunday,Sunny,165,214,No,Buffet,12,4.29,0,0.0
Thursday,Sunny,348,349,No,Regular,16,4.26,0,0.0
Monday,Rainy,34,49,Christmas,Buffet,5,4.22,0,19.2
Monday,Sunny,20,21,No,Buffet,4,3.07,0,0.6
Wednesday,Cloudy,334,175,No,Buffet,11,3.92,0,0.0
Tuesday,Sunny,737,958,Christmas,Regular,36,4.66,0,117.7
Tuesday,Sunny,46,65,No,Regular,6,5.0,0,17.7
Sunday,Rainy,214,69,No,Regular,4,4.46,1,0.0
Tuesday,Sunny,108,200,No,Regular,10,4.14,0,84.0
Sunday,Cloudy,375,215,Diwali,Buffet,8,3.77,0,0.0
Saturday,Cloudy,257,256,Eid,Buffet,13,4.65,1,0.0
Friday,Rainy,630,196,No,Regular,10,4.06,0,0.0
Friday,Sunny,63,71,No,Regular,4,4.02,0,11.2
Wednesday,Rainy,88,109,No,Buffet,7,4.6,0,24.7
Friday,Sunny,41,60,No,Buffet,4,2.83,0,14.2
Tuesday,Sunny,209,679,Diwali,Corporate,28,4.09,0,448.7
Sunday,Sunny,215,290,No,Regular,13,3.5,0,55.5
Wednesday,Sunny,138,149,Eid,Regular,10,4.35,0,0.0
Tuesday,Cloudy,147,180,No,Regular,8,4.8,0,23.4
Friday,Sunny,347,357,No,Buffet,15,4.33,0,0.0
Friday,Sunny,144,149,No,Buffet,9,4.95,0,0.0
Thursday,Cloudy,858,993,No,Regular,38,4.21,0,191.3
Friday,Cloudy,790,964,No,Regular,36,4.73,1,53.0
Tuesday,Sunny,474,471,No,Buffet,18,3.45,0,0.0
Friday,Sunny,335,600,Diwali,Regular,22,4.21,0,217.3
Tuesday,Sunny,368,171,No,Buffet,11,3.56,0,0.0
Tuesday,Cloudy,101,64,No,Regular,5,4.28,0,0.0
Tuesday,Rainy,453,575,No,Regular,23,3.99,0,175.6
Wednesday,Cloudy,732,778,No,Regular,30,4.04,1,0.0
Wednesday,Cloudy,378,1331,No,Banquet,48,4.03,0,960.6
Thursday,Sunny,32,77,No,Regular,4,4.56,0,42.9
Tuesday,Stormy,436,1069,No,Regular,39,4.2,0,771.1
Tuesday,Sunny,338,26,No,Corporate,4,4.2,0,0.0
Thursday,Sunny,197,193,No,Regular,11,4.13,0,0.0
Monday,Sunny,835,1046,No,Regular,41,4.42,0,233.2
Friday,Sunny,35,51,Eid,Regular,4,4.03,0,8.4
Sunday,Rainy,738,963,No,Buffet,38,3.66,0,207.4
Thursday,Sunny,792,676,Diwali,Regular,28,4.52,0,0.0
Sunday,Sunny,31,51,No,Corporate,4,3.94,0,19.1
Monday,Sunny,381,59,No,Corporate,4,4.24,0,0.0
Monday,Stormy,398,655,No,Buffet,27,4.44,0,323.8
Saturday,Rainy,307,48,No,Regular,4,3.67,0,0.0
Saturday,Stormy,845,1400,New Year,Corporate,52,3.78,0,695.9
Saturday,Rainy,532,719,No,Corporate,28,3.52,0,301.7
Monday,Rainy,327,378,No,Corporate,17,3.97,0,144.0
Saturday,Cloudy,575,314,No,Regular,14,4.56,1,0.0
Wednesday,Sunny,183,218,No,Buffet,8,4.11,0,12.3
Wednesday,Sunny,716,1400,Diwali,Buffet,52,4.71,0,463.4
Tuesday,Sunny,822,1084,No,Banquet,43,4.26,0,142.7
Sunday,Cloudy,688,1112,No,Regular,43,3.88,1,359.8
Monday,Sunny,84,86,No,Corporate,7,3.83,0,13.9
Saturday,Sunny,137,220,Christmas,Buffet,8,4.78,0,5.8
Friday,Cloudy,912,558,No,Corporate,21,4.45,0,0.0
Saturday,Sunny,124,173,New Year,Buffet,11,4.04,0,11.4
Friday,Sunny,314,32,No,Corporate,6,4.18,0,0.0
Saturday,Sunny,473,769,New Year,Regular,28,3.93,0,186.8
Tuesday,Cloudy,941,925,No,Regular,36,3.06,0,130.1
Monday,Sunny,546,52,No,Regular,6,4.16,0,0.0
Friday,Sunny,87,339,Diwali,Corporate,13,3.6,0,240.2
Wednesday,Sunny,207,280,No,Regular,15,3.97,1,46.0
Monday,Rainy,799,892,No,Buffet,36,3.59,0,192.7
Tuesday,Sunny,118,24,No,Banquet,4,4.04,0,0.0
Wednesday,Sunny,375,561,Eid,Banquet,24,3.7,0,127.4
Monday,Rainy,412,436,No,Buffet,16,4.15,0,39.5
Monday,Rainy,401,459,No,Corporate,18,4.41,0,168.6
Sunday,Sunny,454,715,Diwali,Regular,26,4.25,0,138.4
Wednesday,Sunny,81,117,No,Buffet,7,3.5,1,27.2
Sunday,Sunny,528,602,No,Buffet,26,3.42,0,0.0
Sunday,Cloudy,101,111,No,Corporate,5,3.58,1,4.0
Tuesday,Sunny,220,298,No,Regular,12,4.55,0,70.1
Friday,Stormy,222,346,No,Regular,13,5.0,0,168.8
Friday,Rainy,94,174,No,Buffet,7,3.84,0,83.7
Friday,Cloudy,268,188,No,Buffet,9,3.69,0,0.0
Monday,Sunny,99,136,No,Corporate,7,4.7,0,44.9
Tuesday,Rainy,81,116,Eid,Buffet,6,3.94,0,30.7
Monday,Cloudy,161,57,No,Corporate,4,4.09,0,0.0
Friday,Rainy,153,284,No,Buffet,11,4.19,0,121.7
Sunday,Sunny,364,434,No,Corporate,19,3.83,0,80.2
Friday,Cloudy,117,38,No,Corporate,4,3.79,0,0.0
Friday,Rainy,255,253,Eid,Regular,11,4.09,1,0.0
Sunday,Stormy,100,145,No,Regular,7,3.95,1,57.1
Friday,Cloudy,494,273,No,Banquet,11,3.37,0,0.0
Monday,Cloudy,55,50,No,Regular,5,3.74,0,5.6
Sunday,Sunny,144,151,No,Buffet,10,4.06,0,0.0
Wednesday,Cloudy,450,1400,No,Regular,52,3.89,0,969.2
Monday,Stormy,853,1055,No,Corporate,42,4.33,0,562.2
Thursday,Cloudy,84,139,No,Regular,5,3.79,0,59.4
Sunday,Sunny,540,715,No,Buffet,29,4.88,0,20.6
Tuesday,Sunny,99,23,No,Buffet,4,4.14,1,0.0
Thursday,Cloudy,388,400,No,Regular,16,4.15,0,9.7
Tuesday,Rainy,438,1400,Christmas,Buffet,52,3.9,0,934.7
Monday,Sunny,89,89,No,Corporate,5,4.01,1,11.5
Monday,Sunny,239,654,Eid,Buffet,26,3.33,0,397.8
Saturday,Stormy,62,40,No,Banquet,4,4.12,0,0.0
Sunday,Cloudy,546,646,No,Corporate,27,4.95,0,106.1
Tuesday,Sunny,396,665,No,Buffet,26,4.5,0,189.9
Wednesday,Sunny,831,958,No,Buffet,35,3.43,0,61.1
Tuesday,Sunny,30,45,No,Banquet,4,4.24,0,13.4
Monday,Sunny,456,461,No,Buffet,20,4.31,0,0.0
Thursday,Cloudy,679,314,No,Regular,13,4.76,0,0.0
Friday,Cloudy,206,270,No,Corporate,14,3.79,0,84.8
Friday,Cloudy,339,582,No,Banquet,25,5.0,0,214.7
Wednesday,Cloudy,497,148,Christmas,Buffet,9,4.17,1,0.0
Thursday,Sunny,329,356,No,Regular,17,3.77,0,22.2
Monday,Sunny,436,496,No,Buffet,21,3.43,0,15.8
Tuesday,Sunny,171,284,New Year,Corporate,13,4.07,1,100.9
Sunday,Sunny,677,877,No,Regular,32,4.21,0,150.1
Saturday,Cloudy,694,799,No,Corporate,32,3.64,0,190.1
Sunday,Sunny,47,64,No,Buffet,5,4.38,0,2.8
Sunday,Cloudy,145,187,No,Regular,11,4.34,1,7.7
Friday,Sunny,710,522,No,Buffet,19,4.12,0,0.0
Sunday,Sunny,272,290,Eid,Regular,13,3.76,0,0.0
Wednesday,Sunny,803,1400,No,Corporate,52,4.13,0,596.7
Monday,Cloudy,172,124,No,Regular,7,4.89,0,0.0
Monday,Cloudy,146,54,No,Corporate,5,3.73,0,0.0
Monday,Rainy,41,37,Diwali,Regular,4,3.38,0,0.0
Monday,Sunny,401,537,No,Banquet,20,3.96,0,137.8
Wednesday,Cloudy,353,421,No,Corporate,16,3.78,0,95.8
Friday,Rainy,828,1115,No,Regular,43,3.34,0,362.7
Saturday,Sunny,930,713,No,Banquet,29,4.29,0,0.0
Friday,Sunny,736,1291,No,Buffet,49,3.57,0,444.1
Tuesday,Sunny,881,1110,Eid,Buffet,42,3.52,0,0.0
Saturday,Sunny,219,159,No,Banquet,10,4.46,0,0.0
Wednesday,Rainy,433,510,No,Banquet,21,4.71,1,61.0
Monday,Sunny,340,200,No,Buffet,12,5.0,0,0.0
Wednesday,Cloudy,414,410,No,Banquet,15,3.47,0,0.0
Wednesday,Rainy,771,1027,No,Regular,37,4.29,0,290.4
Tuesday,Sunny,95,159,No,Regular,10,3.53,0,59.5
Saturday,Cloudy,531,30,No,Regular,6,4.15,0,0.0
Saturday,Sunny,400,582,No,Regular,24,4.05,1,139.6
Friday,Cloudy,480,503,No,Buffet,18,3.22,0,0.0
Monday,Sunny,53,91,No,Regular,6,4.34,0,41.9
Saturday,Sunny,231,232,No,Buffet,11,4.12,0,0.0
Friday,Sunny,326,392,No,Regular,19,4.37,0,34.7
Tuesday,Cloudy,94,83,No,Regular,5,3.59,0,0.0
Friday,Cloudy,105,138,No,Corporate,8,5.0,1,36.8
Thursday,Rainy,207,388,No,Regular,15,4.23,0,183.9
Thursday,Sunny,368,465,No,Buffet,17,4.26,0,59.0
Monday,Stormy,883,611,No,Corporate,25,4.7,1,28.1
Thursday,Sunny,278,378,New Year,Buffet,14,4.11,0,27.3
Monday,Rainy,370,370,No,Banquet,16,3.74,0,62.9
Tuesday,Rainy,698,675,No,Banquet,27,4.58,0,28.2
Monday,Cloudy,177,55,No,Regular,5,4.06,0,0.0
Sunday,Sunny,704,54,No,Buffet,4,4.53,0,0.0
Wednesday,Rainy,877,1033,No,Regular,40,4.07,1,212.5
Wednesday,Cloudy,284,336,No,Regular,13,5.0,1,44.2
Wednesday,Sunny,312,514,No,Buffet,21,4.1,0,160.4
Sunday,Rainy,894,1201,No,Buffet,44,3.85,1,159.2
Thursday,Sunny,151,192,No,Corporate,7,4.26,0,55.5
Sunday,Cloudy,197,262,No,Buffet,14,3.92,0,42.1
Wednesday,Cloudy,24,38,No,Corporate,4,3.75,0,18.1
Monday,Rainy,444,641,No,Buffet,23,4.68,0,221.5
Thursday,Cloudy,144,142,No,Regular,6,3.58,0,0.0
Wednesday,Sunny,949,902,No,Regular,36,4.55,0,0.0
Saturday,Cloudy,140,163,No,Buffet,9,4.79,1,0.0
Sunday,Sunny,321,383,No,Buffet,15,3.97,0,16.0
Thursday,Cloudy,174,373,No,Regular,15,4.23,0,204.2
Sunday,Cloudy,200,210,No,Regular,10,3.76,0,16.1
Thursday,Rainy,736,1400,Diwali,Regular,52,4.59,0,650.6
Tuesday,Sunny,700,79,No,Buffet,5,3.57,0,0.0
Thursday,Sunny,486,764,New Year,Regular,30,4.53,0,207.3
Monday,Cloudy,210,33,No,Regular,4,4.11,0,0.0
Saturday,Sunny,681,770,No,Regular,32,3.75,0,29.7
Monday,Sunny,446,443,No,Regular,19,3.82,0,19.1
Wednesday,Sunny,237,375,No,Buffet,18,4.32,0,88.6
Thursday,Cloudy,144,207,No,Banquet,9,3.61,0,63.1
Monday,Sunny,81,162,New Year,Regular,7,4.34,0,68.1
Monday,Cloudy,652,1400,No,Buffet,52,4.18,0,707.7
Friday,Rainy,618,63,No,Buffet,5,3.94,1,0.0
Monday,Cloudy,187,300,No,Buffet,15,4.31,0,109.4
Thursday,Sunny,114,81,No,Regular,4,3.77,0,0.0
Wednesday,Sunny,644,907,No,Regular,35,3.99,0,249.7
Tuesday,Sunny,829,853,No,Banquet,35,3.95,0,0.0
Tuesday,Cloudy,634,670,No,Banquet,25,3.58,0,32.3
Saturday,Cloudy,780,1078,No,Regular,41,3.97,0,305.8
Sunday,Sunny,444,418,Christmas,Buffet,17,3.45,0,0.0
Tuesday,Sunny,150,59,No,Regular,4,3.87,0,0.0
Sunday,Sunny,45,71,No,Regular,4,3.38,0,27.3
Friday,Sunny,193,154,No,Regular,6,3.68,1,0.0
Friday,Stormy,436,713,No,Corporate,30,3.72,0,369.8
Friday,Sunny,610,819,No,Regular,34,4.28,0,137.5
Friday,Sunny,864,1400,No,Regular,52,3.71,0,451.0
Saturday,Sunny,408,597,No,Regular,23,3.58,0,179.6
Thursday,Sunny,497,444,No,Regular,20,3.95,0,0.0
Thursday,Sunny,341,423,No,Regular,20,4.91,0,64.6
Wednesday,Sunny,475,591,No,Buffet,24,3.41,0,75.0
Monday,Sunny,690,1400,No,Buffet,52,4.4,0,675.2
Friday,Sunny,747,758,No,Buffet,32,4.26,0,0.0
Monday,Cloudy,938,1262,No,Buffet,48,4.99,0,245.9
Tuesday,Cloudy,378,684,No,Corporate,26,4.23,0,333.7
Monday,Sunny,157,156,No,Regular,10,4.13,0,6.2
Tuesday,Rainy,891,68,No,Regular,7,4.13,0,0.0
Friday,Sunny,252,347,No,Corporate,16,4.1,0,114.1
Friday,Stormy,41,97,No,Buffet,8,4.41,0,64.8
Thursday,Stormy,156,159,No,Buffet,8,3.89,1,21.6
Monday,Sunny,125,145,Diwali,Regular,8,5.0,0,0.0
Thursday,Sunny,62,20,No,Regular,4,4.47,0,0.0
Wednesday,Rainy,460,537,No,Regular,20,4.03,0,132.2
Saturday,Sunny,650,790,No,Corporate,33,4.01,0,153.6
Friday,Sunny,43,90,No,Buffet,8,4.1,1,38.8
Thursday,Cloudy,293,286,No,Regular,15,4.09,0,0.0
Thursday,Cloudy,341,719,No,Regular,29,4.38,1,329.7
Sunday,Rainy,630,1049,No,Regular,42,4.24,0,454.1
Saturday,Cloudy,47,76,No,Regular,5,4.73,1,22.5
Thursday,Rainy,110,142,No,Buffet,6,3.71,0,44.4
Thursday,Cloudy,432,650,No,Regular,25,4.1,1,210.2
Monday,Cloudy,348,414,No,Banquet,19,3.71,1,30.2
Sunday,Cloudy,69,107,No,Buffet,8,3.92,0,23.5
Wednesday,Stormy,747,27,No,Banquet,4,3.9,0,0.0
Tuesday,Stormy,473,142,No,Corporate,6,4.44,0,0.0
Sunday,Rainy,497,509,No,Banquet,20,3.85,0,65.2
Friday,Rainy,221,272,No,Banquet,13,4.7,0,47.8
Monday,Cloudy,60,45,No,Regular,5,4.73,0,0.0
Monday,Sunny,147,217,No,Regular,12,4.42,0,65.7
Monday,Rainy,421,435,No,Regular,19,3.64,0,126.0
Friday,Sunny,148,226,No,Buffet,12,4.72,0,39.5
Monday,Sunny,74,278,No,Buffet,10,3.94,0,203.6
Sunday,Sunny,217,264,No,Regular,11,3.98,0,32.2
Sunday,Cloudy,392,300,No,Corporate,12,4.34,0,0.0
Thursday,Cloudy,829,1400,Diwali,Corporate,52,3.76,0,605.8
Friday,Sunny,339,553,Christmas,Buffet,22,4.64,0,105.9
Wednesday,Sunny,936,34,New Year,Regular,4,4.45,0,0.0
Monday,Sunny,454,579,No,Regular,25,5.0,0,108.4
Saturday,Sunny,213,146,No,Buffet,7,4.25,0,0.0
Monday,Sunny,497,516,Eid,Regular,19,4.06,0,0.0
Monday,Cloudy,50,51,No,Buffet,6,4.96,1,0.0
Wednesday,Sunny,128,198,No,Regular,11,3.34,0,68.6
Monday,Sunny,118,218,Diwali,Regular,12,4.22,0,91.4
Thursday,Sunny,677,733,No,Regular,31,4.06,1,0.0
Friday,Cloudy,328,329,No,Buffet,13,4.64,1,0.0
Saturday,Rainy,118,117,New Year,Regular,9,5.0,0,0.0
Friday,Sunny,761,33,New Year,Banquet,5,3.84,0,0.0
Saturday,Sunny,435,244,No,Regular,10,4.61,0,0.0
Wednesday,Cloudy,552,577,No,Banquet,24,4.7,0,18.7
Saturday,Sunny,829,885,No,Regular,35,4.67,0,0.0
Thursday,Rainy,435,1182,No,Regular,44,4.22,0,809.2
Tuesday,Stormy,48,36,No,Banquet,4,4.42,0,3.3
Sunday,Cloudy,738,1219,No,Corporate,45,3.72,0,494.3
Tuesday,Stormy,792,538,No,Buffet,23,4.87,1,0.0
Monday,Sunny,605,802,No,Corporate,31,3.67,0,256.2
Tuesday,Sunny,59,80,Christmas,Regular,5,3.71,1,3.9
Wednesday,Sunny,433,454,Diwali,Corporate,20,4.0,0,0.0
Wednesday,Sunny,236,250,No,Regular,13,3.88,1,0.0
Thursday,Sunny,217,174,No,Corporate,9,4.3,0,0.0
Sunday,Cloudy,30,20,No,Banquet,4,3.99,0,0.0
Wednesday,Cloudy,694,1400,No,Corporate,52,3.75,0,775.7
Thursday,Sunny,183,259,No,Corporate,12,3.65,0,93.6
Wednesday,Cloudy,528,253,No,Buffet,11,4.62,0,0.0
Saturday,Sunny,95,79,No,Buffet,7,4.34,0,0.0
Tuesday,Sunny,661,877,No,Regular,34,3.57,0,222.9
Monday,Sunny,456,539,Christmas,Corporate,24,4.39,1,49.3
Thursday,Cloudy,664,1400,New Year,Buffet,52,3.99,0,558.5
Friday,Cloudy,363,438,Diwali,Regular,16,3.46,0,24.4
Saturday,Cloudy,25,20,Christmas,Corporate,4,3.6,1,0.0
Friday,Sunny,706,734,No,Regular,30,4.55,0,0.0
Saturday,Sunny,459,480,Christmas,Corporate,22,4.69,0,1.2
Wednesday,Stormy,131,55,Christmas,Corporate,6,4.42,0,0.0
Monday,Sunny,61,62,No,Regular,4,3.81,0,0.0
Monday,Sunny,940,960,No,Regular,39,4.34,0,72.2
Monday,Sunny,778,903,No,Buffet,36,4.33,0,41.2
Wednesday,Sunny,268,339,No,Regular,17,3.07,1,51.9
Thursday,Cloudy,100,97,No,Banquet,5,4.36,0,0.0
Wednesday,Sunny,359,249,No,Regular,12,4.2,0,0.0
Thursday,Cloudy,41,64,Diwali,Regular,4,5.0,0,19.2
Thursday,Stormy,170,183,No,Regular,7,4.96,1,51.6
Friday,Sunny,378,383,No,Corporate,14,4.09,0,0.0
Friday,Sunny,466,161,No,Buffet,6,4.31,0,0.0
Wednesday,Rainy,903,1172,No,Corporate,44,4.17,0,493.4
Wednesday,Cloudy,591,1247,No,Banquet,46,3.92,0,648.5
Friday,Rainy,54,63,Christmas,Buffet,4,3.55,0,0.0
Friday,Sunny,369,470,Eid,Regular,20,3.84,0,38.1
Wednesday,Cloudy,448,439,No,Regular,20,3.93,0,0.0
Wednesday,Stormy,55,20,No,Corporate,5,4.62,0,0.0
Friday,Sunny,341,399,Diwali,Regular,17,4.21,0,0.0
Friday,Rainy,133,478,Eid,Banquet,19,3.88,0,334.2
Monday,Cloudy,148,27,No,Corporate,4,3.81,0,0.0
Thursday,Rainy,941,1400,New Year,Buffet,52,4.31,1,319.9
Sunday,Sunny,303,365,No,Buffet,18,3.99,0,0.0
Monday,Sunny,772,956,No,Banquet,37,3.68,0,192.1
Saturday,Sunny,92,96,No,Corporate,6,3.73,0,5.6
Tuesday,Stormy,215,262,No,Buffet,11,4.86,0,85.7
Thursday,Sunny,235,183,New Year,Regular,7,4.07,0,0.0
Thursday,Sunny,513,533,No,Buffet,21,4.58,0,0.0
Monday,Rainy,33,75,No,Regular,6,3.38,1,45.8
Sunday,Sunny,381,632,No,Banquet,24,4.62,0,172.8
Thursday,Cloudy,889,996,Eid,Buffet,40,4.45,0,0.0
Sunday,Sunny,148,95,No,Corporate,7,4.49,0,0.0
Wednesday,Cloudy,57,152,No,Regular,9,3.45,0,99.3
Sunday,Sunny,290,296,Eid,Corporate,14,4.13,0,0.0
Sunday,Sunny,569,866,No,Regular,31,3.78,1,172.6
Thursday,Cloudy,105,154,Eid,Corporate,8,3.63,1,48.8
Tuesday,Sunny,49,100,Diwali,Regular,7,3.33,1,40.5
Friday,Sunny,863,56,No,Banquet,7,3.67,0,0.0
Thursday,Sunny,283,111,New Year,Buffet,7,3.64,0,0.0
Sunday,Cloudy,78,115,No,Buffet,6,4.45,0,17.3
Thursday,Sunny,346,358,New Year,Regular,15,3.87,0,0.0
Tuesday,Sunny,24,54,No,Regular,5,4.05,0,29.3
Monday,Sunny,338,157,Diwali,Regular,10,4.62,0,0.0
Friday,Sunny,77,80,No,Regular,4,4.15,0,0.0
Sunday,Cloudy,432,631,No,Buffet,27,3.82,1,95.5
Monday,Sunny,466,593,New Year,Buffet,24,4.21,0,37.6
Saturday,Rainy,108,59,No,Regular,7,3.79,1,0.0
Sunday,Cloudy,195,193,No,Buffet,10,3.38,0,0.0
Monday,Rainy,606,697,Eid,Regular,27,4.28,1,83.8
Monday,Cloudy,189,265,No,Regular,12,4.39,0,90.7
Friday,Sunny,805,1064,No,Corporate,40,4.04,0,268.9
Friday,Stormy,832,1210,New Year,Regular,46,4.07,0,549.1
Monday,Rainy,135,102,No,Buffet,5,3.94,0,0.0
Saturday,Cloudy,439,718,No,Banquet,28,4.77,0,197.2
Thursday,Sunny,554,583,No,Corporate,22,4.25,0,61.4
Sunday,Sunny,941,362,No,Buffet,14,4.07,0,0.0
Sunday,Cloudy,900,1400,No,Buffet,52,4.53,1,274.2
Saturday,Sunny,485,874,No,Corporate,36,4.56,0,391.6
Thursday,Cloudy,683,960,No,Corporate,37,4.31,0,290.9
Tuesday,Sunny,144,179,No,Regular,10,4.53,1,16.4
Thursday,Cloudy,339,883,No,Buffet,32,4.35,0,516.0
Monday,Sunny,612,719,Christmas,Corporate,29,4.14,1,48.5
Friday,Sunny,349,1055,No,Corporate,42,4.54,0,681.7
Monday,Sunny,404,382,No,Regular,18,3.73,0,10.8
Thursday,Rainy,483,637,Christmas,Regular,23,3.72,0,182.6
Monday,Cloudy,763,957,No,Buffet,38,4.33,0,174.7
Wednesday,Stormy,276,47,Christmas,Regular,4,3.84,0,0.0
Tuesday,Rainy,221,414,Eid,Buffet,15,4.47,0,180.2
Friday,Rainy,148,144,No,Buffet,9,4.23,0,0.0
Saturday,Cloudy,146,20,No,Regular,4,4.99,0,0.0
Monday,Rainy,73,78,No,Regular,4,3.71,1,18.5
Saturday,Stormy,437,1191,No,Corporate,45,4.51,1,837.4
Sunday,Cloudy,170,398,No,Corporate,16,3.91,0,235.0
Wednesday,Sunny,54,33,No,Corporate,4,4.24,0,0.0
Friday,Cloudy,41,67,No,Banquet,5,4.43,0,27.2
Wednesday,Sunny,187,60,Diwali,Banquet,5,4.29,0,0.0
Tuesday,Sunny,857,1310,No,Buffet,47,4.33,0,329.5
Thursday,Cloudy,41,43,No,Regular,5,4.3,0,7.3
Monday,Rainy,368,211,No,Corporate,10,4.02,0,0.0
Sunday,Sunny,540,672,No,Buffet,27,4.48,0,16.5
Sunday,Sunny,569,771,Diwali,Regular,28,4.5,0,37.1
Saturday,Rainy,261,226,No,Banquet,9,3.98,1,0.0
Thursday,Sunny,335,554,No,Regular,22,3.79,0,208.5
Thursday,Sunny,25,63,No,Banquet,6,4.24,0,35.2
Sunday,Cloudy,112,86,No,Buffet,7,4.21,0,0.0
Tuesday,Rainy,784,42,Eid,Regular,4,3.45,0,0.0
Monday,Cloudy,325,435,No,Corporate,18,4.22,0,158.9
Thursday,Cloudy,408,406,No,Corporate,15,3.78,0,21.2
Wednesday,Sunny,62,79,No,Buffet,5,3.32,0,11.3
Wednesday,Sunny,210,35,No,Buffet,5,4.29,0,0.0
Monday,Rainy,361,476,No,Regular,22,3.61,1,177.1
Friday,Rainy,413,398,No,Regular,17,4.66,0,25.7
Tuesday,Sunny,86,299,No,Regular,13,4.45,1,200.1
Tuesday,Sunny,331,235,No,Regular,11,4.22,0,0.0
Monday,Sunny,64,91,No,Regular,4,4.7,1,22.4
Wednesday,Sunny,258,72,New Year,Buffet,4,4.53,0,0.0
Sunday,Sunny,466,573,No,Regular,22,3.74,0,91.4
Wednesday,Sunny,196,327,Eid,Buffet,14,4.55,0,93.7
Friday,Rainy,90,120,No,Regular,5,3.83,0,38.1
Saturday,Sunny,264,478,No,Regular,18,4.51,1,188.1
Wednesday,Cloudy,343,428,No,Banquet,17,3.94,0,74.2
Saturday,Cloudy,246,836,No,Banquet,30,3.59,0,587.6
Friday,Rainy,75,130,No,Corporate,8,4.3,0,65.7
Thursday,Stormy,630,616,No,Regular,27,3.92,0,184.0
Monday,Sunny,379,1219,No,Corporate,47,4.57,0,885.2
Monday,Sunny,432,316,No,Regular,13,4.67,1,0.0
Sunday,Rainy,96,191,Diwali,Buffet,10,3.39,0,83.7
Saturday,Sunny,336,561,Eid,Banquet,25,4.12,1,130.8
Sunday,Sunny,274,270,No,Regular,14,4.39,0,0.0
Sunday,Sunny,906,1400,Diwali,Banquet,52,4.17,0,265.0
Monday,Rainy,38,119,No,Buffet,7,4.18,0,87.5
Saturday,Sunny,362,480,No,Regular,18,4.23,0,89.5
Thursday,Cloudy,744,737,No,Regular,29,3.45,0,60.9
Saturday,Sunny,348,297,No,Corporate,11,4.79,0,0.0
Monday,Cloudy,138,30,No,Buffet,4,4.4,0,0.0
Wednesday,Sunny,797,945,No,Regular,34,3.85,0,167.3
Saturday,Rainy,658,783,New Year,Regular,29,3.81,0,103.1
Saturday,Cloudy,435,1400,No,Banquet,52,4.48,0,937.2
Friday,Sunny,365,76,No,Regular,4,4.23,0,0.0
Wednesday,Sunny,153,63,No,Banquet,4,4.27,0,0.0
Wednesday,Rainy,254,464,No,Buffet,20,4.35,0,211.7
Sunday,Rainy,794,986,No,Regular,40,4.22,0,248.9
Thursday,Sunny,278,50,No,Regular,4,3.33,0,0.0
Thursday,Sunny,275,73,No,Corporate,4,3.95,0,0.0
Thursday,Sunny,84,35,No,Regular,4,4.35,0,0.0
Wednesday,Sunny,451,1124,No,Regular,42,4.39,0,681.8
Thursday,Sunny,165,592,No,Regular,24,3.92,0,420.9
Thursday,Sunny,411,494,No,Corporate,18,4.11,0,76.5
Saturday,Sunny,111,144,No,Buffet,8,4.61,0,5.9
Sunday,Rainy,248,327,No,Buffet,15,4.71,0,79.4
Sunday,Rainy,616,1216,No,Regular,46,4.26,0,609.9
Thursday,Rainy,143,249,No,Buffet,9,4.49,0,113.0
Thursday,Cloudy,720,1009,Christmas,Corporate,39,4.27,1,238.3
Friday,Cloudy,343,338,No,Regular,16,4.42,1,0.0
Saturday,Sunny,511,543,No,Banquet,22,4.12,0,0.0
Thursday,Cloudy,265,270,No,Corporate,13,3.87,0,28.6
Friday,Sunny,175,31,No,Regular,6,4.9,0,0.0
Saturday,Cloudy,703,671,Eid,Corporate,28,4.88,0,0.0
Friday,Stormy,156,580,No,Buffet,22,4.13,0,439.0
Saturday,Rainy,31,44,No,Buffet,4,4.29,1,14.3
Tuesday,Sunny,845,907,No,Regular,33,4.19,0,38.7
Thursday,Cloudy,287,393,Christmas,Banquet,18,4.14,0,73.0
Friday,Sunny,667,876,Diwali,Buffet,34,4.16,0,0.0
Monday,Sunny,50,41,No,Corporate,4,4.61,0,0.0
Saturday,Sunny,527,660,No,Regular,24,3.67,0,112.4
Friday,Sunny,870,1400,No,Regular,52,3.86,1,421.7
Monday,Cloudy,439,531,No,Banquet,19,4.51,0,110.4
Saturday,Sunny,90,71,No,Buffet,7,4.2,0,0.0
Friday,Sunny,272,325,No,Regular,14,4.66,0,28.9
Saturday,Stormy,109,77,No,Corporate,7,4.17,0,0.0
Wednesday,Cloudy,460,1123,No,Regular,45,4.29,0,666.7
Saturday,Sunny,471,74,No,Corporate,4,4.05,0,0.0
Wednesday,Cloudy,82,132,No,Banquet,5,4.71,0,49.7
Friday,Cloudy,631,950,No,Regular,36,4.5,1,237.5
Monday,Cloudy,791,1278,No,Buffet,46,3.66,0,513.7
Friday,Cloudy,213,74,Diwali,Banquet,6,4.4,0,0.0
Friday,Rainy,443,1169,No,Banquet,45,4.57,0,747.3
Thursday,Sunny,824,1198,Christmas,Buffet,44,4.12,0,114.2
Thursday,Cloudy,362,166,No,Buffet,8,4.43,0,0.0
Saturday,Sunny,635,77,No,Buffet,4,4.68,0,0.0
Friday,Rainy,24,38,No,Regular,4,4.1,1,16.7
Tuesday,Sunny,346,610,No,Buffet,26,4.28,0,211.1
Sunday,Sunny,305,381,Christmas,Regular,15,3.94,0,24.5
Friday,Stormy,110,120,No,Regular,7,4.36,0,32.9
Sunday,Cloudy,484,311,Christmas,Regular,16,3.74,0,0.0
Sunday,Sunny,195,190,No,Corporate,8,4.42,1,0.0
Sunday,Sunny,152,193,No,Regular,9,4.79,1,15.7
Saturday,Sunny,104,386,No,Regular,14,3.77,0,271.3
Friday,Stormy,159,210,No,Regular,8,4.7,0,76.6
Tuesday,Sunny,22,54,No,Regular,6,4.14,0,28.3
Thursday,Sunny,142,181,Christmas,Banquet,11,3.88,1,9.0
Saturday,Cloudy,136,42,Diwali,Regular,4,4.06,0,0.0
Thursday,Sunny,633,626,No,Regular,25,4.16,0,1.5
Sunday,Sunny,56,222,No,Banquet,10,3.99,0,162.5
Monday,Rainy,100,98,No,Regular,6,4.63,1,13.3
Wednesday,Sunny,734,767,No,Buffet,28,4.04,0,0.0
Thursday,Rainy,710,872,New Year,Corporate,32,4.29,0,213.8
Thursday,Rainy,460,469,No,Corporate,17,5.0,0,94.2
Monday,Sunny,553,1400,No,Regular,52,4.08,0,876.1
Tuesday,Cloudy,538,191,Eid,Buffet,8,3.95,0,0.0
Saturday,Rainy,521,583,No,Buffet,23,3.99,1,0.0
Thursday,Cloudy,383,598,New Year,Buffet,23,4.62,0,136.7
Monday,Cloudy,329,570,No,Regular,22,4.11,1,242.2
Monday,Sunny,642,412,No,Corporate,15,4.26,0,0.0
Thursday,Sunny,178,55,No,Buffet,4,3.86,1,0.0
Tuesday,Cloudy,562,804,No,Corporate,29,4.02,0,296.6
Friday,Sunny,126,413,No,Banquet,19,4.55,0,266.6
Saturday,Sunny,841,1389,No,Corporate,52,3.53,0,607.6
Tuesday,Cloudy,891,934,No,Corporate,36,3.4,0,162.4
Friday,Sunny,78,84,No,Regular,5,3.94,0,0.0
Tuesday,Rainy,197,571,No,Regular,22,3.98,0,397.2
Wednesday,Rainy,859,1071,No,Buffet,43,4.03,0,258.7
Sunday,Rainy,616,781,Diwali,Regular,28,4.04,0,125.0
Thursday,Sunny,651,473,No,Buffet,21,4.15,0,0.0
Sunday,Sunny,934,920,No,Corporate,37,3.97,0,2.4
Tuesday,Rainy,30,47,No,Buffet,4,4.71,0,13.5
Wednesday,Sunny,462,862,No,Regular,31,4.49,0,374.6
Thursday,Cloudy,456,590,New Year,Corporate,25,4.09,0,150.2
Thursday,Cloudy,72,34,No,Buffet,6,4.53,0,0.0
Sunday,Sunny,66,70,No,Buffet,4,3.06,0,0.0
Monday,Sunny,427,222,No,Buffet,12,4.28,0,0.0
Saturday,Cloudy,457,114,No,Regular,7,4.5,0,0.0
Sunday,Sunny,404,520,No,Corporate,22,3.91,0,139.5
Thursday,Rainy,415,1127,No,Regular,43,4.37,1,730.5
Wednesday,Cloudy,445,621,No,Buffet,26,3.88,1,130.1
Thursday,Sunny,309,923,No,Regular,37,4.28,0,600.7
Wednesday,Cloudy,126,178,No,Regular,8,3.59,1,52.4
Saturday,Sunny,188,127,No,Regular,7,4.52,0,0.0
Thursday,Sunny,192,76,No,Regular,5,4.14,1,0.0
Sunday,Stormy,561,386,No,Banquet,14,4.24,1,0.0
Friday,Cloudy,370,773,No,Corporate,28,4.11,0,383.9
Thursday,Cloudy,653,678,No,Regular,28,4.6,1,0.0
Friday,Rainy,700,569,No,Regular,25,4.25,0,0.0
Thursday,Cloudy,218,382,No,Corporate,17,4.54,0,170.6
Sunday,Sunny,223,221,No,Regular,10,3.91,0,0.0
Tuesday,Sunny,685,1051,No,Buffet,39,4.38,0,265.4
Sunday,Sunny,460,457,No,Regular,21,4.8,0,0.0
Saturday,Sunny,924,62,No,Buffet,6,4.82,0,0.0
Sunday,Sunny,332,241,No,Banquet,11,3.07,0,0.0
Thursday,Cloudy,316,736,No,Regular,30,4.21,0,418.3
Saturday,Sunny,866,1400,No,Banquet,52,3.52,1,388.4
Wednesday,Cloudy,20,77,No,Corporate,4,3.98,1,57.1
Saturday,Rainy,144,145,Diwali,Banquet,8,3.91,1,0.0
Tuesday,Stormy,66,47,No,Corporate,4,4.39,0,0.0
Wednesday,Sunny,943,989,No,Corporate,37,4.08,1,24.3
Thursday,Rainy,276,403,No,Buffet,18,3.83,0,127.1
Wednesday,Rainy,244,292,No,Corporate,15,4.36,0,76.6
Wednesday,Sunny,70,33,Diwali,Regular,5,3.71,0,0.0
Saturday,Sunny,193,204,No,Corporate,12,3.82,0,17.4
Tuesday,Sunny,479,44,No,Buffet,4,3.98,0,0.0
Saturday,Cloudy,60,220,No,Regular,9,4.06,0,161.0
Monday,Cloudy,408,719,No,Regular,27,4.21,1,321.8
Saturday,Cloudy,452,606,New Year,Regular,25,4.22,0,59.9
Saturday,Rainy,22,67,No,Regular,4,3.88,1,45.5
Wednesday,Sunny,256,80,No,Regular,4,4.24,0,0.0
Saturday,Sunny,188,189,No,Regular,11,4.17,0,0.0
Sunday,Rainy,110,195,New Year,Regular,8,4.14,0,83.7
Saturday,Stormy,194,462,No,Buffet,19,3.49,1,279.7
Wednesday,Rainy,492,602,No,Regular,26,4.33,0,161.6
Thursday,Sunny,601,868,No,Regular,34,4.38,0,266.5
Saturday,Sunny,458,1009,No,Regular,38,4.45,1,462.6
Wednesday,Sunny,531,531,No,Regular,19,4.19,0,0.0
Saturday,Sunny,476,1235,No,Regular,46,4.58,1,672.6
Wednesday,Sunny,910,1296,No,Banquet,49,4.33,0,293.5
Saturday,Rainy,117,124,No,Regular,8,3.95,0,2.4
Monday,Cloudy,198,73,New Year,Regular,7,4.1,0,0.0
Monday,Sunny,297,393,Christmas,Buffet,17,3.89,0,57.1
Sunday,Sunny,563,585,No,Corporate,25,3.71,0,50.6
Sunday,Sunny,795,908,No,Buffet,33,4.42,0,0.0
Sunday,Cloudy,901,51,Eid,Regular,4,4.02,1,0.0
Sunday,Cloudy,58,73,No,Buffet,4,4.42,0,4.5
Thursday,Sunny,222,304,New Year,Buffet,15,4.91,0,7.3
Wednesday,Rainy,528,618,No,Regular,27,4.56,0,146.2
Monday,Sunny,36,75,No,Banquet,5,3.72,0,37.6
Thursday,Sunny,127,165,No,Banquet,10,3.89,0,32.4
Tuesday,Stormy,355,359,No,Buffet,16,4.36,0,64.9
Sunday,Sunny,159,239,No,Regular,11,4.3,0,63.1
Monday,Sunny,110,191,No,Buffet,8,4.68,1,56.4
Tuesday,Cloudy,780,1295,No,Banquet,47,3.97,0,469.3
Tuesday,Sunny,931,1311,No,Banquet,50,3.59,0,290.9
Tuesday,Sunny,289,188,No,Regular,8,3.73,0,0.0
Tuesday,Sunny,933,1400,No,Regular,52,4.62,0,428.2
Friday,Sunny,630,170,No,Regular,8,4.19,0,0.0
Wednesday,Cloudy,332,228,No,Corporate,9,4.47,0,0.0
Friday,Sunny,616,634,No,Buffet,27,3.98,0,0.0
Sunday,Rainy,605,33,No,Regular,6,3.82,0,0.0
Friday,Rainy,769,1400,Diwali,Regular,52,4.4,1,532.5
Friday,Sunny,246,379,No,Regular,15,3.57,0,123.4
Wednesday,Sunny,58,60,No,Banquet,5,4.33,0,0.0
Tuesday,Sunny,439,508,No,Regular,22,4.81,0,53.8
Wednesday,Sunny,107,65,No,Regular,5,3.18,0,0.0
Sunday,Sunny,49,63,No,Buffet,7,3.73,0,4.7
Friday,Rainy,176,271,No,Buffet,12,4.12,0,77.8
Tuesday,Sunny,448,431,No,Buffet,17,3.93,1,0.0
Thursday,Cloudy,103,107,No,Corporate,7,4.07,0,22.6
Saturday,Cloudy,905,865,No,Regular,35,5.0,1,0.0
Friday,Rainy,84,150,No,Regular,9,3.85,0,71.2
Thursday,Sunny,154,225,Diwali,Regular,12,4.03,0,53.4
Sunday,Sunny,411,525,No,Buffet,23,3.71,0,23.6
Friday,Stormy,911,1333,Diwali,Banquet,51,3.53,0,499.9
Friday,Sunny,383,115,No,Regular,9,4.31,0,0.0
Tuesday,Cloudy,44,20,No,Corporate,4,3.44,1,0.0
Monday,Cloudy,315,28,No,Corporate,4,3.57,1,0.0
Sunday,Cloudy,167,216,No,Banquet,10,4.14,1,24.0
Friday,Sunny,647,936,No,Buffet,37,4.37,0,133.5
Wednesday,Sunny,105,111,New Year,Regular,6,3.76,1,0.0
Friday,Cloudy,462,556,No,Corporate,24,3.81,1,98.3
Monday,Cloudy,43,141,Christmas,Corporate,10,3.43,0,104.3
Saturday,Rainy,733,848,No,Buffet,32,4.33,0,109.2
Tuesday,Cloudy,469,741,No,Corporate,29,4.13,0,327.1
Saturday,Rainy,136,189,No,Regular,10,4.12,0,52.5
Thursday,Stormy,419,440,New Year,Buffet,17,3.57,0,32.1
Tuesday,Cloudy,484,296,No,Regular,11,4.46,1,0.0
Monday,Sunny,33,28,Diwali,Regular,4,3.91,1,0.0
Saturday,Sunny,126,87,No,Regular,7,4.49,1,0.0
Tuesday,Cloudy,826,972,Eid,Regular,39,3.84,0,136.1
Monday,Cloudy,462,556,Diwali,Regular,21,4.26,0,75.8
Saturday,Sunny,440,312,No,Buffet,15,3.8,0,0.0
Wednesday,Cloudy,234,294,No,Corporate,14,4.52,0,83.0
Wednesday,Sunny,805,769,No,Regular,30,3.61,0,0.0
Tuesday,Sunny,57,188,New Year,Regular,11,4.25,1,118.3
Saturday,Rainy,88,88,No,Regular,7,3.61,0,9.5
Wednesday,Sunny,516,545,No,Regular,20,3.94,1,0.0
Tuesday,Cloudy,441,37,Eid,Regular,4,4.39,0,0.0
Wednesday,Cloudy,899,1400,No,Buffet,51,3.64,0,510.7
Tuesday,Cloudy,361,422,No,Banquet,20,4.32,0,44.3
Wednesday,Sunny,915,1400,No,Buffet,52,4.44,0,399.5
Monday,Cloudy,178,302,No,Buffet,14,3.28,1,116.6
Tuesday,Sunny,131,99,No,Buffet,5,4.32,0,0.0
Wednesday,Cloudy,787,813,No,Regular,31,4.59,0,20.6
Sunday,Sunny,158,48,Eid,Regular,4,3.81,1,0.0
Monday,Stormy,148,81,No,Regular,4,3.76,0,0.0
Tuesday,Rainy,85,87,Diwali,Regular,6,3.44,0,9.9
Sunday,Sunny,240,235,No,Banquet,11,3.72,1,0.0
Sunday,Sunny,333,455,New Year,Buffet,20,4.55,0,27.7
Friday,Sunny,58,91,No,Buffet,7,3.94,0,18.6
Tuesday,Cloudy,489,481,No,Regular,19,4.33,0,0.0
Wednesday,Cloudy,685,666,New Year,Regular,25,3.86,0,0.0
Tuesday,Cloudy,457,671,No,Banquet,24,4.07,0,206.0
Monday,Rainy,490,838,Christmas,Regular,34,4.64,0,375.8
Wednesday,Sunny,117,150,No,Corporate,6,4.69,0,38.8
Friday,Cloudy,857,1057,No,Regular,40,4.18,0,160.2
Wednesday,Sunny,581,738,No,Regular,29,4.03,0,166.6
Friday,Cloudy,150,165,Eid,Regular,10,3.79,0,3.4
Wednesday,Cloudy,600,625,No,Banquet,23,4.46,0,54.7
Wednesday,Rainy,409,495,No,Regular,18,4.07,0,108.5
Saturday,Sunny,195,266,No,Corporate,14,4.66,1,41.4
Sunday,Sunny,422,535,No,Regular,22,3.41,0,69.6
Wednesday,Sunny,942,1400,Diwali,Buffet,51,3.94,0,189.3
Friday,Stormy,658,56,Christmas,Buffet,7,4.06,0,0.0
Tuesday,Cloudy,285,945,No,Buffet,37,4.33,0,630.2
Monday,Sunny,261,267,No,Regular,12,3.58,0,30.4
Saturday,Sunny,336,575,No,Regular,22,4.06,0,217.5
Tuesday,Sunny,290,459,No,Banquet,20,4.53,0,162.5
Thursday,Rainy,371,404,Diwali,Buffet,18,4.25,0,0.0
Thursday,Stormy,834,1400,No,Regular,52,4.26,0,768.5
Tuesday,Rainy,496,581,No,Regular,24,3.78,0,185.0
Monday,Rainy,263,263,No,Regular,11,4.03,0,49.2
Wednesday,Sunny,681,1361,Diwali,Buffet,52,3.69,0,530.0
Sunday,Sunny,59,61,No,Regular,7,4.55,0,0.6
Friday,Cloudy,70,136,Christmas,Regular,5,4.3,0,57.5
Wednesday,Cloudy,244,579,No,Regular,23,4.17,1,321.8
Monday,Sunny,858,915,No,Buffet,37,4.19,0,0.0
Friday,Rainy,128,57,Eid,Banquet,4,4.63,0,0.0
Monday,Sunny,54,72,No,Buffet,4,4.97,0,12.7
Thursday,Sunny,490,353,New Year,Buffet,16,4.15,0,0.0
Saturday,Sunny,862,1112,No,Corporate,40,4.15,0,287.1
Thursday,Rainy,181,343,Christmas,Regular,14,4.29,1,148.0
Wednesday,Cloudy,445,529,No,Buffet,19,4.73,0,44.8
Monday,Cloudy,726,1189,No,Regular,47,4.45,0,482.6
Monday,Rainy,287,438,Eid,Regular,17,4.29,0,186.8
Thursday,Rainy,93,91,Diwali,Buffet,4,4.44,0,0.0
Sunday,Sunny,70,70,Eid,Regular,5,4.3,0,0.0
Tuesday,Rainy,488,1400,No,Buffet,52,3.53,1,934.4
Friday,Sunny,672,373,No,Buffet,14,4.57,0,0.0
Friday,Cloudy,810,704,No,Regular,28,3.79,0,0.0
Monday,Sunny,86,126,No,Regular,9,4.08,1,35.8
Tuesday,Sunny,419,454,No,Buffet,20,3.79,0,0.0
Wednesday,Cloudy,96,123,No,Buffet,7,4.01,0,24.7
Friday,Sunny,200,207,No,Corporate,12,4.22,0,0.0
Thursday,Cloudy,334,406,No,Regular,15,4.69,0,64.0
Saturday,Cloudy,592,590,Diwali,Corporate,26,3.94,0,0.0
Sunday,Cloudy,243,425,New Year,Regular,16,4.73,1,122.6
Saturday,Sunny,87,123,No,Regular,9,3.45,0,29.1
Sunday,Sunny,166,211,Diwali,Buffet,11,3.6,0,0.0
Saturday,Sunny,631,451,Eid,Regular,20,3.76,0,0.0
Saturday,Rainy,366,422,No,Regular,18,4.44,0,55.0
Saturday,Rainy,523,524,No,Regular,21,3.73,0,56.4
Saturday,Sunny,383,1019,Christmas,Corporate,39,3.6,1,568.8
Saturday,Cloudy,436,416,No,Banquet,16,4.87,0,0.0
Sunday,Cloudy,408,462,No,Banquet,21,4.06,0,55.4
Thursday,Stormy,734,324,No,Regular,14,4.74,0,0.0
Friday,Sunny,364,175,No,Buffet,10,4.55,0,0.0
Thursday,Cloudy,361,623,No,Corporate,25,4.46,0,312.4
Saturday,Cloudy,790,1392,No,Regular,50,4.65,0,547.2
Thursday,Sunny,82,50,No,Regular,4,4.01,1,0.0
Saturday,Sunny,365,386,Diwali,Regular,18,3.63,0,0.0
Saturday,Sunny,210,207,No,Buffet,11,4.34,0,0.0
Sunday,Sunny,374,602,New Year,Buffet,23,3.97,0,112.2
Tuesday,Cloudy,672,878,No,Regular,34,4.37,0,208.3
Friday,Cloudy,217,364,Diwali,Regular,16,4.5,0,108.7
Saturday,Sunny,353,775,No,Corporate,31,3.78,0,440.7
Sunday,Rainy,70,134,Diwali,Buffet,9,3.87,0,58.8
Sunday,Sunny,838,999,Eid,Regular,39,4.08,1,0.0
Friday,Stormy,293,162,No,Regular,6,4.65,0,0.0
Friday,Sunny,26,104,No,Banquet,8,3.79,0,77.8
Tuesday,Rainy,692,912,Christmas,Buffet,33,4.89,0,128.4
Sunday,Rainy,595,965,No,Buffet,37,3.43,0,368.7
Tuesday,Rainy,447,575,No,Buffet,22,4.8,0,153.4
Saturday,Rainy,276,824,No,Banquet,32,4.22,0,572.8
Saturday,Sunny,502,655,Christmas,Regular,28,4.34,1,0.0
Thursday,Cloudy,122,193,No,Regular,10,4.36,0,66.4
Tuesday,Cloudy,884,1400,No,Regular,51,3.15,0,614.3
Tuesday,Sunny,153,151,No,Corporate,7,4.0,0,16.5
Saturday,Stormy,186,485,No,Regular,19,4.06,0,330.3
Thursday,Sunny,66,166,Diwali,Regular,9,4.63,0,94.3
Monday,Sunny,29,34,Diwali,Regular,4,4.09,0,3.3
Friday,Rainy,84,86,No,Buffet,5,4.72,0,0.0
Tuesday,Sunny,222,376,No,Buffet,18,4.89,0,103.0
Sunday,Sunny,865,1165,No,Regular,45,4.37,0,245.1
Wednesday,Sunny,451,442,No,Regular,18,4.2,0,0.0
Tuesday,Rainy,416,551,Christmas,Corporate,24,3.69,0,189.3
Monday,Rainy,474,555,No,Regular,23,4.39,0,166.9
Thursday,Sunny,407,679,No,Corporate,26,3.99,0,317.2
Thursday,Cloudy,201,192,No,Regular,8,4.71,1,0.0
Saturday,Cloudy,167,234,No,Banquet,11,3.51,1,37.6
Thursday,Cloudy,347,54,No,Regular,4,3.85,1,0.0
Wednesday,Cloudy,337,417,No,Buffet,19,4.52,1,0.0
Tuesday,Stormy,301,404,No,Regular,17,4.85,1,150.8
Tuesday,Sunny,703,1171,New Year,Regular,44,4.43,0,344.1
Sunday,Sunny,357,1032,No,Buffet,37,4.67,0,569.9
Tuesday,Cloudy,127,407,Diwali,Buffet,17,4.21,0,258.6
Sunday,Sunny,106,108,No,Corporate,5,4.85,0,0.0
Wednesday,Cloudy,294,105,No,Buffet,7,4.24,1,0.0
Monday,Sunny,599,894,Eid,Buffet,36,4.35,0,143.2
Tuesday,Sunny,767,1079,Diwali,Corporate,41,4.23,0,249.1
Monday,Stormy,714,716,No,Regular,26,4.03,0,231.6
Saturday,Sunny,659,825,No,Banquet,32,4.32,0,119.0
Thursday,Cloudy,797,1400,No,Regular,52,4.25,0,594.1
Wednesday,Rainy,233,383,No,Regular,18,4.33,0,167.2
Friday,Sunny,354,369,No,Corporate,14,3.2,0,35.1
Friday,Sunny,289,191,No,Regular,8,3.78,0,0.0
Sunday,Sunny,603,599,No,Regular,22,3.93,0,0.0
Sunday,Cloudy,516,1400,No,Regular,52,3.52,0,847.1
Friday,Sunny,575,671,No,Buffet,27,3.75,0,24.2
Saturday,Cloudy,655,852,No,Buffet,34,4.44,1,53.5
Saturday,Sunny,873,1400,No,Regular,52,4.28,0,404.4
Thursday,Sunny,97,141,Eid,Regular,8,4.55,0,22.4
Friday,Sunny,310,422,Christmas,Regular,19,4.52,1,13.4
Monday,Sunny,619,759,No,Regular,32,4.56,1,123.4
Saturday,Sunny,440,288,No,Regular,11,4.16,0,0.0
Sunday,Stormy,309,51,Diwali,Regular,4,4.71,0,0.0
Monday,Sunny,479,834,No,Corporate,33,3.9,1,383.0
Saturday,Cloudy,144,38,No,Buffet,6,4.69,0,0.0
Sunday,Cloudy,933,1400,No,Regular,52,4.51,0,359.3
Tuesday,Cloudy,560,1400,No,Regular,52,4.41,0,852.1
Thursday,Cloudy,201,199,No,Regular,9,4.13,1,0.0
Sunday,Sunny,108,147,No,Regular,8,3.85,1,19.9
Sunday,Cloudy,145,259,No,Regular,10,4.14,0,106.8
Monday,Sunny,378,61,No,Banquet,5,3.5,1,0.0
Wednesday,Rainy,137,432,No,Corporate,20,4.57,0,316.3
Friday,Sunny,87,124,No,Buffet,9,3.94,0,21.8
Tuesday,Cloudy,29,122,New Year,Regular,7,3.96,0,87.4
Wednesday,Cloudy,399,508,No,Buffet,23,3.37,0,55.5
Monday,Cloudy,94,162,No,Banquet,8,3.7,0,76.4
Tuesday,Sunny,950,1400,No,Regular,52,5.0,0,379.5
Thursday,Cloudy,184,192,No,Corporate,8,3.87,0,38.7
Friday,Cloudy,353,174,Eid,Regular,11,4.56,0,0.0
Friday,Cloudy,867,1038,Diwali,Buffet,38,3.59,0,0.0
Saturday,Sunny,402,51,No,Regular,4,3.56,1,0.0
Wednesday,Sunny,531,650,No,Buffet,25,4.12,0,18.5
Tuesday,Sunny,144,254,No,Regular,13,4.15,1,93.2
Monday,Rainy,170,237,No,Buffet,11,3.87,0,85.7
Tuesday,Sunny,438,558,No,Buffet,23,4.12,0,65.4
Wednesday,Cloudy,744,965,No,Buffet,38,3.8,1,128.6
Tuesday,Rainy,807,1085,No,Buffet,39,4.63,0,346.3
Monday,Cloudy,282,365,No,Regular,17,4.97,0,109.0
Tuesday,Cloudy,706,916,No,Buffet,34,4.56,1,23.4
Friday,Cloudy,111,269,No,Regular,13,3.55,0,152.7
Friday,Cloudy,376,497,No,Buffet,21,4.31,0,53.1
Sunday,Sunny,49,106,No,Regular,4,3.88,0,51.1
Saturday,Rainy,227,164,No,Buffet,7,3.88,0,0.0
Thursday,Stormy,129,475,No,Regular,18,4.42,0,378.9
Monday,Cloudy,200,199,No,Banquet,12,4.17,1,0.0
Thursday,Stormy,287,352,No,Buffet,14,4.17,0,132.1
Monday,Stormy,204,261,No,Regular,12,4.14,0,115.2
Thursday,Cloudy,129,184,No,Buffet,9,3.74,0,53.9
Wednesday,Cloudy,192,342,No,Regular,13,3.69,0,172.5
Thursday,Cloudy,351,595,No,Regular,22,4.0,0,248.7
Tuesday,Sunny,117,45,No,Regular,5,4.04,1,0.0
Friday,Sunny,364,757,No,Corporate,29,4.29,0,381.3
Saturday,Sunny,40,122,No,Banquet,8,4.49,0,72.5
Saturday,Rainy,474,601,No,Banquet,26,4.05,0,159.3
Friday,Sunny,354,287,New Year,Regular,14,4.19,1,0.0
Thursday,Rainy,342,420,Eid,Regular,16,4.51,0,96.6
Monday,Cloudy,358,1222,New Year,Corporate,48,4.01,0,909.8
Saturday,Cloudy,114,206,New Year,Regular,11,4.3,0,88.1
Thursday,Sunny,498,859,No,Buffet,34,4.21,0,318.7
Tuesday,Cloudy,279,430,No,Banquet,20,3.99,1,131.9
Wednesday,Sunny,942,1400,No,Regular,52,3.59,0,438.3
Sunday,Sunny,133,204,No,Regular,10,3.72,0,61.4
Friday,Sunny,78,76,Diwali,Corporate,5,4.56,0,0.0
Thursday,Sunny,560,564,Eid,Buffet,21,3.44,1,0.0
Friday,Sunny,391,241,No,Banquet,12,4.87,0,0.0
Wednesday,Cloudy,403,397,Eid,Buffet,16,3.84,0,0.0
Thursday,Sunny,109,133,No,Regular,7,3.38,1,20.0
Wednesday,Sunny,743,730,No,Corporate,29,3.89,1,41.9
Thursday,Rainy,211,250,No,Corporate,11,3.17,0,87.4
Friday,Cloudy,133,130,New Year,Banquet,9,3.4,0,0.0
Monday,Stormy,445,593,No,Buffet,25,4.16,0,252.8
Saturday,Cloudy,298,155,No,Buffet,10,3.46,1,0.0
Wednesday,Sunny,116,228,No,Regular,12,3.48,0,111.9
Friday,Rainy,732,989,Diwali,Regular,39,4.14,0,250.0
Friday,Rainy,296,454,Diwali,Banquet,17,4.15,0,131.0
Friday,Cloudy,229,43,No,Banquet,4,4.33,1,0.0
Friday,Cloudy,775,1012,New Year,Buffet,39,4.22,0,19.9
Sunday,Sunny,106,111,No,Banquet,8,4.1,0,0.0
Thursday,Cloudy,74,223,Christmas,Regular,8,4.36,1,139.5
Saturday,Rainy,302,398,No,Corporate,19,4.5,0,150.4
Friday,Cloudy,621,1400,No,Buffet,52,4.15,0,730.8
Tuesday,Sunny,354,26,Christmas,Buffet,4,4.33,0,0.0
Wednesday,Sunny,465,447,Diwali,Buffet,18,3.02,1,0.0
Thursday,Sunny,40,41,No,Buffet,4,3.94,0,0.0
Tuesday,Sunny,55,57,Eid,Corporate,4,4.72,0,3.8
Wednesday,Sunny,261,363,No,Regular,15,3.88,1,86.9
Wednesday,Rainy,98,94,No,Corporate,5,4.33,1,4.2
Friday,Sunny,720,884,No,Regular,34,4.22,0,132.6
Tuesday,Sunny,557,499,No,Regular,19,3.85,0,0.0
Saturday,Sunny,556,939,No,Buffet,36,4.31,0,255.6
Thursday,Cloudy,362,1154,No,Corporate,46,3.93,0,820.4
Friday,Cloudy,456,534,No,Banquet,20,3.91,0,35.5
Monday,Cloudy,329,559,No,Regular,22,3.91,1,237.3
Thursday,Stormy,116,76,No,Regular,4,3.75,0,0.0
Monday,Stormy,738,938,No,Buffet,34,3.7,0,404.5
Friday,Rainy,220,683,No,Corporate,28,3.91,0,501.2
Wednesday,Rainy,409,552,No,Banquet,22,4.15,1,119.9
Sunday,Sunny,831,1016,No,Corporate,39,3.96,0,196.4
Wednesday,Cloudy,60,83,No,Buffet,6,3.93,0,22.6
Thursday,Sunny,807,690,No,Corporate,25,5.0,0,0.0
Tuesday,Rainy,350,311,Eid,Regular,16,4.42,1,0.0
Friday,Sunny,931,1400,Christmas,Banquet,52,3.43,0,253.3
Thursday,Sunny,526,816,No,Buffet,34,4.23,0,236.9
Wednesday,Sunny,259,687,No,Regular,26,4.24,1,399.3
Tuesday,Cloudy,452,684,No,Buffet,27,5.0,0,163.4
Monday,Cloudy,69,270,No,Corporate,11,4.26,0,214.1
Monday,Sunny,696,1396,No,Regular,52,5.0,0,688.5
Sunday,Cloudy,162,156,No,Regular,7,3.95,0,0.0
Wednesday,Sunny,526,707,No,Corporate,30,3.79,0,229.0
Monday,Rainy,663,78,No,Banquet,4,3.63,0,0.0
Sunday,Sunny,490,826,Eid,Buffet,30,4.49,0,148.5
Monday,Sunny,46,27,No,Regular,4,3.74,1,0.0
Wednesday,Cloudy,396,419,No,Buffet,19,3.85,0,0.0
Friday,Cloudy,390,403,Christmas,Regular,15,4.34,0,0.0
Sunday,Rainy,377,372,No,Regular,18,3.98,0,41.5
Friday,Cloudy,496,486,No,Regular,22,4.18,0,0.0
Thursday,Stormy,300,462,No,Buffet,21,3.59,1,202.4
Sunday,Sunny,496,1340,No,Regular,50,3.12,0,848.7
Monday,Sunny,167,268,No,Regular,14,4.66,0,95.6
Sunday,Stormy,65,136,No,Regular,7,4.61,0,86.0
Saturday,Sunny,104,103,No,Buffet,4,4.02,0,0.0
Sunday,Rainy,833,891,No,Regular,32,4.16,0,79.2
Tuesday,Sunny,476,548,No,Regular,22,3.73,0,46.5
Tuesday,Cloudy,480,233,No,Buffet,9,4.01,1,0.0
Friday,Sunny,768,629,No,Corporate,23,5.0,0,0.0
Thursday,Cloudy,594,723,No,Corporate,30,4.87,0,134.8
Thursday,Rainy,20,66,No,Buffet,4,4.24,0,46.6
Sunday,Sunny,532,651,No,Buffet,24,3.32,1,0.0
Friday,Sunny,104,32,No,Corporate,5,4.34,0,0.0
Wednesday,Sunny,570,696,No,Buffet,26,4.01,0,51.4
Wednesday,Sunny,28,110,No,Buffet,8,3.95,1,76.8
Monday,Sunny,145,33,No,Regular,4,4.12,1,0.0
Tuesday,Stormy,691,29,No,Regular,4,4.93,0,0.0
Tuesday,Sunny,245,130,No,Regular,5,4.18,0,0.0
Saturday,Sunny,406,564,No,Regular,24,4.54,0,88.1
Friday,Sunny,933,978,No,Banquet,39,4.3,0,0.0
Thursday,Sunny,286,302,Eid,Regular,12,4.29,0,0.0
Wednesday,Sunny,116,147,No,Buffet,9,4.4,0,6.4
Friday,Cloudy,285,45,No,Banquet,4,3.95,0,0.0
Saturday,Cloudy,676,1078,Eid,Buffet,43,3.55,0,159.6
Sunday,Rainy,334,585,No,Regular,21,4.79,0,261.7
Thursday,Sunny,221,282,No,Banquet,15,3.48,1,35.1
Saturday,Cloudy,231,231,No,Regular,12,4.24,0,0.0
Thursday,Rainy,345,455,No,Regular,19,4.88,0,159.2
Thursday,Rainy,498,649,No,Regular,25,4.27,1,196.5
Sunday,Stormy,147,251,Diwali,Regular,10,4.37,0,120.9
Wednesday,Sunny,68,110,No,Corporate,4,4.37,0,49.4
Wednesday,Stormy,581,383,No,Regular,14,4.61,0,0.0
Wednesday,Rainy,620,627,No,Corporate,24,4.69,0,99.5
Thursday,Rainy,158,162,Diwali,Regular,9,3.52,0,6.7
Thursday,Cloudy,312,238,No,Banquet,10,4.67,0,0.0
Friday,Stormy,311,216,No,Regular,8,4.1,0,0.0
Thursday,Sunny,73,76,No,Banquet,6,3.8,0,0.0
Tuesday,Rainy,412,76,No,Regular,4,3.67,1,0.0
Sunday,Cloudy,496,512,No,Corporate,20,4.23,0,50.9
Wednesday,Cloudy,346,93,Diwali,Corporate,8,3.89,0,0.0
Sunday,Rainy,82,59,Eid,Buffet,4,4.15,1,0.0
Tuesday,Sunny,809,1057,No,Regular,39,4.12,0,250.5
Thursday,Sunny,43,41,No,Buffet,4,4.24,0,0.0
Thursday,Sunny,114,156,No,Buffet,6,4.46,0,36.0
Saturday,Rainy,409,408,No,Buffet,18,4.62,0,0.0
Monday,Cloudy,626,745,No,Buffet,28,4.61,0,123.5
Sunday,Rainy,867,587,No,Banquet,21,4.76,1,0.0
Thursday,Rainy,198,234,No,Banquet,13,4.01,0,64.3
Friday,Cloudy,495,616,No,Buffet,24,3.81,0,50.2
Thursday,Sunny,483,644,No,Regular,24,4.08,1,119.8
Monday,Cloudy,38,20,No,Regular,4,3.91,0,0.0
Thursday,Rainy,289,353,No,Corporate,13,3.57,0,126.2
Tuesday,Cloudy,402,628,No,Banquet,27,4.01,0,228.7
Wednesday,Rainy,181,247,No,Regular,12,4.41,0,80.4
Friday,Stormy,355,462,No,Regular,20,4.63,0,197.2
Thursday,Sunny,518,1028,No,Regular,40,4.08,0,505.1
Monday,Cloudy,488,216,No,Regular,8,4.57,0,0.0
Monday,Cloudy,205,356,Diwali,Banquet,15,4.12,0,133.3
Tuesday,Sunny,648,36,No,Buffet,5,3.12,0,0.0
Tuesday,Sunny,453,1201,No,Regular,46,3.55,1,733.2
Friday,Sunny,493,1175,No,Regular,46,4.29,0,627.1
Tuesday,Sunny,615,734,No,Regular,31,3.36,1,51.7
Sunday,Cloudy,347,430,Christmas,Buffet,19,3.56,0,13.9
Tuesday,Sunny,709,66,No,Buffet,4,3.48,0,0.0
Monday,Sunny,425,638,No,Regular,25,4.03,0,228.8
Sunday,Cloudy,679,1187,No,Regular,45,4.22,0,479.4
Wednesday,Sunny,130,203,No,Banquet,9,3.4,0,58.7
Thursday,Rainy,750,412,No,Corporate,18,4.44,0,0.0
Sunday,Sunny,147,264,No,Buffet,13,4.12,0,90.2
Sunday,Sunny,53,73,Diwali,Buffet,6,3.56,1,0.0
Friday,Stormy,71,96,No,Banquet,4,4.14,0,34.0
Monday,Rainy,231,243,No,Corporate,10,3.8,0,67.4
Friday,Cloudy,307,1036,No,Banquet,39,3.8,1,682.5
Sunday,Rainy,24,21,No,Regular,4,3.59,0,0.9
Sunday,Sunny,409,1122,No,Regular,45,4.11,0,690.2
Monday,Rainy,301,518,No,Regular,20,4.01,0,282.1
Wednesday,Sunny,157,36,No,Corporate,5,4.01,0,0.0
Wednesday,Cloudy,438,1360,No,Buffet,52,4.07,0,895.2
Monday,Sunny,649,693,Christmas,Regular,25,4.22,0,0.0
Friday,Rainy,591,985,No,Banquet,39,4.04,0,391.4
Tuesday,Sunny,471,311,No,Banquet,15,3.28,0,0.0
Wednesday,Sunny,790,892,No,Regular,36,4.1,0,86.5
Monday,Sunny,634,799,No,Buffet,33,3.71,0,139.4
Thursday,Cloudy,357,249,No,Buffet,10,4.59,0,0.0
Tuesday,Sunny,64,245,No,Regular,12,4.3,0,172.8
Thursday,Cloudy,47,46,No,Buffet,4,4.53,0,0.0
Tuesday,Sunny,395,389,No,Regular,16,3.89,1,0.0
Sunday,Rainy,895,1400,No,Banquet,52,4.49,1,505.0
Tuesday,Sunny,101,121,No,Corporate,7,3.65,1,22.0
Thursday,Stormy,204,69,Christmas,Banquet,7,4.11,0,0.0
Tuesday,Sunny,123,165,No,Corporate,8,3.74,0,53.2
Monday,Sunny,212,291,No,Regular,15,4.37,0,83.9
Tuesday,Sunny,934,1059,No,Regular,42,4.84,0,104.6
Monday,Sunny,605,751,No,Buffet,27,4.27,1,47.5
Monday,Cloudy,624,816,No,Regular,31,3.49,0,268.7
Thursday,Sunny,472,828,No,Buffet,30,3.84,0,291.1
Friday,Rainy,208,264,Christmas,Regular,13,5.0,0,26.3
Monday,Cloudy,929,35,No,Regular,5,4.46,0,0.0
Thursday,Sunny,479,467,No,Buffet,20,3.79,0,0.0
Friday,Sunny,866,1367,No,Buffet,49,4.51,1,202.0
Tuesday,Sunny,27,20,Christmas,Buffet,4,4.17,0,0.0
Wednesday,Sunny,42,61,No,Buffet,7,5.0,1,4.6
Monday,Sunny,104,93,New Year,Regular,5,4.15,0,0.0
Tuesday,Sunny,702,882,No,Corporate,34,4.01,0,249.0
Thursday,Sunny,79,213,No,Buffet,12,4.09,0,126.0
Sunday,Stormy,741,1286,Diwali,Buffet,47,3.96,0,563.0
Sunday,Cloudy,171,236,No,Regular,10,3.82,0,71.1
Sunday,Stormy,316,218,No,Buffet,8,3.65,0,0.0
Thursday,Sunny,610,814,No,Regular,32,3.92,0,188.8
Monday,Rainy,420,73,No,Buffet,6,4.44,0,0.0
Wednesday,Sunny,134,134,Christmas,Regular,6,4.01,0,0.0
Tuesday,Sunny,184,183,Diwali,Corporate,8,3.88,0,2.2
Monday,Rainy,791,825,No,Corporate,32,3.56,0,238.4
Monday,Sunny,123,128,No,Buffet,5,4.42,0,0.0
Thursday,Sunny,114,44,No,Corporate,4,4.8,0,0.0
Wednesday,Rainy,922,1400,No,Buffet,52,3.76,1,494.6
Tuesday,Cloudy,147,271,No,Regular,12,3.85,0,122.9
Friday,Cloudy,74,98,No,Corporate,8,3.73,0,40.1
Wednesday,Sunny,706,1400,Eid,Banquet,52,4.46,0,603.3
Saturday,Sunny,696,999,No,Regular,37,4.56,0,209.8
Tuesday,Stormy,195,348,No,Regular,17,4.18,0,191.0
Thursday,Sunny,765,1040,New Year,Buffet,38,3.62,0,82.9
Tuesday,Sunny,870,1001,Eid,Regular,37,4.28,1,0.0
Thursday,Sunny,105,102,No,Buffet,7,4.22,1,0.0
Tuesday,Rainy,409,891,No,Buffet,33,4.26,0,506.2
Tuesday,Rainy,744,1209,No,Corporate,46,3.68,0,647.0
Friday,Sunny,333,397,No,Regular,17,3.65,0,51.5
Tuesday,Stormy,432,756,No,Regular,30,3.44,0,462.4
Tuesday,Sunny,276,267,No,Corporate,14,4.6,0,0.0
Sunday,Rainy,35,56,No,Regular,5,4.62,0,26.3
Monday,Sunny,410,292,No,Buffet,14,3.44,0,0.0
Thursday,Sunny,32,58,Christmas,Regular,6,3.78,0,26.3
Thursday,Sunny,699,1073,Eid,Regular,39,3.79,0,261.1
Tuesday,Stormy,51,22,No,Buffet,4,4.5,0,0.0
Thursday,Rainy,58,80,No,Regular,4,4.16,0,35.0
Monday,Cloudy,54,20,No,Buffet,4,4.77,0,0.0
Saturday,Sunny,717,856,No,Buffet,32,4.0,0,0.0
Tuesday,Sunny,343,1162,Diwali,Banquet,45,3.56,0,770.5
Tuesday,Sunny,173,202,No,Corporate,8,3.81,0,48.3
Wednesday,Sunny,394,489,No,Regular,18,3.74,0,94.7
Sunday,Sunny,472,590,No,Regular,23,4.56,0,60.2
Saturday,Cloudy,506,540,No,Corporate,24,4.93,0,19.7
Sunday,Cloudy,224,292,No,Regular,13,4.33,0,45.4
Friday,Rainy,107,117,No,Regular,7,3.83,0,17.4
Friday,Cloudy,862,1400,No,Regular,52,4.23,0,479.5
Thursday,Sunny,429,500,No,Buffet,18,3.43,0,0.0
Sunday,Cloudy,221,276,Eid,Regular,14,4.04,0,19.7
Thursday,Sunny,70,107,No,Regular,5,3.42,0,34.9
Wednesday,Cloudy,661,1083,No,Buffet,40,4.32,0,375.3
Friday,Rainy,897,1400,No,Corporate,52,4.05,0,653.9
Thursday,Sunny,474,1400,Christmas,Regular,52,4.46,1,819.8
Monday,Sunny,111,72,No,Corporate,4,4.43,0,0.0
Wednesday,Rainy,37,23,No,Buffet,4,3.89,0,0.0
Wednesday,Cloudy,269,317,No,Regular,13,4.55,0,53.5
Saturday,Cloudy,377,898,No,Regular,36,3.62,1,485.0
Wednesday,Cloudy,478,540,Eid,Regular,22,5.0,0,22.6
Saturday,Cloudy,345,298,No,Regular,13,3.56,0,0.0
Thursday,Sunny,306,641,No,Corporate,25,4.43,0,344.2
Saturday,Rainy,66,88,Eid,Regular,8,4.64,0,18.3
Monday,Stormy,667,667,No,Banquet,27,4.2,1,130.7
Sunday,Sunny,322,414,No,Regular,16,3.69,0,65.1
Thursday,Sunny,615,1400,No,Regular,51,3.79,1,742.0
Tuesday,Cloudy,240,254,No,Buffet,11,3.69,1,0.0
Tuesday,Cloudy,95,101,Eid,Corporate,4,4.12,0,2.8
Tuesday,Sunny,166,301,No,Regular,13,4.45,1,112.7
Wednesday,Cloudy,899,565,No,Regular,25,4.32,0,0.0
Friday,Cloudy,562,332,Christmas,Buffet,15,4.14,0,0.0
Sunday,Cloudy,332,114,No,Regular,9,3.53,0,0.0
Friday,Sunny,150,50,No,Buffet,4,4.83,0,0.0
Thursday,Sunny,427,570,No,Corporate,25,4.05,0,182.7
Thursday,Sunny,67,81,No,Regular,4,3.96,0,8.7
Saturday,Stormy,214,373,No,Corporate,16,4.22,0,228.8
Saturday,Cloudy,851,1019,No,Regular,41,3.42,0,144.7
Wednesday,Sunny,473,827,No,Banquet,30,4.1,0,324.1
Sunday,Rainy,866,26,No,Banquet,4,4.03,0,0.0
Wednesday,Sunny,418,436,No,Buffet,18,4.05,0,0.0
Saturday,Cloudy,94,130,No,Banquet,8,4.63,0,21.1
Sunday,Sunny,85,77,No,Corporate,7,3.59,0,0.0
Friday,Cloudy,600,603,No,Regular,23,4.1,1,0.0
Tuesday,Cloudy,381,506,No,Regular,23,3.86,1,138.4
Friday,Rainy,262,254,No,Regular,14,4.03,0,14.8
Monday,Sunny,21,42,Christmas,Buffet,4,4.47,0,13.3
Saturday,Sunny,402,458,Eid,Buffet,19,4.07,0,0.0
Wednesday,Sunny,57,87,No,Buffet,7,4.0,0,23.6
Friday,Stormy,57,65,Eid,Buffet,4,3.13,0,10.5
Sunday,Sunny,596,572,No,Regular,22,4.45,1,0.0
Tuesday,Cloudy,650,521,New Year,Regular,20,3.44,0,0.0
Wednesday,Cloudy,890,1384,New Year,Regular,50,3.92,0,344.5
Friday,Sunny,655,1400,No,Banquet,52,3.76,0,743.8
Wednesday,Sunny,494,1298,No,Regular,51,3.16,1,780.6
Tuesday,Sunny,251,348,No,Regular,13,4.18,0,96.9
Monday,Cloudy,371,487,No,Regular,22,3.94,0,139.2
Wednesday,Stormy,79,34,No,Banquet,4,4.34,0,0.0
Friday,Sunny,547,719,No,Regular,27,4.35,1,66.8
Friday,Stormy,683,675,No,Buffet,26,4.38,0,93.8
Tuesday,Sunny,298,383,Diwali,Regular,15,4.33,0,51.3
Thursday,Sunny,365,354,New Year,Regular,15,4.33,0,0.0
Wednesday,Rainy,44,43,No,Buffet,4,4.52,1,0.0
Tuesday,Rainy,113,312,No,Buffet,14,4.27,0,211.3
Saturday,Sunny,239,407,Diwali,Buffet,18,4.21,0,101.1
Wednesday,Cloudy,541,538,No,Regular,21,4.05,0,0.0
Thursday,Rainy,82,166,Christmas,Banquet,10,4.23,0,85.5
Sunday,Rainy,740,1189,No,Buffet,43,4.34,0,424.2
Thursday,Cloudy,252,306,No,Banquet,11,4.33,0,49.7
Friday,Sunny,457,238,No,Regular,13,4.04,0,0.0
Monday,Sunny,31,29,No,Regular,6,5.0,0,1.5
Tuesday,Cloudy,66,124,No,Regular,5,4.76,0,59.8
Monday,Cloudy,213,257,Diwali,Corporate,12,3.78,0,71.5
Saturday,Sunny,444,593,No,Corporate,23,4.12,0,166.8
Saturday,Sunny,178,298,No,Buffet,11,4.8,0,85.8
Tuesday,Sunny,465,271,No,Regular,13,3.75,1,0.0
Tuesday,Cloudy,86,88,No,Regular,6,3.6,0,1.1
Wednesday,Sunny,450,60,No,Regular,7,5.0,0,0.0
Friday,Sunny,582,1151,No,Corporate,43,3.92,0,567.8
Friday,Sunny,476,822,No,Regular,33,3.27,0,345.1
Friday,Rainy,48,115,Diwali,Regular,9,3.77,0,66.1
Sunday,Cloudy,626,915,Christmas,Regular,34,3.94,1,133.6
Wednesday,Sunny,101,100,No,Regular,5,4.46,0,0.0
Friday,Sunny,506,630,No,Banquet,26,4.13,0,66.4
Thursday,Sunny,493,1400,Christmas,Regular,52,3.53,0,880.0
Wednesday,Cloudy,510,546,No,Banquet,22,2.89,0,72.5
Sunday,Cloudy,119,371,No,Buffet,14,4.32,0,225.1
Monday,Cloudy,837,804,No,Buffet,32,4.14,0,0.0
Friday,Cloudy,916,1090,No,Buffet,42,4.63,0,48.8
Saturday,Sunny,107,142,No,Buffet,7,3.85,0,9.3
Sunday,Sunny,107,153,No,Buffet,10,4.0,0,23.8
Thursday,Sunny,679,593,No,Regular,22,3.89,1,0.0
Wednesday,Sunny,484,595,No,Banquet,24,3.86,0,80.8
Saturday,Sunny,226,816,No,Regular,32,4.28,1,556.1
Saturday,Cloudy,140,57,No,Regular,4,3.93,0,0.0
Thursday,Sunny,88,97,No,Regular,4,3.41,0,20.5
Saturday,Cloudy,509,764,No,Buffet,32,4.67,0,164.9
Tuesday,Sunny,122,20,No,Regular,4,4.21,1,0.0
Friday,Sunny,64,81,No,Regular,7,4.39,0,10.8
Sunday,Cloudy,116,115,No,Regular,6,4.67,0,0.0
Wednesday,Sunny,926,955,No,Regular,37,4.03,0,0.0
Thursday,Sunny,459,41,No,Regular,6,4.03,1,0.0
Sunday,Sunny,498,74,Diwali,Corporate,5,3.66,0,0.0
Saturday,Cloudy,342,1046,No,Regular,40,4.48,1,662.4
Sunday,Sunny,366,361,No,Banquet,17,3.47,1,0.0
Wednesday,Stormy,96,358,No,Buffet,13,4.2,0,277.9
Sunday,Stormy,460,686,No,Corporate,27,4.34,1,311.5
Tuesday,Rainy,133,210,Diwali,Banquet,11,3.56,0,89.9
Thursday,Sunny,685,43,No,Regular,6,4.64,0,0.0
Thursday,Cloudy,665,857,No,Buffet,35,3.29,0,208.9
Saturday,Sunny,857,1400,No,Regular,51,3.56,1,438.9
Sunday,Rainy,817,873,No,Regular,32,4.11,0,114.0
Saturday,Cloudy,30,119,No,Regular,5,4.42,0,86.0
Friday,Sunny,833,1163,No,Buffet,45,3.55,0,175.3
Thursday,Sunny,426,529,No,Corporate,20,4.42,0,137.3
Thursday,Rainy,808,565,No,Regular,24,4.46,0,0.0
Thursday,Rainy,509,646,Eid,Corporate,28,3.95,0,187.4
Monday,Cloudy,430,589,Diwali,Regular,25,4.17,0,167.2
Thursday,Cloudy,496,609,No,Regular,22,4.61,0,94.6
Saturday,Rainy,444,1400,No,Regular,52,4.76,0,991.1
Friday,Rainy,647,1400,No,Buffet,52,3.9,1,695.1
Saturday,Rainy,492,837,Diwali,Buffet,33,3.77,0,259.0
Wednesday,Sunny,474,564,No,Regular,23,4.05,0,73.3
Thursday,Cloudy,805,770,No,Regular,30,3.67,1,0.0
Monday,Rainy,139,193,No,Buffet,10,4.65,0,62.7
Wednesday,Sunny,349,452,No,Corporate,18,4.33,0,128.3
Thursday,Sunny,355,1038,No,Regular,42,4.12,0,670.4
Tuesday,Sunny,335,412,No,Corporate,15,4.59,0,84.1
Monday,Sunny,50,74,No,Buffet,6,4.44,0,14.5
Friday,Rainy,129,166,No,Buffet,8,4.53,1,8.6
Thursday,Sunny,262,78,No,Regular,6,4.35,0,0.0
Wednesday,Cloudy,387,380,No,Banquet,17,4.71,0,0.0
Tuesday,Sunny,902,1358,No,Buffet,52,3.54,0,333.7
Thursday,Rainy,785,946,No,Regular,34,4.34,1,207.4
Thursday,Rainy,362,575,New Year,Corporate,22,4.78,0,242.7
Thursday,Cloudy,69,47,No,Corporate,4,3.99,0,0.0
Friday,Cloudy,680,888,No,Corporate,33,3.88,0,270.9
Monday,Sunny,100,131,Eid,Corporate,5,3.96,0,36.3
Sunday,Rainy,902,933,No,Regular,37,4.12,0,67.2
Monday,Cloudy,749,1400,Christmas,Corporate,52,4.57,1,674.8
Thursday,Sunny,560,152,No,Regular,8,4.12,0,0.0
Tuesday,Stormy,227,563,No,Corporate,23,4.6,0,410.2
Thursday,Sunny,63,70,No,Regular,4,4.32,1,0.5
Wednesday,Cloudy,451,789,No,Regular,33,4.51,1,289.3
Sunday,Sunny,287,522,Christmas,Regular,21,4.14,1,152.9
Wednesday,Cloudy,313,371,Christmas,Corporate,14,4.02,0,69.5
Friday,Sunny,440,441,No,Buffet,16,3.56,1,0.0
Tuesday,Sunny,364,437,No,Corporate,19,3.1,0,94.4
Monday,Cloudy,189,254,No,Regular,14,3.96,1,68.7
Wednesday,Stormy,261,52,No,Regular,5,3.06,0,0.0
Thursday,Sunny,311,27,No,Buffet,4,4.08,0,0.0
Thursday,Cloudy,130,406,No,Regular,17,4.4,0,273.6
Sunday,Cloudy,407,467,No,Buffet,18,4.13,0,0.0
Friday,Rainy,680,860,No,Banquet,31,2.93,0,230.0
Sunday,Sunny,881,1177,No,Buffet,47,3.94,1,148.2
Wednesday,Cloudy,696,1400,No,Regular,51,4.34,0,724.4
Saturday,Stormy,261,315,No,Buffet,14,4.64,1,72.7
Thursday,Sunny,748,1001,No,Banquet,36,4.33,0,191.7
Friday,Sunny,315,159,No,Buffet,8,4.11,0,0.0
Sunday,Rainy,525,513,No,Corporate,20,4.31,0,55.3
Friday,Sunny,115,211,No,Regular,9,4.89,0,76.2
Sunday,Sunny,797,1135,Eid,Corporate,43,4.12,0,250.2
Saturday,Sunny,62,118,No,Regular,6,3.49,0,48.9
Monday,Rainy,37,171,No,Corporate,8,3.91,1,138.3
Friday,Stormy,354,459,No,Banquet,18,3.8,0,180.0
Thursday,Cloudy,144,183,New Year,Banquet,9,3.62,0,23.3
Sunday,Cloudy,339,347,No,Regular,16,3.81,0,3.3
Saturday,Sunny,640,1129,No,Corporate,45,5.0,0,508.8
Monday,Sunny,217,403,No,Regular,19,3.68,1,183.1
Monday,Sunny,542,832,No,Buffet,30,3.9,0,231.2
Monday,Sunny,927,1400,Diwali,Buffet,52,5.0,1,60.3
Thursday,Sunny,326,507,Diwali,Buffet,23,4.35,0,44.7
Monday,Cloudy,685,56,Diwali,Regular,4,4.25,0,0.0
Saturday,Sunny,147,208,No,Buffet,8,4.33,0,31.5
Thursday,Sunny,42,23,No,Buffet,4,4.18,0,0.0
Saturday,Sunny,475,816,No,Buffet,32,3.91,0,249.2
Tuesday,Sunny,875,1157,Eid,Buffet,45,4.24,0,90.4
Thursday,Sunny,61,78,No,Buffet,6,4.33,0,6.5
Monday,Sunny,381,677,No,Regular,28,3.39,1,252.3
Sunday,Sunny,428,120,New Year,Regular,8,3.91,1,0.0
Tuesday,Cloudy,816,1177,New Year,Buffet,47,3.39,0,206.1
Monday,Rainy,897,971,No,Corporate,38,3.73,0,301.6
Tuesday,Rainy,50,74,No,Regular,5,4.32,1,31.4
Saturday,Rainy,405,625,No,Regular,26,3.92,0,238.4
Monday,Cloudy,179,597,No,Banquet,22,4.0,0,422.6
Friday,Rainy,695,722,No,Corporate,26,2.96,0,169.6
Saturday,Cloudy,49,20,No,Buffet,4,3.54,0,0.0
Saturday,Cloudy,821,1027,No,Corporate,39,3.61,0,326.3
Tuesday,Sunny,40,43,Eid,Banquet,6,3.38,0,0.0
Monday,Sunny,115,37,New Year,Buffet,4,4.18,0,0.0
Thursday,Sunny,311,881,New Year,Regular,33,4.14,0,526.2
Tuesday,Sunny,922,1400,Diwali,Buffet,52,4.46,0,182.1
Friday,Rainy,794,1212,No,Banquet,47,4.65,0,407.3
Wednesday,Sunny,265,361,No,Buffet,17,4.7,1,26.4
Thursday,Cloudy,798,1011,No,Regular,40,4.27,0,232.3
Monday,Rainy,326,137,No,Banquet,6,4.2,0,0.0
Thursday,Cloudy,121,85,No,Corporate,5,4.24,0,0.0
Tuesday,Sunny,905,1189,No,Regular,46,3.69,0,318.1
Friday,Sunny,99,62,Eid,Banquet,4,4.23,0,0.0
Monday,Sunny,660,661,No,Corporate,25,3.9,0,60.9
Sunday,Stormy,743,979,No,Corporate,38,3.6,0,452.1
Friday,Cloudy,829,1086,No,Banquet,42,3.36,0,232.8
Tuesday,Cloudy,166,175,No,Regular,10,3.1,0,17.1
Monday,Cloudy,913,1058,No,Corporate,39,4.01,0,273.5
Wednesday,Cloudy,76,80,No,Regular,4,3.83,0,8.2
Tuesday,Cloudy,230,237,No,Corporate,12,3.8,1,21.9
Tuesday,Sunny,194,589,No,Corporate,23,3.63,0,418.4
Sunday,Sunny,169,203,No,Corporate,8,3.88,0,25.8
Friday,Sunny,299,721,Christmas,Corporate,28,3.66,0,386.6
Tuesday,Cloudy,148,487,No,Corporate,21,4.16,0,358.4
Thursday,Rainy,116,118,No,Regular,7,4.43,0,13.3
Tuesday,Cloudy,424,146,No,Regular,8,3.91,0,0.0
Sunday,Cloudy,859,434,No,Regular,18,4.58,1,0.0
Monday,Stormy,266,493,New Year,Corporate,21,3.79,1,288.8
Saturday,Sunny,423,267,No,Buffet,14,3.31,1,0.0
Saturday,Sunny,687,1055,Diwali,Buffet,38,4.69,0,145.1
Monday,Rainy,855,1400,Diwali,Regular,51,3.26,0,687.9
Tuesday,Rainy,769,294,No,Buffet,15,3.88,0,0.0
Wednesday,Cloudy,333,1024,No,Buffet,38,4.45,0,637.2
Sunday,Sunny,385,160,New Year,Banquet,9,4.64,0,0.0
Thursday,Stormy,252,770,New Year,Corporate,28,4.05,0,569.1
Friday,Rainy,706,908,No,Buffet,34,3.88,0,206.4
Saturday,Cloudy,298,414,No,Corporate,17,5.0,0,122.9
Saturday,Sunny,713,710,No,Regular,27,4.51,0,0.0
Thursday,Cloudy,842,1135,No,Regular,42,4.57,0,295.8
Thursday,Rainy,267,753,No,Buffet,28,4.32,1,504.8
Friday,Rainy,27,54,No,Corporate,5,4.37,0,33.3
Tuesday,Cloudy,86,86,No,Regular,6,4.23,0,4.0
Saturday,Cloudy,298,535,Diwali,Regular,21,4.06,1,182.7
Monday,Cloudy,42,122,No,Buffet,5,3.34,0,80.5
Tuesday,Cloudy,72,101,Christmas,Regular,5,3.56,1,14.2
Saturday,Sunny,486,749,No,Regular,30,4.4,0,200.1
Wednesday,Sunny,190,268,No,Buffet,14,4.62,1,32.8
Tuesday,Sunny,457,513,Diwali,Banquet,22,4.2,0,0.0
Tuesday,Rainy,71,102,No,Regular,8,3.66,0,37.6
Thursday,Sunny,473,1400,No,Regular,52,4.2,0,918.3
Saturday,Sunny,155,199,New Year,Regular,11,4.28,0,21.6
Monday,Rainy,292,391,Christmas,Regular,14,3.32,0,155.2
Monday,Cloudy,509,636,Diwali,Corporate,27,4.75,0,146.4
Thursday,Sunny,137,228,No,Regular,13,4.48,1,65.7
Sunday,Sunny,361,376,No,Regular,16,3.67,0,0.0
Tuesday,Rainy,127,158,No,Banquet,9,4.08,0,45.0
Sunday,Sunny,76,80,No,Corporate,4,3.98,0,0.0
Sunday,Cloudy,255,154,New Year,Regular,9,4.66,0,0.0
Wednesday,Sunny,200,205,No,Regular,9,3.88,0,5.2
Saturday,Sunny,287,527,No,Corporate,22,3.62,0,268.8
Friday,Cloudy,928,871,No,Buffet,34,4.07,0,0.0
Thursday,Sunny,590,411,No,Banquet,16,3.68,0,0.0
Thursday,Cloudy,120,238,No,Regular,12,4.52,0,122.3
Saturday,Sunny,427,575,No,Corporate,25,4.08,0,142.7
Saturday,Sunny,318,541,No,Regular,20,3.62,0,204.0
Saturday,Sunny,443,433,Christmas,Regular,18,3.81,1,0.0
Sunday,Rainy,280,410,No,Corporate,18,3.92,1,171.9
Thursday,Sunny,813,970,No,Buffet,36,3.98,0,0.0
Saturday,Sunny,382,560,No,Regular,22,3.42,1,127.3
Sunday,Sunny,918,1293,No,Regular,49,3.62,0,354.7
Tuesday,Cloudy,422,688,No,Corporate,26,4.23,0,287.7
Monday,Sunny,594,736,No,Regular,31,4.65,1,93.4
Wednesday,Stormy,386,514,No,Regular,22,3.9,0,263.4
Saturday,Cloudy,101,112,Eid,Regular,8,4.15,0,0.0
Wednesday,Cloudy,307,541,New Year,Regular,24,5.0,0,212.8
Friday,Cloudy,449,435,New Year,Corporate,19,4.21,0,0.0
Monday,Sunny,92,47,No,Regular,4,3.29,0,0.0
Wednesday,Stormy,209,367,No,Buffet,15,4.35,0,178.9
Friday,Stormy,770,858,No,Buffet,32,4.2,0,201.8
Monday,Sunny,742,892,No,Regular,33,3.93,0,192.3
Sunday,Cloudy,186,322,No,Buffet,12,3.64,0,121.5
Tuesday,Sunny,163,280,No,Regular,15,4.46,0,111.9
Sunday,Cloudy,521,559,No,Corporate,24,2.97,0,92.7
Tuesday,Rainy,791,1053,No,Corporate,41,3.93,0,436.6
Sunday,Stormy,132,1054,No,Corporate,39,3.96,0,970.5
Friday,Sunny,101,109,New Year,Regular,8,3.81,0,0.0
Monday,Cloudy,47,68,No,Corporate,6,4.07,0,34.4
Monday,Cloudy,398,193,No,Buffet,11,3.59,0,0.0
Monday,Sunny,936,1073,No,Regular,42,4.34,1,99.2
Friday,Cloudy,71,95,No,Regular,5,5.0,0,15.0
Saturday,Cloudy,274,536,No,Regular,22,3.73,0,250.8
Wednesday,Rainy,72,291,Eid,Regular,13,4.29,1,216.7
Thursday,Stormy,130,141,No,Regular,8,4.18,0,51.8
Friday,Sunny,192,362,No,Banquet,15,4.2,0,157.4
Thursday,Sunny,218,220,Christmas,Banquet,11,3.92,0,0.0
Friday,Sunny,165,279,No,Regular,11,4.12,0,95.1
Thursday,Sunny,295,232,No,Banquet,10,4.21,0,0.0
Friday,Sunny,374,298,No,Buffet,13,4.45,0,0.0
Sunday,Rainy,902,1085,No,Buffet,42,4.43,0,168.2
Wednesday,Sunny,918,1250,No,Banquet,49,4.66,0,261.1
Monday,Cloudy,240,100,No,Buffet,8,3.81,0,0.0
Monday,Sunny,720,1215,No,Buffet,48,4.2,0,443.5
Thursday,Sunny,246,1246,New Year,Regular,46,4.05,1,953.7
Wednesday,Rainy,38,64,No,Regular,5,4.48,1,24.9
Sunday,Cloudy,490,1085,No,Banquet,40,3.46,0,574.5
Friday,Sunny,821,1000,Diwali,Regular,37,4.58,0,56.5
Thursday,Rainy,167,228,No,Regular,9,4.25,0,75.3
Saturday,Cloudy,607,1400,No,Regular,52,4.62,1,723.9
Tuesday,Sunny,445,637,No,Buffet,24,4.14,1,94.7
Saturday,Cloudy,628,816,No,Regular,34,4.04,0,141.5
Monday,Cloudy,919,1299,Christmas,Banquet,48,3.84,0,326.5
Friday,Sunny,633,625,No,Regular,25,3.95,0,0.0
Sunday,Rainy,826,1136,No,Banquet,43,3.27,1,363.8
Saturday,Cloudy,173,123,No,Buffet,7,4.05,0,0.0
Saturday,Cloudy,426,636,No,Buffet,26,3.9,0,164.6
Wednesday,Rainy,493,519,No,Regular,19,4.16,0,67.1
Saturday,Cloudy,890,1149,No,Regular,44,3.82,0,241.7
Thursday,Sunny,257,168,No,Corporate,8,4.27,1,0.0
Friday,Sunny,82,118,No,Corporate,9,4.06,0,39.5
Monday,Sunny,229,288,No,Regular,11,3.35,0,76.7
Tuesday,Sunny,91,184,No,Banquet,11,4.14,0,86.1
Thursday,Sunny,233,67,No,Corporate,5,4.46,0,0.0
Monday,Cloudy,144,148,New Year,Regular,10,4.49,0,0.0
Saturday,Sunny,784,1320,Eid,Buffet,48,3.74,0,236.4
Saturday,Sunny,293,1240,New Year,Corporate,46,3.49,0,926.9
Sunday,Cloudy,528,612,No,Corporate,24,4.58,0,159.0
Monday,Sunny,123,171,No,Regular,8,4.29,0,52.4
Sunday,Cloudy,244,313,No,Regular,13,3.71,1,46.1
Monday,Cloudy,928,955,Christmas,Regular,35,3.77,0,36.0
Thursday,Sunny,244,72,Eid,Regular,7,4.13,0,0.0
Saturday,Sunny,54,58,No,Regular,6,4.48,1,0.0
Monday,Cloudy,607,1067,No,Buffet,39,3.98,0,463.6
Monday,Sunny,27,64,No,Buffet,7,3.49,0,34.2
Monday,Cloudy,209,311,No,Regular,14,3.32,1,117.9
Thursday,Cloudy,947,1167,No,Buffet,46,3.77,0,157.9
Saturday,Cloudy,575,777,No,Regular,28,3.77,0,190.5
Monday,Sunny,478,622,No,Regular,24,3.65,0,174.4
Monday,Stormy,36,56,No,Corporate,5,4.71,0,33.2
Thursday,Sunny,27,45,No,Banquet,5,3.46,0,20.2
Tuesday,Rainy,254,314,No,Regular,13,3.81,0,100.5
Saturday,Rainy,176,270,No,Corporate,11,5.0,0,97.9
Sunday,Sunny,73,79,No,Banquet,4,3.78,0,0.0
Saturday,Sunny,261,334,No,Buffet,16,4.11,0,22.3
Sunday,Sunny,656,829,No,Banquet,33,4.71,0,40.1
Thursday,Stormy,823,962,No,Regular,39,4.07,1,299.7
Saturday,Sunny,524,131,No,Regular,7,4.28,0,0.0
Tuesday,Rainy,117,122,No,Corporate,9,3.84,0,29.2
Monday,Cloudy,341,116,No,Buffet,6,3.75,0,0.0
Friday,Cloudy,672,703,No,Regular,27,3.44,0,20.2
Monday,Cloudy,106,151,No,Regular,10,4.03,0,50.5
Sunday,Sunny,112,402,No,Regular,15,4.28,0,278.6
Friday,Sunny,191,233,No,Regular,12,4.93,0,15.9
Sunday,Stormy,318,326,No,Regular,16,3.89,0,78.3
Wednesday,Sunny,906,1400,No,Banquet,52,4.62,0,454.7
Thursday,Stormy,496,163,No,Regular,9,4.51,0,0.0
Saturday,Stormy,393,699,Eid,Corporate,29,3.81,0,361.3
Tuesday,Sunny,271,83,No,Regular,4,4.13,0,0.0
Thursday,Cloudy,913,966,No,Regular,38,4.14,1,0.0
Friday,Sunny,465,1158,No,Banquet,46,3.54,1,596.0
Sunday,Cloudy,266,303,No,Regular,13,4.01,1,12.2
Saturday,Stormy,744,768,Eid,Regular,28,3.77,1,60.5
Monday,Rainy,862,1175,No,Corporate,46,4.02,0,542.1
Thursday,Stormy,151,238,No,Regular,12,4.05,0,124.2
Friday,Sunny,89,97,Eid,Regular,7,4.1,0,0.0
Tuesday,Cloudy,858,441,No,Banquet,19,3.87,1,0.0
Thursday,Sunny,944,674,No,Regular,25,3.67,0,0.0
Wednesday,Rainy,72,75,No,Buffet,7,3.38,0,1.5
Monday,Sunny,127,240,No,Regular,9,4.51,1,103.1
Thursday,Sunny,67,36,No,Regular,4,4.13,0,0.0
Tuesday,Sunny,234,616,No,Buffet,23,4.55,0,344.8
Friday,Sunny,156,200,No,Buffet,11,4.05,0,17.1
Tuesday,Sunny,96,170,No,Regular,8,4.11,0,71.8
Saturday,Sunny,695,945,No,Banquet,38,4.0,0,141.3
Tuesday,Rainy,56,75,No,Corporate,4,3.96,1,32.0
Sunday,Rainy,635,900,No,Buffet,34,4.22,0,258.0
Monday,Sunny,324,414,No,Buffet,17,3.99,1,0.0
Thursday,Rainy,283,886,No,Buffet,34,4.52,0,592.0
Wednesday,Sunny,895,544,Eid,Corporate,22,4.7,0,0.0
Tuesday,Rainy,67,673,No,Regular,25,4.67,0,614.1
Thursday,Sunny,28,20,No,Corporate,4,4.77,0,0.0
Saturday,Cloudy,174,273,No,Buffet,10,3.64,1,66.6
Sunday,Sunny,291,426,No,Banquet,18,4.62,0,90.9
Wednesday,Sunny,218,151,No,Banquet,7,4.16,0,0.0
Tuesday,Cloudy,714,335,No,Regular,14,4.16,0,0.0
Saturday,Rainy,770,939,No,Regular,37,3.82,1,177.9
Friday,Rainy,99,141,No,Buffet,10,3.96,0,38.8
Tuesday,Sunny,87,41,Christmas,Buffet,4,3.19,0,0.0
Saturday,Cloudy,462,521,No,Corporate,21,4.35,0,69.5
Thursday,Rainy,797,1325,No,Regular,48,4.03,0,675.3
Friday,Sunny,361,1007,No,Buffet,40,3.9,0,582.0
Wednesday,Sunny,248,253,No,Banquet,14,4.68,0,0.0
Thursday,Sunny,61,95,No,Banquet,8,4.12,0,28.7
Tuesday,Sunny,861,1400,No,Regular,52,3.73,0,509.6
Saturday,Sunny,100,189,Christmas,Banquet,9,4.11,0,70.0
Tuesday,Sunny,414,1258,No,Regular,45,4.84,0,807.6
Saturday,Cloudy,37,60,No,Buffet,4,4.07,0,21.7
Saturday,Cloudy,447,520,No,Regular,23,4.46,0,46.0
Saturday,Rainy,420,485,No,Buffet,22,3.82,0,73.3
Monday,Cloudy,182,192,No,Regular,10,4.33,0,23.5
Tuesday,Sunny,133,411,No,Regular,16,4.21,0,278.2
Thursday,Stormy,24,60,Diwali,Regular,4,4.12,0,40.5
Friday,Cloudy,90,126,No,Banquet,5,3.91,0,35.9
Sunday,Cloudy,939,1253,Diwali,Buffet,49,4.0,0,108.2
Wednesday,Sunny,666,573,Christmas,Buffet,25,3.33,0,0.0
Sunday,Cloudy,55,74,New Year,Buffet,6,3.44,1,4.8
Tuesday,Cloudy,326,417,No,Regular,18,3.47,0,114.2
Wednesday,Cloudy,178,93,No,Regular,8,3.48,0,0.0
Monday,Rainy,39,63,No,Regular,4,4.0,1,30.3
Saturday,Rainy,656,928,No,Buffet,38,3.91,0,245.8
Tuesday,Stormy,369,385,No,Banquet,15,3.68,0,97.9
Tuesday,Cloudy,411,429,No,Regular,16,4.62,0,17.5
Saturday,Stormy,160,201,No,Buffet,11,4.0,0,61.2
Thursday,Rainy,896,880,No,Corporate,36,4.49,0,145.3
Monday,Sunny,648,795,No,Banquet,29,3.5,0,165.2
Monday,Cloudy,42,778,No,Regular,29,4.29,1,736.7
Thursday,Sunny,60,59,No,Banquet,6,4.53,1,0.0
Wednesday,Sunny,417,223,Eid,Buffet,11,4.29,0,0.0
Tuesday,Sunny,102,144,No,Buffet,8,3.93,1,13.8
Friday,Cloudy,236,313,No,Corporate,14,4.0,0,106.2
Tuesday,Sunny,793,1259,No,Regular,49,4.26,1,449.1
Friday,Sunny,122,38,No,Corporate,4,4.14,0,0.0
Wednesday,Sunny,783,952,No,Buffet,38,4.58,0,0.0
Tuesday,Cloudy,184,228,No,Corporate,10,3.72,0,63.9
Monday,Rainy,142,122,Christmas,Corporate,9,4.52,0,0.0
Tuesday,Stormy,100,97,No,Buffet,4,4.24,1,4.8
Monday,Sunny,84,309,No,Regular,16,4.2,0,226.6
Wednesday,Sunny,249,315,No,Regular,14,4.04,0,47.8
Sunday,Rainy,698,1400,No,Corporate,52,4.56,1,808.7
Saturday,Sunny,498,778,No,Buffet,29,3.75,0,192.6
Wednesday,Stormy,121,150,New Year,Banquet,8,3.63,0,51.7
Friday,Cloudy,126,155,No,Regular,10,4.13,1,19.7
Thursday,Cloudy,800,1400,No,Buffet,52,3.83,0,555.8
Saturday,Sunny,74,88,New Year,Corporate,5,4.24,0,6.3
Tuesday,Sunny,252,295,No,Corporate,11,4.92,0,31.2
Wednesday,Cloudy,825,1122,New Year,Regular,41,4.15,0,196.7
Wednesday,Sunny,179,177,No,Regular,9,4.2,0,5.4
Monday,Rainy,74,125,No,Banquet,9,4.78,0,53.5
Wednesday,Cloudy,177,177,No,Corporate,9,4.28,0,29.3
Sunday,Sunny,460,945,Diwali,Regular,34,4.56,0,396.2
Sunday,Sunny,379,465,Christmas,Buffet,18,4.0,0,0.0
Monday,Cloudy,28,20,No,Regular,4,4.09,0,0.0
Thursday,Sunny,586,1400,No,Regular,51,3.84,0,816.1
Wednesday,Cloudy,218,258,No,Regular,14,4.31,0,50.1
Thursday,Cloudy,22,20,No,Regular,4,4.32,0,0.0
Thursday,Rainy,371,474,No,Corporate,17,4.42,0,188.8
Monday,Sunny,158,164,No,Regular,8,4.3,1,2.8
Saturday,Sunny,585,725,No,Corporate,28,4.06,0,194.5
Sunday,Rainy,136,184,No,Buffet,11,4.35,0,41.1
Friday,Cloudy,389,495,No,Regular,18,4.74,0,87.9
Friday,Cloudy,705,809,No,Regular,31,4.17,0,84.9
Thursday,Cloudy,133,177,No,Regular,10,3.56,0,52.6
Wednesday,Rainy,450,1343,No,Buffet,49,3.7,0,944.3
Tuesday,Sunny,888,1400,Diwali,Banquet,52,4.22,0,312.5
Friday,Sunny,670,1081,No,Corporate,39,3.76,0,408.6
Monday,Rainy,424,427,Christmas,Corporate,18,3.91,0,84.1
Saturday,Sunny,215,1224,No,Corporate,47,3.9,1,1008.2
Thursday,Rainy,274,1345,No,Corporate,51,4.29,1,1091.4
Wednesday,Sunny,711,488,No,Buffet,18,4.79,0,0.0
Wednesday,Sunny,336,275,No,Buffet,11,3.49,0,0.0
Sunday,Sunny,177,180,No,Regular,7,4.55,0,0.0
Tuesday,Rainy,690,1400,No,Regular,52,4.53,0,809.8
Tuesday,Rainy,440,652,No,Buffet,24,4.23,0,212.1
Tuesday,Sunny,363,542,No,Corporate,23,4.03,0,216.5
Friday,Sunny,205,263,No,Regular,13,4.44,0,45.3
Sunday,Sunny,413,569,No,Banquet,24,4.14,0,106.4
Tuesday,Sunny,410,787,No,Regular,33,4.05,1,336.4
Sunday,Cloudy,65,145,No,Corporate,8,3.36,0,80.3
Tuesday,Sunny,207,165,No,Banquet,8,4.31,0,0.0
Friday,Sunny,337,436,New Year,Regular,18,4.71,0,27.3
Monday,Sunny,856,920,No,Banquet,34,3.53,1,0.0
Thursday,Cloudy,143,180,No,Corporate,9,3.75,1,52.7
Friday,Cloudy,564,1400,No,Corporate,52,3.92,0,890.3
Thursday,Cloudy,30,65,Christmas,Banquet,5,4.0,0,32.4
Tuesday,Cloudy,772,801,No,Buffet,30,3.82,0,0.0
Saturday,Stormy,261,323,Diwali,Buffet,13,4.65,0,37.6
Sunday,Cloudy,240,252,No,Buffet,11,4.96,0,0.0
Thursday,Rainy,792,762,No,Regular,28,4.21,1,0.0
Friday,Cloudy,433,148,No,Regular,9,3.84,0,0.0
Saturday,Sunny,145,438,No,Regular,16,4.19,0,276.6
Tuesday,Rainy,165,156,No,Regular,10,3.65,0,11.3
Sunday,Cloudy,300,293,No,Corporate,13,4.03,1,0.0
Wednesday,Cloudy,593,712,No,Banquet,27,4.35,1,71.4
Saturday,Sunny,243,264,No,Banquet,14,4.39,0,0.0
Monday,Sunny,96,179,No,Regular,8,4.35,0,81.8
Wednesday,Rainy,266,339,No,Buffet,15,3.92,0,99.4
Thursday,Sunny,299,314,Diwali,Buffet,14,4.17,1,0.0
Thursday,Sunny,353,438,No,Regular,20,3.97,0,69.3
Saturday,Sunny,585,738,No,Buffet,29,4.49,0,34.7
Sunday,Cloudy,279,387,No,Regular,18,4.29,0,98.6
Monday,Rainy,341,338,Diwali,Banquet,13,4.81,0,0.0
Tuesday,Cloudy,818,1001,No,Regular,36,4.26,0,155.7
Wednesday,Rainy,401,882,No,Corporate,32,3.76,0,584.0
Thursday,Sunny,213,228,No,Banquet,13,3.61,0,7.3
Thursday,Sunny,512,610,No,Corporate,24,4.19,1,102.1
Saturday,Sunny,88,88,No,Regular,6,3.14,0,0.0
Saturday,Sunny,294,368,No,Regular,17,3.95,0,40.7
Monday,Cloudy,338,389,No,Banquet,15,3.87,0,83.6
Thursday,Sunny,117,156,No,Regular,8,3.78,0,39.2
Friday,Sunny,597,195,No,Regular,9,4.18,0,0.0
Thursday,Rainy,49,49,No,Banquet,6,3.68,0,0.8
Monday,Cloudy,724,977,No,Corporate,37,3.45,0,381.8
Wednesday,Sunny,284,467,No,Corporate,17,4.32,1,192.3
Wednesday,Cloudy,82,111,No,Regular,5,3.96,0,29.5
Tuesday,Cloudy,50,41,No,Buffet,4,4.26,0,0.0
Saturday,Rainy,502,1278,New Year,Corporate,50,4.19,0,769.2
Wednesday,Cloudy,345,395,No,Regular,17,4.34,1,39.7
Friday,Sunny,435,495,No,Regular,20,4.21,0,30.4
Thursday,Sunny,100,39,No,Regular,4,4.36,0,0.0
Sunday,Sunny,364,569,No,Buffet,21,4.83,0,91.4
Monday,Cloudy,313,978,No,Regular,38,4.26,0,676.8
Monday,Cloudy,518,798,No,Corporate,33,4.35,0,354.8
Wednesday,Rainy,74,110,No,Regular,5,4.16,0,48.6
Thursday,Cloudy,74,235,New Year,Regular,10,3.32,0,156.0
Wednesday,Sunny,383,512,Diwali,Banquet,22,4.06,0,58.3
Saturday,Sunny,117,159,New Year,Banquet,10,4.68,0,11.1
Tuesday,Sunny,784,1350,No,Buffet,51,4.32,0,441.7
Monday,Sunny,800,1157,New Year,Banquet,46,3.92,1,265.4
Wednesday,Cloudy,495,477,No,Regular,19,4.27,0,0.0
Saturday,Stormy,930,1183,No,Buffet,47,3.65,0,390.8
Saturday,Sunny,768,1018,No,Regular,38,4.41,0,178.6
Saturday,Cloudy,126,251,No,Buffet,9,3.91,0,107.8
Thursday,Sunny,132,437,No,Corporate,18,4.19,0,321.0
Saturday,Cloudy,157,129,No,Corporate,5,3.69,1,0.0
Friday,Sunny,552,288,No,Regular,12,4.21,0,0.0
Tuesday,Cloudy,756,1252,No,Regular,47,3.11,0,577.0
Thursday,Sunny,352,474,No,Banquet,20,3.94,0,111.6
Saturday,Sunny,122,129,Eid,Buffet,8,3.8,0,0.0
Wednesday,Cloudy,512,611,No,Regular,25,3.81,0,130.3
Friday,Sunny,152,205,No,Regular,9,2.67,0,35.5
Thursday,Cloudy,543,703,No,Regular,29,3.83,0,176.7
Thursday,Sunny,598,1400,Eid,Regular,52,4.23,0,710.5
Monday,Stormy,43,63,No,Regular,4,3.74,0,31.5
Friday,Sunny,479,483,No,Buffet,18,4.31,0,0.0
Sunday,Cloudy,408,1104,New Year,Buffet,44,4.5,0,582.5
Tuesday,Rainy,459,222,No,Buffet,8,4.24,0,0.0
Wednesday,Cloudy,351,455,No,Regular,19,4.28,0,116.0
Monday,Sunny,556,538,No,Regular,23,4.23,0,0.0
Monday,Cloudy,939,343,No,Regular,16,4.35,0,0.0
Sunday,Sunny,114,114,Christmas,Banquet,6,3.83,1,0.0
Thursday,Cloudy,112,154,Christmas,Corporate,10,3.76,0,50.4
Wednesday,Sunny,295,476,No,Regular,18,3.77,0,171.3
Tuesday,Rainy,152,160,No,Buffet,8,4.4,0,16.1
Sunday,Rainy,365,619,Diwali,Buffet,26,3.76,0,192.2
Tuesday,Sunny,468,526,No,Buffet,23,3.99,0,0.0
Saturday,Sunny,200,593,No,Buffet,22,3.94,0,350.7
Wednesday,Sunny,800,930,New Year,Banquet,35,4.19,0,0.0
Monday,Cloudy,22,27,No,Regular,5,4.38,0,7.3
Friday,Sunny,236,280,No,Buffet,15,4.38,1,0.0
Monday,Cloudy,764,988,No,Buffet,36,3.36,0,248.0
Friday,Cloudy,335,610,No,Buffet,26,4.26,0,232.5
Tuesday,Stormy,45,59,No,Regular,6,4.1,0,30.5
Saturday,Sunny,337,511,No,Buffet,19,4.19,0,123.4
Saturday,Sunny,87,1336,No,Regular,49,3.97,0,1248.6
Saturday,Sunny,299,385,No,Corporate,16,3.78,0,83.4
Monday,Cloudy,515,589,Eid,Buffet,25,4.52,0,0.0
Friday,Sunny,59,82,Diwali,Regular,7,4.03,1,14.1
Sunday,Sunny,563,549,No,Banquet,22,4.63,0,0.0
Tuesday,Sunny,122,320,No,Corporate,13,4.1,0,204.4
Tuesday,Rainy,202,257,No,Buffet,13,4.11,0,40.3
Saturday,Stormy,120,234,No,Banquet,12,3.82,0,137.8
Tuesday,Sunny,553,545,No,Corporate,23,4.11,0,5.9
Friday,Sunny,781,783,No,Regular,28,4.5,0,0.0
Saturday,Sunny,320,374,Eid,Buffet,15,4.06,0,0.0
Monday,Sunny,844,1400,Eid,Buffet,52,4.2,0,352.6
Thursday,Stormy,775,1400,No,Buffet,52,4.8,0,764.0
Friday,Cloudy,576,777,Diwali,Banquet,31,3.61,0,109.6
Wednesday,Cloudy,327,483,No,Buffet,21,3.73,1,113.6
Sunday,Rainy,215,202,No,Regular,10,4.25,0,0.0
Tuesday,Cloudy,618,715,No,Buffet,30,3.4,0,85.9
Wednesday,Sunny,724,778,Eid,Corporate,31,4.33,0,0.0
Saturday,Cloudy,699,940,No,Regular,37,3.78,0,232.2
Tuesday,Sunny,363,322,No,Regular,14,3.93,0,0.0
Saturday,Sunny,52,54,No,Regular,4,4.48,0,0.0
Monday,Stormy,454,136,No,Buffet,9,3.59,0,0.0
Thursday,Sunny,181,1097,No,Regular,42,3.28,0,918.6
Monday,Cloudy,178,175,No,Regular,7,3.23,0,2.8
Friday,Sunny,545,753,Christmas,Regular,27,4.24,0,110.4
Saturday,Sunny,349,1234,No,Buffet,48,4.47,0,807.5
Saturday,Cloudy,694,947,No,Regular,37,3.67,0,239.4
Sunday,Rainy,424,550,No,Regular,22,4.57,0,146.0
Friday,Cloudy,186,201,No,Buffet,10,4.09,0,0.0
Saturday,Sunny,22,65,No,Regular,7,4.13,0,39.8
Thursday,Sunny,606,767,No,Regular,28,4.5,0,137.5
Sunday,Cloudy,481,498,No,Buffet,22,3.37,0,0.0
Friday,Cloudy,588,574,No,Regular,23,4.39,0,0.0
Sunday,Rainy,317,473,Eid,Regular,18,3.34,0,145.7
Tuesday,Cloudy,188,198,No,Regular,8,3.43,0,27.3
Thursday,Rainy,896,1400,No,Regular,52,3.5,0,585.7
Saturday,Rainy,307,527,No,Buffet,21,4.36,0,222.0
Tuesday,Sunny,302,177,No,Banquet,9,4.38,0,0.0
Tuesday,Cloudy,287,393,No,Regular,18,4.47,1,88.4
Sunday,Rainy,355,779,No,Buffet,29,4.08,0,421.8
Thursday,Stormy,556,1029,No,Banquet,37,3.94,0,637.7
Tuesday,Sunny,53,715,No,Buffet,26,4.31,1,656.6
Wednesday,Cloudy,138,1167,No,Corporate,45,4.03,0,1046.4
Wednesday,Sunny,138,103,No,Buffet,4,4.18,1,0.0
Friday,Cloudy,237,127,No,Buffet,5,4.06,0,0.0
Sunday,Rainy,839,1114,No,Banquet,43,4.07,0,278.3
Sunday,Rainy,497,622,No,Regular,25,4.95,0,141.1
Friday,Sunny,524,233,No,Banquet,11,4.47,0,0.0
Friday,Sunny,251,238,No,Buffet,9,4.29,0,0.0
Wednesday,Rainy,453,728,No,Buffet,27,3.93,0,309.8
Saturday,Cloudy,437,690,No,Buffet,28,4.12,0,184.3
Tuesday,Rainy,585,1042,No,Regular,42,4.5,0,536.6
Monday,Sunny,86,90,No,Regular,5,4.17,1,2.5
Sunday,Rainy,295,828,Diwali,Banquet,32,3.92,1,500.8
Sunday,Cloudy,218,256,No,Buffet,10,3.39,0,13.2
Wednesday,Sunny,899,321,No,Corporate,16,3.94,0,0.0
Friday,Sunny,130,156,No,Regular,8,4.38,0,16.4
Thursday,Cloudy,94,222,No,Regular,9,3.56,0,138.7
Wednesday,Sunny,489,183,Christmas,Regular,7,4.71,1,0.0
Wednesday,Rainy,351,778,Eid,Regular,28,4.2,0,445.5
Monday,Cloudy,266,306,No,Buffet,15,4.68,0,12.8
Thursday,Cloudy,203,547,No,Banquet,24,4.06,0,352.3
Thursday,Sunny,269,279,Eid,Corporate,13,3.17,0,16.2
Thursday,Stormy,379,483,No,Buffet,21,3.92,1,155.1
Tuesday,Cloudy,328,375,Christmas,Regular,15,3.81,1,6.2
Sunday,Rainy,149,126,No,Buffet,6,3.73,0,0.0
Friday,Rainy,597,1241,No,Buffet,45,4.29,0,689.8
Sunday,Cloudy,174,276,No,Buffet,11,3.7,1,70.5
Monday,Stormy,423,521,No,Buffet,21,3.48,0,213.7
Friday,Cloudy,263,283,No,Regular,12,3.82,0,18.8
Saturday,Cloudy,40,64,No,Regular,4,4.43,0,23.4
Wednesday,Sunny,527,713,Christmas,Banquet,29,3.97,0,90.3
Tuesday,Sunny,218,117,No,Corporate,5,3.7,1,0.0
Tuesday,Cloudy,85,112,No,Banquet,6,3.91,1,23.8
Tuesday,Sunny,714,1015,No,Regular,37,4.54,1,216.6
Thursday,Cloudy,611,600,No,Buffet,22,4.28,0,0.0
Wednesday,Stormy,785,1011,No,Regular,37,4.3,1,433.8
Tuesday,Sunny,395,406,No,Banquet,19,4.28,0,0.0
Friday,Sunny,410,477,No,Regular,18,3.38,0,28.4
Monday,Cloudy,438,654,Eid,Buffet,24,4.03,0,163.0
Wednesday,Sunny,151,40,Christmas,Regular,6,4.5,0,0.0
Friday,Rainy,286,880,No,Regular,35,3.16,1,603.5
Tuesday,Cloudy,750,942,No,Regular,38,3.26,1,217.4
Tuesday,Cloudy,242,299,No,Buffet,12,3.62,1,16.7
Tuesday,Cloudy,763,805,No,Corporate,33,3.76,0,107.6
Monday,Cloudy,354,977,No,Banquet,37,4.09,0,654.4
Thursday,Sunny,492,872,Diwali,Buffet,34,3.53,0,265.3
Monday,Sunny,192,1018,New Year,Buffet,37,4.28,0,815.9
Tuesday,Sunny,519,655,No,Corporate,24,5.0,0,132.5
Sunday,Rainy,43,23,No,Regular,4,3.83,0,0.0
Sunday,Sunny,380,249,No,Corporate,12,3.48,0,0.0
Tuesday,Sunny,629,712,No,Corporate,28,3.89,0,103.9
Wednesday,Sunny,306,389,No,Buffet,17,4.3,1,0.0
Thursday,Sunny,312,337,No,Regular,14,4.14,0,9.3
Saturday,Sunny,480,456,Eid,Regular,18,4.38,0,0.0
Saturday,Rainy,518,502,No,Regular,20,3.96,1,0.0
Monday,Sunny,407,261,No,Banquet,11,4.21,0,0.0
Monday,Cloudy,927,1157,No,Buffet,42,5.0,0,252.4
Wednesday,Sunny,36,20,No,Buffet,4,3.91,0,0.0
Sunday,Cloudy,184,344,No,Buffet,17,4.07,0,122.3
Sunday,Sunny,303,415,Eid,Corporate,18,4.26,0,113.4
Monday,Cloudy,543,229,No,Regular,11,5.0,0,0.0
Friday,Stormy,40,39,Christmas,Regular,4,4.43,0,3.1
Tuesday,Sunny,876,993,No,Buffet,38,4.12,0,0.0
Friday,Stormy,410,623,Eid,Regular,26,3.88,0,229.6
Sunday,Sunny,188,178,No,Regular,11,4.64,1,0.0
Thursday,Cloudy,328,380,No,Buffet,16,4.04,0,32.2
Monday,Cloudy,21,21,No,Regular,4,4.71,1,1.9
Friday,Sunny,143,252,No,Banquet,13,3.96,0,90.9
Wednesday,Sunny,325,240,No,Corporate,11,3.82,0,0.0
Saturday,Sunny,894,1400,No,Banquet,52,3.46,0,461.0
Wednesday,Cloudy,794,1400,No,Banquet,52,4.29,0,575.2
Sunday,Sunny,864,1400,No,Regular,51,3.31,0,469.3
Tuesday,Rainy,112,1114,No,Regular,41,4.6,0,1006.2
Tuesday,Sunny,909,1239,No,Buffet,46,3.47,0,184.8
Wednesday,Stormy,85,73,No,Regular,4,3.31,0,12.9
Monday,Sunny,176,225,No,Banquet,11,4.06,0,48.6
Wednesday,Cloudy,126,166,Eid,Regular,6,4.48,1,16.0
Friday,Sunny,905,532,No,Buffet,23,4.02,0,0.0
Tuesday,Sunny,485,468,Christmas,Buffet,20,4.4,0,0.0
Monday,Sunny,280,345,New Year,Banquet,14,4.21,0,45.1
Monday,Cloudy,246,431,No,Buffet,19,4.36,0,160.4
Monday,Sunny,182,198,No,Buffet,12,4.74,0,0.0
Sunday,Cloudy,94,1116,No,Regular,42,3.78,0,1018.7
Sunday,Stormy,169,1278,Eid,Buffet,48,4.14,1,1119.4
Monday,Sunny,219,284,No,Corporate,11,3.25,0,95.8
Saturday,Sunny,76,251,No,Buffet,11,4.65,0,166.8
Saturday,Sunny,83,147,No,Corporate,6,3.93,0,60.9
Sunday,Sunny,410,662,No,Regular,24,4.1,1,179.7
Wednesday,Cloudy,244,313,No,Regular,14,3.94,1,55.7
Wednesday,Rainy,75,264,No,Banquet,13,3.79,0,207.6
Thursday,Sunny,73,152,Eid,Regular,7,4.39,0,58.4
Saturday,Sunny,130,961,No,Buffet,35,4.31,1,790.6
Saturday,Cloudy,310,91,No,Buffet,7,3.84,0,0.0
Thursday,Sunny,382,383,No,Banquet,14,4.8,0,0.0
Tuesday,Cloudy,268,564,No,Regular,21,4.43,1,278.5
Saturday,Stormy,293,277,No,Regular,10,4.75,0,48.3
Saturday,Sunny,321,751,No,Corporate,28,3.29,1,430.4
Wednesday,Cloudy,467,624,New Year,Buffet,24,3.81,0,66.4
Friday,Rainy,476,477,No,Buffet,22,4.48,0,0.0
Wednesday,Cloudy,633,1400,No,Regular,52,3.56,0,777.6
Thursday,Rainy,252,320,Diwali,Regular,13,3.9,0,63.9
Thursday,Rainy,238,575,No,Banquet,22,3.64,1,347.2
Saturday,Cloudy,292,384,No,Buffet,17,4.24,0,46.7
Sunday,Cloudy,221,330,No,Banquet,12,3.93,1,78.3
Thursday,Cloudy,349,553,No,Banquet,21,3.65,0,203.7
Wednesday,Cloudy,147,185,No,Buffet,10,4.81,1,0.0
Wednesday,Cloudy,845,1400,No,Buffet,52,4.35,0,521.6
Monday,Sunny,635,749,No,Buffet,31,4.34,0,52.4
Wednesday,Rainy,559,1400,No,Corporate,52,4.16,0,936.4
Monday,Sunny,337,897,Diwali,Buffet,34,4.44,0,507.7
Thursday,Sunny,640,521,No,Regular,21,4.31,0,0.0
Tuesday,Sunny,925,1191,No,Banquet,44,3.32,1,112.6
Wednesday,Sunny,313,573,No,Buffet,21,4.9,1,159.5
Saturday,Cloudy,573,900,No,Corporate,35,4.83,0,351.4
Tuesday,Sunny,763,408,No,Regular,15,3.91,0,0.0
Friday,Cloudy,313,228,No,Buffet,10,3.4,0,0.0
Sunday,Cloudy,563,713,No,Buffet,26,3.64,1,0.0
Thursday,Sunny,713,1202,Diwali,Corporate,47,3.66,0,505.2
Tuesday,Sunny,451,661,No,Regular,27,4.23,0,196.5
Wednesday,Cloudy,203,429,No,Regular,20,3.93,0,223.2
Friday,Cloudy,44,21,No,Corporate,5,3.85,1,0.0
Thursday,Sunny,910,1057,No,Banquet,42,4.37,0,0.0
Tuesday,Sunny,116,119,No,Regular,6,4.06,0,7.0
Thursday,Sunny,28,58,No,Regular,4,4.51,0,27.0
Thursday,Sunny,419,527,No,Buffet,20,4.08,1,23.5
Tuesday,Sunny,354,572,No,Regular,25,4.82,0,210.2
Friday,Stormy,428,537,New Year,Regular,21,5.0,1,124.5
Monday,Sunny,124,177,No,Buffet,10,4.21,1,29.8
Wednesday,Sunny,928,1400,No,Buffet,52,3.98,0,309.6
Saturday,Rainy,352,479,No,Regular,20,4.08,0,168.1
Tuesday,Cloudy,886,1400,No,Regular,52,4.56,1,461.2
Friday,Sunny,876,1259,No,Banquet,49,4.48,0,283.5
Wednesday,Cloudy,420,1074,No,Buffet,41,3.31,0,674.8
Wednesday,Stormy,362,292,No,Corporate,15,4.34,0,51.8
Sunday,Sunny,400,392,No,Regular,18,3.95,1,0.0
Wednesday,Sunny,748,845,No,Corporate,33,4.23,0,149.5
Tuesday,Rainy,295,866,No,Corporate,31,4.11,0,648.6
Sunday,Rainy,516,222,No,Regular,12,3.94,0,0.0
Saturday,Stormy,798,1043,No,Buffet,41,3.41,0,369.7
Friday,Sunny,146,1303,No,Buffet,51,3.44,0,1153.7
Monday,Stormy,702,1061,No,Regular,41,3.99,0,597.7
Monday,Sunny,608,805,Eid,Corporate,30,4.05,1,185.3
Friday,Cloudy,463,601,No,Regular,26,4.08,1,96.3
Tuesday,Rainy,817,1400,No,Buffet,51,4.22,0,549.1
Tuesday,Sunny,252,269,No,Banquet,13,3.77,0,0.0
Saturday,Sunny,402,852,No,Regular,33,3.52,0,423.5
Wednesday,Cloudy,114,107,No,Regular,6,4.53,0,0.0
Monday,Rainy,511,664,No,Regular,24,4.35,0,209.5
Monday,Sunny,569,765,No,Banquet,30,3.82,0,174.7
Thursday,Rainy,91,328,Christmas,Regular,14,4.48,0,232.6
Friday,Sunny,265,360,No,Regular,13,3.69,0,87.8
Sunday,Sunny,144,1079,Diwali,Buffet,40,4.21,0,912.4
Monday,Sunny,427,519,No,Corporate,20,4.21,0,135.5
Tuesday,Rainy,443,1050,No,Buffet,38,3.85,0,652.2
Thursday,Sunny,699,888,No,Banquet,36,4.32,0,156.0
Wednesday,Cloudy,121,189,No,Regular,10,3.57,0,77.9
Thursday,Sunny,123,165,No,Buffet,10,4.1,0,32.8
Sunday,Stormy,145,171,Diwali,Buffet,7,4.1,0,29.8
Thursday,Rainy,583,1400,No,Regular,52,3.65,0,897.0
Wednesday,Sunny,215,255,Diwali,Banquet,12,4.38,0,0.0
Sunday,Sunny,91,361,No,Buffet,16,4.59,0,257.3
Monday,Sunny,126,236,No,Regular,13,4.09,0,116.4
Sunday,Sunny,137,96,No,Regular,5,4.15,0,0.0
Thursday,Rainy,802,855,No,Regular,35,4.0,0,164.1
Thursday,Cloudy,369,799,No,Banquet,33,4.08,0,449.2
Sunday,Sunny,860,1400,No,Regular,52,3.9,0,512.7
Thursday,Cloudy,335,937,Diwali,Banquet,36,4.12,0,564.5
Thursday,Sunny,290,367,No,Regular,17,4.0,0,82.5
Tuesday,Sunny,248,313,No,Banquet,12,4.8,0,19.0
Friday,Sunny,81,244,No,Corporate,9,4.02,0,169.2
Thursday,Sunny,365,187,No,Regular,7,3.71,0,0.0
Tuesday,Cloudy,115,114,No,Regular,8,3.38,0,8.4
Friday,Sunny,806,844,No,Corporate,34,4.53,0,36.1
Friday,Cloudy,439,447,No,Regular,17,4.71,0,0.0
Wednesday,Sunny,273,452,Christmas,Regular,20,3.62,0,153.3
Monday,Cloudy,267,401,Christmas,Corporate,18,4.36,0,160.1
Thursday,Sunny,104,110,No,Banquet,5,4.33,0,0.0
Monday,Cloudy,558,575,No,Corporate,23,4.11,0,119.6
Monday,Sunny,772,758,No,Banquet,32,3.64,0,0.0
Thursday,Sunny,149,193,No,Buffet,11,4.32,1,0.0
Monday,Sunny,923,1204,No,Corporate,44,4.66,1,305.4
Tuesday,Cloudy,452,216,No,Regular,9,4.7,0,0.0
Friday,Rainy,415,849,No,Corporate,31,4.32,0,492.6
Wednesday,Sunny,405,533,No,Buffet,24,4.47,0,52.1
Sunday,Cloudy,917,1400,No,Buffet,52,3.35,1,348.3
Sunday,Cloudy,102,173,No,Banquet,9,4.36,0,55.5
Friday,Cloudy,358,1052,No,Buffet,40,4.37,0,655.9
Sunday,Cloudy,574,546,No,Buffet,20,3.97,1,0.0
Sunday,Sunny,595,219,No,Buffet,10,4.15,0,0.0
Wednesday,Cloudy,580,831,No,Regular,30,3.89,1,224.4
Saturday,Rainy,114,1011,No,Regular,40,3.46,0,904.7
Monday,Rainy,186,234,No,Banquet,10,4.37,1,57.8
Friday,Sunny,203,254,No,Regular,10,4.9,0,33.3
Thursday,Cloudy,141,309,Diwali,Buffet,12,3.75,0,145.4
Monday,Sunny,21,41,Diwali,Buffet,4,4.14,0,15.9
Tuesday,Cloudy,619,1400,No,Banquet,51,3.55,1,753.8
Sunday,Sunny,38,54,Diwali,Corporate,4,4.21,0,13.1
Wednesday,Sunny,170,242,No,Regular,9,3.85,1,64.3
Tuesday,Cloudy,63,62,No,Regular,7,4.05,1,0.0
Tuesday,Rainy,260,206,No,Buffet,8,4.53,0,0.0
Thursday,Sunny,909,1400,No,Regular,52,4.24,1,404.3
Saturday,Cloudy,162,319,No,Buffet,16,4.06,0,139.4
Saturday,Cloudy,536,888,New Year,Regular,36,3.72,1,238.7
Thursday,Stormy,111,195,No,Regular,11,4.41,1,96.3
Tuesday,Cloudy,315,551,No,Banquet,24,3.65,0,227.8
Monday,Sunny,77,82,No,Banquet,5,4.67,0,0.0
Thursday,Sunny,160,257,Eid,Corporate,10,4.16,0,87.1
Saturday,Cloudy,752,1308,No,Regular,50,3.68,0,557.5
Saturday,Sunny,922,931,Christmas,Banquet,36,3.48,0,0.0
Wednesday,Stormy,133,185,No,Buffet,8,3.98,0,67.9
Friday,Stormy,872,930,No,Banquet,38,3.97,0,245.6
Thursday,Stormy,499,789,No,Regular,31,4.31,0,424.5
Friday,Sunny,324,174,No,Regular,11,3.69,1,0.0
Thursday,Cloudy,705,689,No,Buffet,26,4.45,0,0.0
Friday,Cloudy,741,1108,No,Banquet,44,3.06,0,382.1
Thursday,Sunny,681,679,No,Regular,29,4.15,1,0.0
Sunday,Sunny,30,52,No,Regular,4,3.82,0,15.1
Thursday,Sunny,67,35,No,Buffet,6,4.16,0,0.0
Monday,Sunny,801,1125,No,Banquet,43,4.63,0,305.6
Tuesday,Stormy,155,392,No,Corporate,15,4.5,1,276.5
Thursday,Rainy,944,1078,No,Banquet,39,4.26,1,201.0
Thursday,Sunny,763,984,No,Buffet,37,4.68,0,44.3
Thursday,Cloudy,693,1206,New Year,Corporate,44,4.7,0,547.5
Friday,Sunny,214,209,No,Buffet,11,4.76,0,0.0
Tuesday,Sunny,216,266,No,Regular,12,3.86,0,50.5
Friday,Sunny,39,20,New Year,Buffet,4,4.43,0,0.0
Friday,Cloudy,112,1100,Christmas,Buffet,44,4.44,0,978.6
Wednesday,Cloudy,387,815,Christmas,Buffet,32,4.12,0,385.2
Wednesday,Rainy,420,1218,No,Regular,47,4.55,1,839.2
Tuesday,Rainy,55,82,No,Corporate,4,4.14,0,36.4
Wednesday,Sunny,319,1058,Christmas,Corporate,40,3.49,0,738.2
Saturday,Rainy,405,487,No,Regular,20,4.65,1,65.6
Sunday,Sunny,183,192,No,Banquet,11,3.86,0,0.0
Friday,Sunny,260,336,New Year,Regular,16,3.38,0,33.8
Wednesday,Cloudy,153,146,Diwali,Regular,9,5.0,0,0.0
Friday,Sunny,293,389,No,Regular,14,3.67,1,42.5
Saturday,Sunny,163,462,No,Buffet,17,4.39,0,265.5
Wednesday,Sunny,427,1068,Eid,Regular,39,3.68,1,556.1
Saturday,Sunny,337,390,No,Buffet,17,3.94,0,0.0
Monday,Stormy,52,73,No,Corporate,7,3.83,0,40.6
Monday,Sunny,907,1143,No,Buffet,41,3.7,0,137.6
Monday,Cloudy,651,958,No,Banquet,38,4.48,1,292.0
Tuesday,Stormy,99,352,No,Banquet,14,5.0,0,269.5
Sunday,Cloudy,414,143,New Year,Regular,10,4.12,0,0.0
Thursday,Sunny,529,542,No,Regular,21,3.37,0,57.8
Tuesday,Stormy,594,960,No,Regular,38,3.68,0,534.6
Thursday,Sunny,356,519,No,Buffet,23,3.77,0,124.8
Wednesday,Sunny,164,77,No,Regular,4,4.16,0,0.0
Wednesday,Cloudy,795,1123,Christmas,Buffet,41,3.95,0,199.9
Monday,Sunny,31,20,No,Buffet,5,5.0,0,0.0
Friday,Rainy,274,278,Christmas,Buffet,14,4.08,0,0.0
Monday,Sunny,698,918,Eid,Regular,34,4.46,1,72.8
Saturday,Cloudy,141,251,No,Regular,10,4.05,0,100.3
Tuesday,Cloudy,902,1030,No,Regular,39,4.1,0,181.7
Saturday,Stormy,809,1193,New Year,Corporate,45,3.97,0,571.1
Saturday,Sunny,759,1044,No,Buffet,40,4.12,0,139.7
Monday,Sunny,155,159,Eid,Buffet,10,3.91,0,0.0
Monday,Stormy,178,222,No,Buffet,12,4.14,0,86.3
Sunday,Cloudy,480,942,No,Buffet,36,3.89,0,400.5
Thursday,Sunny,23,42,No,Regular,5,5.0,0,18.9
Friday,Sunny,478,590,No,Regular,25,4.29,0,49.0
Monday,Rainy,64,62,No,Regular,5,4.36,0,10.0
Tuesday,Cloudy,192,264,No,Regular,14,4.05,0,65.5
Thursday,Cloudy,912,915,No,Regular,36,3.5,0,33.1
Sunday,Rainy,835,530,No,Corporate,19,3.55,0,0.0
Tuesday,Sunny,292,112,No,Regular,6,4.05,0,0.0
Saturday,Sunny,252,273,Christmas,Regular,11,4.03,0,0.0
Friday,Cloudy,301,388,Eid,Regular,18,4.28,1,36.3
Monday,Rainy,364,1148,No,Regular,45,4.2,0,855.7
Wednesday,Sunny,284,892,New Year,Regular,32,3.92,0,567.1
Tuesday,Cloudy,89,110,No,Regular,5,5.0,0,13.0
Thursday,Sunny,21,48,No,Regular,5,4.27,0,25.0
Friday,Sunny,435,1223,No,Banquet,46,3.93,1,703.2
Thursday,Rainy,587,1330,Diwali,Regular,51,3.96,0,790.7
Tuesday,Sunny,820,825,No,Regular,33,4.42,0,0.0
Friday,Sunny,171,269,Eid,Buffet,10,4.03,0,19.7
Friday,Rainy,355,528,No,Regular,23,4.52,0,189.3
Thursday,Sunny,399,289,No,Buffet,14,4.08,0,0.0
Thursday,Sunny,345,1153,No,Regular,43,3.96,0,796.5
Tuesday,Rainy,383,407,No,Banquet,17,3.52,0,62.9
Friday,Sunny,26,39,No,Banquet,4,4.56,0,15.7
Wednesday,Cloudy,148,94,Diwali,Buffet,6,3.66,0,0.0
Wednesday,Sunny,812,668,No,Regular,27,4.44,0,0.0
Tuesday,Sunny,922,1400,No,Buffet,52,3.87,0,294.0
Friday,Cloudy,367,450,No,Regular,19,4.48,1,28.1
Friday,Sunny,503,1070,No,Corporate,42,4.66,0,588.7
Wednesday,Rainy,208,276,Diwali,Regular,13,3.8,0,82.3
Saturday,Rainy,427,1047,No,Buffet,41,3.77,1,613.0
Saturday,Rainy,573,315,No,Regular,16,5.0,1,0.0
Monday,Sunny,97,118,No,Buffet,8,4.31,1,2.7
Friday,Sunny,24,43,No,Regular,4,4.42,0,15.3
Wednesday,Rainy,245,324,No,Regular,13,3.55,0,116.6
Sunday,Sunny,69,100,No,Buffet,7,3.69,0,17.8
Tuesday,Cloudy,213,269,No,Buffet,10,4.21,0,30.0
Wednesday,Rainy,861,1400,No,Regular,52,3.96,0,638.3
Thursday,Sunny,934,1269,No,Regular,50,3.7,0,368.4
Tuesday,Sunny,342,1066,No,Corporate,40,4.24,0,730.1
Friday,Cloudy,63,91,No,Buffet,7,3.4,0,13.4
Thursday,Cloudy,627,928,No,Buffet,37,4.25,0,242.9
Tuesday,Sunny,932,357,No,Buffet,14,3.74,0,0.0
Thursday,Cloudy,373,379,No,Buffet,15,4.42,0,0.0
Sunday,Rainy,518,533,No,Buffet,21,4.16,1,0.0
Saturday,Sunny,817,616,No,Regular,23,4.34,1,0.0
Thursday,Sunny,282,389,Eid,Buffet,16,4.68,0,0.0
Wednesday,Cloudy,172,180,No,Buffet,9,3.84,0,0.0
Tuesday,Rainy,678,611,No,Regular,22,3.71,1,0.0
Sunday,Stormy,789,853,No,Corporate,32,4.62,0,312.5
Friday,Sunny,500,671,No,Regular,24,4.83,0,118.7
Friday,Rainy,902,1076,Diwali,Regular,39,4.66,0,133.8
Sunday,Rainy,757,543,No,Corporate,23,3.14,0,0.0
Monday,Cloudy,20,653,No,Corporate,25,4.37,0,640.1
Friday,Sunny,435,509,No,Regular,19,3.73,0,21.0
Tuesday,Sunny,605,1082,No,Buffet,40,4.5,0,401.5
Monday,Cloudy,94,123,No,Regular,9,4.01,0,36.3
Thursday,Sunny,49,872,No,Corporate,34,3.98,0,821.6
Wednesday,Sunny,930,1400,No,Buffet,52,3.96,0,404.8
Sunday,Stormy,630,615,No,Corporate,24,3.87,0,151.8
Wednesday,Sunny,104,145,No,Regular,10,3.58,1,35.2
Saturday,Stormy,116,177,No,Regular,7,3.96,0,88.1
Saturday,Cloudy,726,1176,No,Corporate,47,4.18,0,478.6
Friday,Rainy,74,147,No,Regular,9,4.75,0,80.5
Sunday,Sunny,69,107,Diwali,Regular,5,4.34,0,19.5
Wednesday,Cloudy,576,680,No,Regular,29,4.0,0,115.3
Wednesday,Cloudy,894,1040,No,Buffet,40,3.97,0,83.7
Tuesday,Stormy,324,237,No,Regular,12,2.87,1,0.0
Tuesday,Sunny,273,496,No,Buffet,19,3.96,0,200.4
Sunday,Sunny,459,597,No,Regular,22,4.18,1,62.7
Thursday,Stormy,275,702,No,Buffet,28,3.86,0,489.4
Wednesday,Sunny,942,1400,No,Banquet,52,3.9,0,428.6
Tuesday,Cloudy,222,487,No,Regular,18,3.08,0,280.0
Thursday,Sunny,239,375,No,Buffet,14,3.54,0,108.4
Friday,Sunny,345,531,No,Buffet,20,3.66,0,136.4
Wednesday,Cloudy,412,648,No,Regular,25,3.82,1,214.9
Saturday,Cloudy,263,338,No,Corporate,13,2.84,1,87.8
Friday,Cloudy,218,85,Eid,Banquet,8,4.04,0,0.0
Saturday,Cloudy,478,796,No,Corporate,32,4.08,1,303.5
Tuesday,Rainy,673,1057,No,Banquet,38,4.29,1,390.9
Friday,Stormy,695,356,Christmas,Buffet,14,3.94,1,0.0
Tuesday,Sunny,103,102,No,Buffet,8,4.47,0,0.0
Wednesday,Sunny,184,60,No,Regular,7,4.87,0,0.0
Saturday,Sunny,343,445,No,Banquet,17,3.53,1,41.4
Friday,Rainy,213,766,No,Buffet,29,3.6,0,577.2
Tuesday,Sunny,710,665,No,Regular,27,4.26,0,0.0
Saturday,Cloudy,927,1400,No,Corporate,52,4.37,0,497.1
Monday,Sunny,379,369,No,Buffet,16,3.61,0,0.0
Friday,Cloudy,775,1037,No,Banquet,40,4.83,0,184.4
Sunday,Rainy,115,280,No,Corporate,13,3.72,0,166.3
Thursday,Cloudy,71,72,No,Corporate,6,4.02,0,4.2
Saturday,Cloudy,126,322,No,Buffet,15,4.4,0,188.8
Friday,Sunny,282,306,No,Buffet,12,4.72,0,0.0
Saturday,Cloudy,177,533,No,Corporate,20,3.7,0,374.9
Friday,Sunny,209,231,Diwali,Regular,12,4.43,0,0.0
Friday,Rainy,321,565,Diwali,Regular,22,4.07,0,237.2
Tuesday,Sunny,57,76,No,Banquet,6,3.5,0,22.5
Saturday,Sunny,201,894,No,Banquet,35,3.86,1,640.4
Tuesday,Sunny,353,559,No,Banquet,23,3.61,0,197.5
Sunday,Cloudy,431,633,No,Regular,26,4.41,0,175.4
Tuesday,Rainy,252,328,No,Regular,14,3.52,0,102.2
Tuesday,Sunny,124,34,No,Banquet,4,4.3,0,0.0
Saturday,Sunny,478,493,Eid,Regular,21,4.11,0,0.0
Tuesday,Sunny,542,548,No,Buffet,24,4.26,0,0.0
Wednesday,Stormy,408,424,No,Regular,20,4.12,0,119.4
Friday,Rainy,840,1400,No,Corporate,51,3.75,0,673.4
Tuesday,Sunny,68,160,No,Buffet,7,4.28,0,82.0
Tuesday,Cloudy,702,755,No,Regular,31,4.17,0,73.1
Thursday,Rainy,107,367,No,Buffet,17,3.9,0,271.8
Tuesday,Rainy,531,683,Diwali,Regular,27,5.0,0,141.8
Tuesday,Cloudy,150,269,No,Corporate,13,3.62,0,150.5
Monday,Cloudy,714,386,Eid,Buffet,18,4.33,0,0.0
Wednesday,Cloudy,117,932,No,Buffet,37,4.37,0,820.9
Wednesday,Sunny,529,565,No,Regular,23,4.0,0,24.3
Monday,Sunny,180,69,Eid,Regular,6,4.22,0,0.0
Friday,Sunny,61,43,No,Regular,5,4.31,0,0.0
Friday,Sunny,94,363,Diwali,Banquet,16,4.09,0,244.8
Monday,Sunny,46,155,Christmas,Regular,10,3.88,0,104.6
Wednesday,Rainy,314,338,No,Buffet,15,4.08,0,20.0
Sunday,Rainy,344,1015,No,Regular,41,3.86,1,679.1
Friday,Sunny,347,919,No,Banquet,33,4.69,0,518.0
Wednesday,Sunny,312,317,No,Corporate,12,4.49,0,37.7
Thursday,Cloudy,80,70,Eid,Regular,4,4.15,0,0.0
Tuesday,Cloudy,277,274,No,Buffet,13,3.81,0,0.0
Saturday,Sunny,616,770,No,Buffet,29,3.99,0,59.9
Sunday,Rainy,101,144,No,Corporate,8,3.87,0,63.5
Sunday,Sunny,833,1089,No,Banquet,40,4.08,0,134.5
Tuesday,Sunny,350,624,No,Corporate,24,3.44,0,306.8
Wednesday,Rainy,387,946,No,Corporate,34,3.88,0,603.7
Tuesday,Cloudy,724,968,No,Buffet,38,3.66,0,184.0
Wednesday,Sunny,447,602,No,Regular,25,3.82,0,145.2
Wednesday,Cloudy,187,247,No,Buffet,11,4.89,0,24.8
Friday,Rainy,199,109,No,Corporate,7,3.98,0,0.0
Tuesday,Sunny,328,318,No,Regular,14,4.2,1,0.0
Sunday,Cloudy,299,95,No,Buffet,4,4.02,1,0.0
Monday,Sunny,697,820,Diwali,Regular,33,4.38,1,0.0
Monday,Cloudy,658,1001,No,Regular,37,3.95,0,393.5
Saturday,Sunny,28,20,No,Banquet,5,3.89,0,0.0
Friday,Sunny,464,1400,No,Regular,51,3.83,0,896.7
Wednesday,Sunny,351,187,No,Corporate,9,3.81,0,0.0
Friday,Rainy,896,1400,No,Regular,52,4.75,0,521.7
Tuesday,Sunny,72,113,No,Buffet,7,4.28,0,31.4
Tuesday,Rainy,611,900,No,Banquet,37,3.86,1,290.3
Thursday,Sunny,233,224,Eid,Corporate,11,4.47,0,0.0
Wednesday,Rainy,147,1171,No,Corporate,45,4.6,0,1040.9
Friday,Cloudy,150,246,Diwali,Regular,12,3.82,0,76.1
Tuesday,Sunny,448,242,No,Regular,10,4.0,0,0.0
Friday,Cloudy,925,1400,Diwali,Corporate,52,4.12,1,348.4
Saturday,Rainy,454,591,No,Corporate,23,3.8,1,180.6
Tuesday,Cloudy,130,126,No,Corporate,6,3.91,0,0.1
Monday,Sunny,113,113,Eid,Corporate,5,3.91,0,0.5
Thursday,Cloudy,165,203,Eid,Regular,9,4.06,0,22.6
Saturday,Cloudy,460,787,Eid,Regular,33,5.0,0,257.4
Friday,Sunny,108,108,New Year,Banquet,7,3.74,0,0.0
Friday,Rainy,665,849,No,Buffet,34,3.5,0,187.2
Wednesday,Sunny,89,122,No,Corporate,7,4.53,0,32.4
Tuesday,Sunny,677,902,Diwali,Buffet,34,4.2,0,0.0
Thursday,Cloudy,786,829,No,Banquet,30,3.99,0,49.3
Tuesday,Stormy,104,196,Diwali,Corporate,11,4.48,0,125.4
Saturday,Sunny,845,1020,Diwali,Regular,37,3.61,0,2.3
Tuesday,Sunny,711,1347,No,Banquet,49,4.25,0,584.9
Wednesday,Sunny,787,966,No,Regular,38,4.04,1,119.7
Thursday,Cloudy,278,375,No,Regular,16,4.13,0,97.8
Thursday,Sunny,685,726,Christmas,Corporate,27,4.14,1,0.0
Friday,Sunny,231,271,No,Regular,13,5.0,0,7.2
Thursday,Sunny,51,852,No,Regular,34,3.91,0,800.8
Sunday,Rainy,850,513,No,Buffet,20,3.77,0,0.0
Saturday,Sunny,885,852,Diwali,Banquet,34,4.35,0,0.0
Sunday,Cloudy,95,878,No,Regular,36,4.55,0,771.8
Friday,Sunny,191,345,No,Buffet,14,3.55,0,125.0
Friday,Sunny,890,748,No,Buffet,30,4.28,0,0.0
Friday,Sunny,179,174,No,Regular,9,3.63,0,0.0
Thursday,Sunny,171,230,Eid,Corporate,11,3.55,0,63.5
Wednesday,Cloudy,92,97,No,Buffet,6,4.03,1,0.0
Friday,Sunny,418,448,No,Corporate,20,3.84,0,17.3
Monday,Sunny,467,997,No,Corporate,40,3.58,1,576.3
Monday,Sunny,791,975,No,Banquet,35,3.76,0,177.8
Saturday,Sunny,486,595,No,Corporate,26,3.9,1,60.4
Monday,Sunny,329,569,No,Regular,22,4.38,0,233.2
Thursday,Sunny,32,69,No,Corporate,6,3.71,0,41.5
Friday,Sunny,626,941,No,Buffet,36,4.15,0,153.7
Tuesday,Cloudy,56,58,No,Regular,4,3.35,0,7.8
Sunday,Stormy,240,261,Eid,Buffet,13,4.03,0,32.5
Tuesday,Cloudy,787,906,No,Corporate,37,4.43,0,221.0
Sunday,Sunny,781,654,No,Regular,28,3.92,0,0.0
Saturday,Stormy,61,63,No,Regular,4,4.34,1,14.1
Tuesday,Stormy,601,1400,New Year,Buffet,52,3.31,0,836.6
Tuesday,Cloudy,109,179,No,Regular,9,3.65,0,70.7
Wednesday,Sunny,64,195,No,Corporate,8,4.36,0,132.4
Wednesday,Cloudy,885,705,No,Regular,30,4.39,0,0.0
Tuesday,Stormy,47,82,No,Corporate,4,4.9,0,48.6
Sunday,Rainy,462,306,New Year,Corporate,14,4.42,0,0.0
Tuesday,Cloudy,838,941,No,Regular,35,4.61,0,82.5
Saturday,Cloudy,123,165,No,Buffet,8,3.72,0,29.0
Tuesday,Stormy,699,248,Diwali,Regular,9,4.12,0,0.0
Sunday,Sunny,470,597,No,Regular,22,3.54,0,76.6
Tuesday,Sunny,291,108,No,Buffet,6,4.58,0,0.0
Thursday,Rainy,223,315,No,Regular,15,4.0,0,122.9
Thursday,Sunny,444,528,No,Corporate,19,4.32,0,82.6
Monday,Sunny,517,546,New Year,Buffet,20,3.15,1,0.0
Saturday,Sunny,825,783,Diwali,Regular,29,3.06,0,0.0
Tuesday,Sunny,276,123,No,Regular,5,4.86,0,0.0
Thursday,Sunny,338,242,Eid,Corporate,11,5.0,0,0.0
Thursday,Cloudy,461,370,No,Regular,15,4.27,1,0.0
Friday,Sunny,597,1400,No,Buffet,52,4.77,0,678.1
Monday,Cloudy,86,102,No,Regular,7,3.81,0,25.5
Tuesday,Sunny,209,1074,Eid,Banquet,40,3.46,1,821.4
Tuesday,Stormy,257,253,No,Regular,14,4.81,1,28.7
Wednesday,Cloudy,225,369,No,Buffet,16,4.06,1,105.3
Tuesday,Stormy,99,301,No,Buffet,11,4.03,0,230.5
Sunday,Sunny,415,1001,No,Regular,38,4.82,0,498.8
Thursday,Sunny,838,1400,No,Corporate,52,3.97,1,611.9
Friday,Rainy,64,134,No,Regular,7,3.63,0,74.0
Wednesday,Rainy,192,187,Diwali,Regular,9,3.54,0,7.4
Tuesday,Sunny,72,98,New Year,Regular,7,4.12,1,8.4
Thursday,Cloudy,202,330,No,Buffet,15,4.49,0,107.9
Wednesday,Cloudy,95,64,Christmas,Banquet,4,4.0,0,0.0
Wednesday,Sunny,686,698,Diwali,Regular,28,4.07,0,0.0
Thursday,Cloudy,266,309,Eid,Corporate,12,3.79,0,41.4
Thursday,Sunny,822,1231,No,Corporate,47,3.9,0,434.3
Sunday,Sunny,62,89,Diwali,Regular,7,4.78,0,9.8
Tuesday,Rainy,901,955,No,Regular,39,4.06,1,154.8
Thursday,Cloudy,283,224,No,Regular,13,3.79,1,0.0
Tuesday,Rainy,144,191,No,Regular,7,4.81,0,55.5
Wednesday,Cloudy,541,1261,No,Corporate,50,4.0,1,774.2
Friday,Stormy,411,164,Diwali,Buffet,7,4.05,0,0.0
Tuesday,Sunny,480,591,No,Regular,22,4.01,0,100.7
Friday,Sunny,513,613,No,Corporate,26,3.43,1,87.7
Wednesday,Sunny,359,476,No,Regular,22,3.94,1,75.2
Monday,Cloudy,131,314,Eid,Corporate,12,4.2,0,195.8
Sunday,Cloudy,804,957,No,Buffet,37,3.94,0,36.8
Wednesday,Cloudy,230,388,Diwali,Regular,18,4.53,0,146.4
Saturday,Sunny,701,489,No,Buffet,21,3.69,0,0.0
Wednesday,Sunny,815,941,No,Regular,36,4.23,0,61.9
Sunday,Rainy,554,557,No,Banquet,23,3.9,0,35.1
Wednesday,Rainy,382,464,New Year,Regular,18,4.51,1,73.5
Wednesday,Sunny,146,339,Christmas,Banquet,14,4.76,0,153.8
Saturday,Cloudy,892,1238,No,Banquet,47,4.63,0,260.3
Wednesday,Cloudy,604,1096,No,Buffet,44,4.14,0,454.3
Wednesday,Rainy,560,760,No,Corporate,29,4.1,0,285.2
Sunday,Sunny,683,291,No,Buffet,13,4.07,0,0.0
Thursday,Cloudy,122,208,No,Regular,12,3.66,0,95.8
Friday,Sunny,396,1227,No,Banquet,44,4.49,0,818.0
Friday,Sunny,31,81,No,Buffet,6,3.22,0,48.2
Saturday,Rainy,180,177,New Year,Banquet,11,3.95,0,0.0
Sunday,Sunny,472,509,No,Buffet,20,4.79,0,0.0
Thursday,Sunny,126,284,No,Regular,11,3.43,1,144.9
Wednesday,Sunny,329,226,No,Regular,12,4.31,0,0.0
Monday,Sunny,425,506,No,Regular,20,4.43,0,63.8
Friday,Cloudy,168,742,No,Regular,30,3.87,0,553.0
Saturday,Sunny,482,125,Christmas,Buffet,7,3.67,0,0.0
Thursday,Rainy,52,79,No,Regular,5,3.41,0,32.4
Tuesday,Rainy,491,482,No,Banquet,19,3.91,0,0.0
Wednesday,Sunny,71,86,No,Regular,6,3.78,0,17.3
Thursday,Rainy,481,815,No,Buffet,30,3.5,0,394.0
Saturday,Sunny,336,518,No,Regular,23,4.53,0,158.7
Tuesday,Sunny,869,670,New Year,Regular,25,3.75,1,0.0
Friday,Sunny,74,112,No,Buffet,6,4.3,0,23.6
Saturday,Sunny,190,200,Eid,Regular,8,3.75,0,0.0
Sunday,Sunny,545,645,No,Buffet,28,4.34,0,0.0
Monday,Sunny,309,362,Eid,Buffet,16,4.2,0,9.2
Sunday,Rainy,361,233,Eid,Regular,11,4.55,0,0.0
Friday,Cloudy,726,601,No,Buffet,24,3.44,0,0.0
Saturday,Stormy,82,1211,No,Regular,48,3.79,0,1148.8
Monday,Cloudy,874,1350,Eid,Regular,52,4.5,0,444.0
Thursday,Cloudy,307,396,Eid,Corporate,19,3.84,0,92.0
Friday,Sunny,733,772,No,Regular,30,3.95,1,0.0
Wednesday,Cloudy,538,762,Christmas,Regular,28,4.34,0,140.6
Thursday,Sunny,591,830,Eid,Buffet,31,3.99,0,14.5
Thursday,Stormy,124,165,No,Buffet,7,4.16,0,60.3
Thursday,Stormy,300,588,No,Banquet,26,4.06,0,364.2
Monday,Sunny,273,656,No,Corporate,27,3.97,1,402.8
Thursday,Cloudy,389,159,No,Corporate,6,3.53,0,0.0
Tuesday,Cloudy,764,964,Eid,Buffet,35,3.91,1,0.0
Sunday,Cloudy,351,337,Eid,Regular,15,4.34,1,0.0
Sunday,Sunny,410,337,No,Regular,15,3.98,0,0.0
Wednesday,Cloudy,179,176,No,Corporate,9,4.32,0,6.3
Tuesday,Rainy,236,225,No,Regular,10,3.97,0,26.4
Tuesday,Sunny,458,126,No,Regular,8,4.31,0,0.0
Thursday,Cloudy,95,132,No,Buffet,9,3.85,0,38.3
Sunday,Sunny,430,593,No,Corporate,26,3.62,0,203.0
Thursday,Stormy,89,110,No,Buffet,5,4.48,0,44.2
Monday,Sunny,793,981,No,Regular,39,3.65,0,241.0
Monday,Sunny,45,90,Eid,Banquet,4,3.82,1,30.0
Tuesday,Sunny,386,1218,No,Regular,44,4.11,0,825.2
Saturday,Rainy,294,345,No,Banquet,15,3.35,0,65.3
Friday,Cloudy,300,317,New Year,Regular,13,3.87,0,0.0
Thursday,Sunny,380,473,Eid,Banquet,18,3.83,0,0.0
Wednesday,Sunny,574,599,No,Banquet,25,4.0,1,0.0
Sunday,Rainy,124,161,No,Regular,10,4.01,0,49.5
Wednesday,Sunny,420,419,No,Corporate,17,3.91,0,31.8
Saturday,Sunny,300,614,No,Regular,22,4.04,0,289.9
Sunday,Stormy,465,1266,No,Regular,50,4.72,1,852.5
Thursday,Sunny,676,705,No,Regular,29,5.0,0,0.0
Sunday,Cloudy,272,363,No,Buffet,15,4.32,1,35.1
Tuesday,Sunny,67,40,No,Regular,4,3.97,0,0.0
Friday,Cloudy,263,141,New Year,Buffet,9,3.73,1,0.0
Monday,Rainy,393,397,No,Banquet,19,3.8,0,55.7
Thursday,Sunny,107,307,No,Corporate,11,4.01,1,201.1
Tuesday,Cloudy,427,436,No,Regular,20,4.59,0,1.4
Monday,Rainy,548,913,No,Buffet,35,3.68,0,361.5
Monday,Rainy,759,1400,No,Regular,52,4.26,0,795.3
Wednesday,Sunny,84,619,No,Regular,23,3.89,0,542.9
Friday,Sunny,709,870,Christmas,Banquet,34,4.51,0,0.0
Thursday,Rainy,340,398,Christmas,Banquet,17,3.95,0,55.1
Wednesday,Sunny,105,109,Christmas,Regular,6,3.79,1,0.0
Sunday,Sunny,484,127,No,Regular,5,3.82,0,0.0
Sunday,Sunny,449,615,Diwali,Regular,22,4.84,0,43.8
Monday,Rainy,223,266,No,Regular,14,4.09,0,77.8
Wednesday,Sunny,795,841,No,Regular,35,4.57,0,33.8
Friday,Sunny,107,108,No,Regular,7,4.25,0,0.0
Saturday,Cloudy,426,1303,No,Regular,51,4.36,0,865.3
Wednesday,Sunny,434,1102,No,Regular,44,3.95,0,652.5
Saturday,Sunny,92,95,Eid,Corporate,5,4.06,1,0.0
Monday,Cloudy,454,536,No,Corporate,22,3.66,0,146.6
Wednesday,Sunny,656,438,New Year,Buffet,18,3.68,0,0.0
Friday,Stormy,334,536,No,Regular,24,4.01,0,263.4
Friday,Sunny,419,412,No,Corporate,17,3.96,0,24.7
Saturday,Rainy,404,407,No,Regular,15,4.04,1,0.0
Monday,Cloudy,471,452,No,Banquet,19,4.43,0,0.0
Tuesday,Sunny,78,112,Christmas,Regular,7,4.88,1,5.1
Monday,Sunny,254,360,No,Banquet,15,3.69,0,117.6
Tuesday,Cloudy,945,1349,No,Regular,50,4.26,0,426.5
Monday,Sunny,521,1015,No,Corporate,40,3.86,0,578.3
Thursday,Sunny,113,36,Diwali,Regular,4,3.41,0,0.0
Thursday,Stormy,205,209,No,Corporate,11,5.0,0,63.7
Friday,Cloudy,419,1051,No,Buffet,39,4.07,0,572.8
Wednesday,Stormy,609,943,No,Regular,36,3.94,0,499.1
Monday,Sunny,40,81,No,Corporate,4,4.48,0,43.5
Friday,Sunny,147,200,No,Regular,8,5.0,0,25.8
Monday,Cloudy,530,301,No,Buffet,13,4.23,0,0.0
Sunday,Sunny,75,34,No,Regular,4,5.0,0,0.0
Monday,Sunny,886,1311,No,Corporate,50,4.1,0,523.6
Thursday,Sunny,375,504,No,Corporate,19,4.53,0,140.9
Sunday,Sunny,492,492,No,Buffet,19,3.77,0,0.0
Friday,Rainy,148,253,No,Corporate,13,3.77,0,123.3
Friday,Sunny,635,759,No,Banquet,28,4.24,1,0.0
Friday,Stormy,89,100,No,Buffet,6,4.66,1,2.2
Monday,Sunny,179,214,No,Regular,11,3.9,0,43.0
Friday,Sunny,36,161,No,Buffet,6,4.5,0,120.9
Sunday,Sunny,105,100,Eid,Regular,4,4.27,0,0.0
Sunday,Cloudy,514,560,Eid,Buffet,22,4.0,0,0.0
Thursday,Rainy,87,197,No,Regular,8,4.42,0,122.8
Wednesday,Rainy,163,163,No,Corporate,10,3.78,1,23.0
Saturday,Sunny,853,882,No,Buffet,35,4.55,1,0.0
Thursday,Sunny,325,398,Diwali,Buffet,19,4.02,1,0.0
Tuesday,Rainy,363,995,No,Regular,37,4.42,0,679.8
Tuesday,Sunny,131,134,New Year,Regular,7,4.21,0,0.0
Tuesday,Cloudy,902,1400,No,Corporate,52,4.16,0,537.3
Thursday,Sunny,129,240,No,Buffet,9,2.7,0,96.3
Tuesday,Sunny,452,147,Diwali,Banquet,8,3.88,0,0.0
Monday,Sunny,884,1362,No,Buffet,52,3.7,0,467.0
Monday,Sunny,595,637,Christmas,Regular,23,4.35,1,0.0
Sunday,Rainy,50,102,No,Buffet,4,4.02,0,54.8
Monday,Cloudy,384,630,No,Buffet,23,3.42,0,262.1
Monday,Rainy,530,174,No,Regular,11,4.36,0,0.0
Thursday,Cloudy,632,640,No,Buffet,25,4.05,1,0.0
Tuesday,Sunny,404,1205,No,Regular,46,4.1,1,753.8
Sunday,Cloudy,120,229,No,Regular,12,4.31,0,107.5
Sunday,Sunny,286,193,No,Regular,8,4.23,0,0.0
Wednesday,Rainy,578,574,No,Buffet,23,4.97,0,0.0
Thursday,Sunny,93,94,Diwali,Corporate,4,4.5,0,1.7
Wednesday,Stormy,846,1321,Eid,Regular,49,4.15,1,570.9
Monday,Cloudy,355,638,No,Corporate,26,4.26,1,318.2
Wednesday,Cloudy,653,683,Diwali,Corporate,29,4.03,0,0.0
Monday,Cloudy,79,34,Eid,Regular,4,3.92,0,0.0
Monday,Cloudy,74,77,No,Regular,4,4.49,0,10.3
Thursday,Cloudy,200,94,New Year,Regular,6,4.8,0,0.0
Monday,Cloudy,702,829,No,Regular,33,4.05,0,197.6
Monday,Sunny,393,649,Diwali,Banquet,24,4.35,0,218.2
Thursday,Cloudy,200,207,No,Corporate,11,3.74,1,27.8
Thursday,Sunny,793,809,New Year,Regular,33,4.39,0,0.0
Monday,Cloudy,211,79,No,Buffet,7,3.73,0,0.0
Monday,Cloudy,700,908,No,Regular,36,4.21,0,233.5
Tuesday,Sunny,108,134,Diwali,Regular,8,4.31,0,6.4
Tuesday,Cloudy,109,122,No,Regular,5,4.67,1,9.3
Saturday,Sunny,209,239,No,Regular,11,3.26,1,18.1
Sunday,Cloudy,629,778,No,Regular,31,4.79,0,120.2
Wednesday,Cloudy,598,1400,No,Regular,52,4.63,0,824.5
Wednesday,Cloudy,134,173,No,Regular,9,4.34,0,33.4
Friday,Rainy,600,1011,No,Buffet,39,3.99,1,364.2
Friday,Sunny,559,572,No,Buffet,21,4.57,0,0.0
Tuesday,Sunny,765,897,No,Regular,33,4.91,0,90.8
Monday,Cloudy,476,566,Diwali,Buffet,23,4.01,0,44.0
Thursday,Sunny,211,255,No,Regular,14,4.73,0,40.1
Thursday,Sunny,134,179,No,Banquet,8,4.54,0,31.1
Monday,Sunny,225,224,No,Regular,13,4.65,0,8.8
Wednesday,Sunny,51,20,Eid,Buffet,4,4.45,0,0.0
Wednesday,Stormy,499,493,No,Regular,18,4.13,0,155.7
Tuesday,Sunny,209,350,No,Regular,17,3.63,0,131.5
Thursday,Sunny,341,432,Diwali,Buffet,18,3.92,0,0.0
Friday,Stormy,603,1400,No,Corporate,52,4.41,0,966.6
Thursday,Stormy,200,206,Diwali,Banquet,11,4.04,0,28.2
Tuesday,Sunny,307,396,No,Buffet,18,3.32,0,69.5
Monday,Rainy,82,91,No,Regular,4,3.87,0,23.7
Saturday,Sunny,478,755,No,Corporate,31,3.66,0,289.1
Thursday,Rainy,149,277,No,Regular,10,4.23,0,141.1
Monday,Sunny,130,169,No,Buffet,7,4.49,0,23.9
Tuesday,Sunny,266,313,No,Corporate,16,4.22,0,75.3
Saturday,Sunny,312,81,Diwali,Regular,4,3.5,0,0.0
Saturday,Cloudy,807,1400,No,Buffet,52,3.96,0,504.4
Sunday,Sunny,78,98,No,Regular,7,3.68,0,16.4
Friday,Cloudy,20,46,No,Regular,5,4.07,0,28.1
Thursday,Cloudy,663,775,Diwali,Banquet,30,4.45,0,38.4
Thursday,Sunny,50,75,Christmas,Regular,4,4.17,1,14.4
Tuesday,Rainy,457,521,No,Regular,23,4.14,0,125.0
Friday,Sunny,720,747,No,Buffet,30,4.79,0,0.0
Friday,Sunny,337,437,Diwali,Regular,18,3.75,0,28.2
Tuesday,Sunny,482,271,Eid,Regular,13,4.6,0,0.0
Sunday,Sunny,139,135,No,Regular,9,4.0,0,0.0
Wednesday,Sunny,879,887,No,Buffet,35,5.0,0,0.0
Monday,Cloudy,801,1295,No,Regular,48,4.24,0,565.6
Wednesday,Cloudy,631,603,No,Corporate,26,3.37,0,42.9
Sunday,Sunny,112,147,New Year,Regular,8,3.97,0,15.5
Sunday,Sunny,283,303,Diwali,Banquet,15,3.59,1,0.0
Thursday,Rainy,502,487,Eid,Regular,22,5.0,0,0.0
Sunday,Sunny,123,135,Eid,Regular,9,3.83,0,0.0
Sunday,Cloudy,828,826,Christmas,Banquet,30,4.65,0,0.0
Saturday,Rainy,648,664,No,Corporate,28,4.53,0,125.6
Saturday,Sunny,121,232,Christmas,Regular,11,3.64,0,102.2
Wednesday,Cloudy,37,152,No,Regular,10,3.49,0,121.9
Saturday,Stormy,232,244,No,Corporate,11,4.54,0,73.3
Friday,Cloudy,160,294,No,Regular,14,3.98,0,130.5
Friday,Stormy,289,722,No,Regular,28,4.13,1,473.1
Tuesday,Sunny,174,184,No,Buffet,8,4.19,0,0.0
Saturday,Cloudy,352,434,No,Corporate,16,2.9,0,108.7
Sunday,Sunny,96,99,No,Buffet,8,4.09,0,0.0
Wednesday,Sunny,156,242,No,Buffet,11,4.6,1,62.2
Sunday,Stormy,186,385,No,Banquet,17,3.38,0,244.5
Wednesday,Sunny,339,1134,No,Regular,43,4.46,1,744.7
Tuesday,Stormy,535,397,No,Corporate,15,4.03,0,55.3
Monday,Cloudy,108,107,No,Regular,6,3.64,1,3.7
Saturday,Rainy,775,938,Diwali,Corporate,34,4.27,0,144.5
Thursday,Stormy,363,357,No,Buffet,13,4.11,1,52.2
Wednesday,Cloudy,864,846,No,Regular,33,4.69,1,0.0
Friday,Stormy,218,1013,No,Buffet,38,3.89,0,838.7
Wednesday,Rainy,410,555,No,Corporate,23,4.66,1,183.7
Thursday,Cloudy,291,492,No,Buffet,20,4.1,0,178.6
Sunday,Cloudy,793,825,Eid,Regular,33,4.3,0,0.0
Friday,Sunny,32,20,No,Regular,4,3.97,0,0.0
Saturday,Sunny,216,355,New Year,Buffet,13,3.72,1,69.4
Friday,Sunny,312,405,No,Buffet,19,4.52,0,29.9
Sunday,Sunny,474,175,No,Regular,9,4.1,0,0.0
Tuesday,Sunny,87,153,No,Regular,6,3.98,0,62.9
Tuesday,Cloudy,55,107,Christmas,Buffet,7,4.54,1,32.9
Monday,Cloudy,872,1111,Diwali,Regular,44,4.75,0,195.7
Thursday,Cloudy,337,593,No,Regular,26,3.9,0,266.9
Friday,Rainy,147,233,No,Regular,13,4.81,0,77.4
Saturday,Stormy,450,614,No,Buffet,22,3.79,1,189.1
Wednesday,Rainy,463,747,No,Banquet,28,4.21,0,337.2
Monday,Cloudy,588,1400,No,Buffet,52,4.48,0,776.6
Friday,Sunny,885,1007,New Year,Regular,38,2.67,0,23.7
Sunday,Stormy,650,843,No,Corporate,31,3.71,0,384.5
Wednesday,Sunny,230,232,No,Regular,10,3.94,0,0.0
Tuesday,Sunny,166,280,No,Banquet,11,4.23,0,94.2
Wednesday,Sunny,736,611,No,Regular,24,4.12,0,0.0
Thursday,Cloudy,53,44,Diwali,Banquet,4,3.08,0,0.0
Tuesday,Cloudy,602,631,No,Corporate,27,3.95,0,116.3
Wednesday,Sunny,385,1170,No,Corporate,44,3.46,1,806.8
Friday,Rainy,323,337,No,Regular,13,3.86,0,44.8
Wednesday,Sunny,777,681,New Year,Corporate,28,3.97,0,0.0
Wednesday,Sunny,905,1400,No,Corporate,52,4.21,0,571.6
Monday,Sunny,939,1278,No,Regular,47,3.93,0,374.2
Sunday,Sunny,634,861,No,Buffet,33,4.13,0,101.8
Wednesday,Rainy,276,615,Diwali,Buffet,23,3.89,0,331.6
Wednesday,Sunny,197,198,No,Banquet,11,4.25,1,0.0
Monday,Sunny,202,129,Eid,Corporate,7,3.57,1,0.0
Friday,Sunny,475,555,New Year,Regular,22,4.09,0,0.0
Sunday,Rainy,201,55,No,Buffet,4,3.63,0,0.0
Monday,Stormy,59,54,No,Regular,4,3.95,0,15.0
Tuesday,Cloudy,682,1083,New Year,Regular,39,4.2,1,273.1
Tuesday,Cloudy,897,1173,No,Corporate,43,3.74,0,372.0
Friday,Rainy,136,163,Diwali,Buffet,6,4.06,0,4.1
Sunday,Sunny,472,1148,Diwali,Corporate,44,3.96,0,648.5
Thursday,Sunny,640,1124,No,Buffet,42,4.98,0,358.1
Wednesday,Cloudy,898,302,No,Regular,13,4.26,0,0.0
Saturday,Sunny,243,318,No,Corporate,15,4.32,1,64.1
Saturday,Sunny,199,200,No,Regular,10,3.74,0,0.0
Tuesday,Sunny,332,958,No,Banquet,39,3.06,0,631.2
Tuesday,Sunny,743,1302,No,Banquet,47,3.86,0,543.1
Wednesday,Cloudy,737,293,No,Banquet,11,3.43,0,0.0
Saturday,Sunny,99,133,Diwali,Banquet,8,4.2,0,18.1
Friday,Sunny,192,323,No,Buffet,16,4.22,0,73.6
Friday,Rainy,143,68,No,Buffet,5,4.2,0,0.0
Saturday,Cloudy,246,317,No,Corporate,13,4.08,0,73.7
Tuesday,Sunny,88,111,No,Regular,8,3.74,0,18.0
Wednesday,Sunny,922,1077,No,Corporate,40,3.8,0,248.3
Monday,Sunny,189,864,Christmas,Regular,33,4.28,1,656.9
Sunday,Sunny,157,326,No,Corporate,16,4.94,1,145.9
Friday,Sunny,892,1067,No,Buffet,39,4.21,0,51.0
Wednesday,Sunny,914,1400,No,Corporate,52,4.26,0,529.9
Monday,Rainy,185,295,No,Buffet,15,4.91,0,119.0
Saturday,Rainy,535,724,No,Buffet,28,4.1,0,202.5
Saturday,Rainy,489,729,No,Banquet,31,3.71,0,249.8
Friday,Cloudy,44,65,No,Regular,4,4.27,0,13.8
Tuesday,Cloudy,48,199,No,Regular,11,4.81,0,148.6
Sunday,Cloudy,552,1292,No,Regular,51,4.49,0,747.9
Saturday,Rainy,41,90,No,Buffet,5,4.2,1,47.9
Friday,Cloudy,126,124,No,Buffet,6,3.31,0,0.0
Friday,Cloudy,206,99,Eid,Buffet,6,3.47,0,0.0
Sunday,Rainy,557,668,No,Regular,26,4.26,0,126.0
Sunday,Cloudy,741,1400,No,Regular,52,3.97,0,632.5
Friday,Sunny,684,1400,Eid,Banquet,52,4.08,0,537.8
Wednesday,Sunny,228,291,No,Buffet,11,4.53,0,33.1
Wednesday,Sunny,599,743,No,Regular,31,3.59,0,127.8
Saturday,Sunny,205,265,Eid,Regular,10,3.86,0,17.6
Friday,Sunny,812,809,No,Regular,29,4.62,0,0.0
Monday,Sunny,177,60,No,Corporate,7,3.59,1,0.0
Tuesday,Sunny,208,203,No,Corporate,11,4.61,0,15.1
Sunday,Stormy,602,1196,Christmas,Buffet,43,4.27,0,619.7
Sunday,Sunny,937,1400,No,Buffet,51,4.07,0,284.7
Sunday,Sunny,23,103,No,Corporate,7,4.18,0,79.3
Thursday,Sunny,117,212,No,Regular,11,4.27,0,86.6
Saturday,Sunny,186,493,No,Regular,22,4.4,0,286.5
Saturday,Cloudy,77,117,No,Regular,7,3.26,0,47.8
Wednesday,Cloudy,203,241,No,Banquet,10,4.65,0,20.2
Tuesday,Sunny,91,147,No,Buffet,6,4.22,0,42.1
Sunday,Cloudy,310,426,No,Buffet,20,4.6,0,52.6
Monday,Sunny,283,342,No,Corporate,13,4.31,0,80.7
Friday,Cloudy,128,155,No,Regular,10,5.0,1,11.2
Friday,Stormy,213,216,No,Regular,11,3.82,1,56.4
Friday,Rainy,239,394,No,Buffet,18,4.8,0,140.9
Tuesday,Sunny,661,1014,No,Banquet,40,3.76,0,309.4
Saturday,Rainy,143,139,No,Regular,7,4.35,0,7.5
Tuesday,Rainy,711,1083,Christmas,Buffet,42,4.57,1,306.5
Saturday,Rainy,527,1400,No,Banquet,52,4.13,0,896.7
Tuesday,Sunny,314,1056,No,Corporate,42,3.3,0,776.1
Friday,Sunny,296,286,Christmas,Buffet,13,4.18,1,0.0
Saturday,Sunny,57,20,No,Regular,4,3.92,0,0.0
Tuesday,Sunny,193,680,No,Regular,25,4.5,0,473.4
Tuesday,Cloudy,141,380,No,Regular,17,3.75,0,245.6
Saturday,Sunny,463,462,Eid,Regular,19,3.89,0,0.0
Monday,Sunny,504,439,No,Corporate,19,3.84,1,0.0
Tuesday,Rainy,139,46,No,Corporate,5,3.99,0,0.0
Thursday,Cloudy,287,336,No,Corporate,17,4.16,0,55.5
Sunday,Stormy,573,153,No,Regular,10,4.36,0,0.0
Thursday,Rainy,274,371,No,Regular,17,4.33,0,125.2
Wednesday,Rainy,351,434,New Year,Corporate,16,3.58,0,137.7
Sunday,Rainy,251,303,New Year,Regular,14,3.76,0,58.3
Thursday,Sunny,368,495,No,Regular,18,3.87,0,118.2
Thursday,Sunny,127,170,Eid,Regular,7,3.97,0,36.0
Wednesday,Rainy,471,1148,Diwali,Regular,42,3.76,0,643.1
Wednesday,Sunny,446,568,New Year,Regular,25,3.81,0,71.9
Wednesday,Sunny,36,58,Eid,Regular,7,4.66,0,13.9
Friday,Cloudy,263,72,Eid,Corporate,4,4.25,0,0.0
Monday,Sunny,184,285,No,Regular,12,3.66,0,105.3
Friday,Sunny,193,346,No,Buffet,14,4.29,0,120.1
Tuesday,Cloudy,224,675,No,Buffet,25,3.95,0,450.3
Wednesday,Sunny,367,221,No,Buffet,9,4.9,0,0.0
Tuesday,Cloudy,582,225,Christmas,Buffet,13,3.86,0,0.0
Thursday,Sunny,323,310,New Year,Regular,12,3.91,0,0.0
Saturday,Cloudy,249,449,Eid,Regular,17,4.0,0,148.8
Wednesday,Sunny,219,126,Diwali,Buffet,6,3.66,0,0.0
Tuesday,Cloudy,332,356,No,Banquet,15,4.31,0,0.0
Tuesday,Sunny,543,663,No,Regular,28,4.14,0,98.6
Saturday,Sunny,698,726,No,Buffet,29,4.26,1,0.0
Tuesday,Rainy,39,41,No,Banquet,4,4.13,0,3.9
Saturday,Sunny,487,587,Diwali,Corporate,25,4.2,0,62.7
Wednesday,Cloudy,24,20,No,Corporate,4,4.8,0,0.0
Tuesday,Sunny,817,1400,No,Buffet,52,4.35,0,463.3
Saturday,Sunny,811,949,No,Banquet,38,3.37,1,0.0
Thursday,Sunny,419,650,No,Buffet,27,4.25,0,186.2
Monday,Rainy,240,251,Diwali,Buffet,11,4.61,0,16.7
Sunday,Sunny,137,230,Diwali,Corporate,9,3.15,0,79.2
Tuesday,Sunny,348,475,No,Regular,18,3.63,0,123.6
Wednesday,Cloudy,328,794,Diwali,Banquet,31,4.37,0,436.6
Wednesday,Sunny,861,980,No,Banquet,38,4.53,0,66.0
Thursday,Rainy,434,1148,No,Buffet,44,4.19,1,727.1
Saturday,Stormy,764,864,No,Regular,33,4.3,0,266.0
Monday,Cloudy,271,230,Diwali,Corporate,10,4.7,1,0.0
Sunday,Sunny,144,189,Christmas,Regular,7,3.9,0,17.2
Friday,Sunny,271,96,No,Buffet,8,3.72,0,0.0
Sunday,Stormy,60,217,No,Regular,8,4.01,0,174.0
Saturday,Cloudy,88,1165,Eid,Corporate,45,4.19,1,1071.2
Sunday,Sunny,94,243,New Year,Banquet,12,4.25,0,120.5
Friday,Stormy,307,322,No,Regular,14,4.44,0,68.5
Wednesday,Stormy,71,76,No,Corporate,6,4.82,1,22.1
Thursday,Sunny,563,1093,No,Corporate,40,4.2,0,588.2
Friday,Sunny,895,1400,Christmas,Regular,52,3.59,0,420.0
Thursday,Cloudy,881,1232,No,Regular,48,3.8,0,385.6
Saturday,Rainy,210,212,No,Regular,10,4.18,0,21.2
Monday,Cloudy,147,194,New Year,Corporate,9,4.73,0,54.6
Saturday,Sunny,455,485,No,Buffet,19,4.39,0,0.0
Tuesday,Sunny,143,150,No,Regular,9,3.75,0,1.6
Sunday,Sunny,289,640,New Year,Regular,23,3.85,0,294.0
Tuesday,Sunny,50,46,No,Buffet,5,4.0,0,0.0
Monday,Rainy,452,464,No,Regular,21,4.15,0,67.9
Saturday,Sunny,295,364,No,Buffet,18,4.01,0,8.8
Saturday,Sunny,387,462,No,Regular,19,3.75,0,33.0
Saturday,Rainy,620,1400,No,Corporate,52,3.8,0,862.0
Sunday,Sunny,92,108,No,Corporate,4,4.09,0,25.5
Tuesday,Sunny,46,692,No,Corporate,29,4.21,0,652.1
Saturday,Stormy,401,544,No,Regular,23,3.71,0,244.8
Wednesday,Sunny,889,1400,Diwali,Buffet,52,4.25,0,288.1
Thursday,Rainy,31,57,No,Corporate,4,4.88,1,32.6
Thursday,Sunny,743,1029,Diwali,Buffet,40,4.21,0,88.4
Monday,Sunny,427,188,New Year,Regular,8,4.23,0,0.0
Friday,Cloudy,131,178,No,Regular,8,3.54,1,34.9
Saturday,Sunny,391,649,No,Buffet,27,4.43,0,150.5
Tuesday,Cloudy,392,275,No,Buffet,14,3.88,0,0.0
Sunday,Sunny,259,341,No,Banquet,17,4.57,0,46.9
Thursday,Cloudy,133,238,No,Corporate,11,4.88,0,106.3
Tuesday,Sunny,172,301,No,Corporate,13,3.84,1,134.1
Friday,Rainy,476,286,New Year,Banquet,12,3.85,0,0.0
Tuesday,Cloudy,21,20,No,Buffet,4,4.34,0,0.0
Monday,Cloudy,446,717,No,Regular,30,3.59,0,309.1
Friday,Sunny,674,789,Diwali,Regular,29,4.16,0,0.0
Monday,Cloudy,565,355,New Year,Corporate,14,4.0,0,0.0
Monday,Cloudy,247,332,Diwali,Regular,15,4.09,0,83.0
Saturday,Sunny,921,1082,No,Banquet,43,3.27,1,39.9
Monday,Cloudy,91,89,No,Regular,7,4.33,0,7.3
Saturday,Sunny,791,841,No,Regular,35,5.0,0,0.0
Saturday,Sunny,697,755,No,Corporate,27,3.95,0,56.1
Tuesday,Cloudy,158,164,No,Corporate,8,3.52,0,35.1
Thursday,Sunny,42,726,Diwali,Corporate,27,4.46,0,681.8
Monday,Sunny,844,1400,No,Regular,52,3.76,0,607.6
Friday,Cloudy,499,660,New Year,Regular,26,4.13,0,72.8
Monday,Cloudy,93,89,No,Buffet,4,3.82,0,0.0
Sunday,Sunny,849,466,No,Banquet,18,3.52,0,0.0
Tuesday,Sunny,179,209,Diwali,Regular,9,4.25,0,0.0
Friday,Sunny,162,228,No,Buffet,10,3.83,0,30.8
Monday,Cloudy,496,759,No,Regular,32,3.45,0,308.8
Tuesday,Sunny,732,570,No,Corporate,24,4.24,1,0.0
Thursday,Cloudy,386,1370,No,Regular,50,5.0,0,970.3
Friday,Rainy,598,199,No,Banquet,12,4.55,0,0.0
Sunday,Stormy,62,50,No,Regular,4,4.1,0,10.2
Monday,Sunny,361,133,No,Buffet,9,5.0,0,0.0
Monday,Sunny,368,542,New Year,Corporate,20,3.38,0,201.2
Wednesday,Sunny,410,521,Diwali,Regular,23,4.36,0,28.8
Wednesday,Sunny,89,129,Diwali,Regular,7,4.89,0,26.5
Sunday,Sunny,116,222,Eid,Buffet,9,3.69,0,77.1
Sunday,Rainy,355,439,No,Buffet,18,4.25,0,80.6
Sunday,Sunny,412,1317,No,Corporate,51,3.86,0,930.8
Tuesday,Sunny,423,745,Christmas,Buffet,30,3.98,1,180.9
Wednesday,Cloudy,702,747,No,Regular,31,4.29,1,18.2
Saturday,Stormy,775,740,No,Banquet,31,3.38,0,133.7
Wednesday,Sunny,224,220,No,Regular,9,3.7,0,9.3
Friday,Rainy,584,710,No,Buffet,26,4.14,0,125.1
Tuesday,Rainy,357,463,No,Banquet,20,3.38,0,135.8
Wednesday,Sunny,555,573,New Year,Banquet,22,3.97,0,0.0
Sunday,Cloudy,921,1107,No,Regular,42,3.48,0,198.6
Tuesday,Sunny,267,734,No,Regular,30,3.51,1,454.1
Sunday,Sunny,762,969,No,Buffet,35,4.51,0,0.0
Wednesday,Sunny,364,1202,No,Regular,43,4.16,0,825.0
Monday,Sunny,773,767,No,Corporate,32,4.03,0,26.4
Tuesday,Cloudy,210,224,No,Buffet,10,3.93,0,0.0
Tuesday,Rainy,458,1056,Diwali,Regular,39,4.25,0,604.3
Thursday,Sunny,699,264,No,Regular,13,3.92,0,0.0
Monday,Cloudy,867,973,No,Buffet,36,3.8,0,98.0
Friday,Sunny,243,266,No,Corporate,10,4.56,0,19.5
Sunday,Sunny,216,301,No,Regular,13,3.86,0,55.2
Wednesday,Cloudy,193,351,No,Regular,17,4.68,1,153.6
Tuesday,Sunny,667,267,No,Regular,12,3.89,0,0.0
Wednesday,Rainy,31,120,No,Buffet,8,4.44,0,96.1
Saturday,Sunny,511,601,No,Corporate,24,4.23,0,94.2
Friday,Rainy,336,430,No,Corporate,17,4.36,0,169.5
Monday,Sunny,275,380,No,Banquet,18,4.24,1,90.1
Thursday,Sunny,82,1028,No,Buffet,38,4.42,0,942.4
Thursday,Rainy,400,967,No,Banquet,36,4.73,1,571.6
Wednesday,Cloudy,297,286,No,Regular,12,3.75,0,0.0
Monday,Sunny,258,463,No,Buffet,18,4.75,0,187.9
Sunday,Rainy,260,721,Eid,Buffet,26,3.99,0,446.1
Tuesday,Sunny,227,248,No,Corporate,13,3.36,1,16.0
Tuesday,Sunny,395,664,No,Corporate,27,4.41,0,310.5
Tuesday,Sunny,64,268,No,Regular,10,4.47,0,201.5
Friday,Cloudy,196,143,Christmas,Banquet,9,4.33,0,0.0
Thursday,Cloudy,469,821,No,Banquet,33,3.98,0,405.7
Tuesday,Rainy,846,1080,No,Banquet,39,3.73,0,320.3
Thursday,Cloudy,71,94,Eid,Buffet,5,3.9,0,2.1
Friday,Sunny,242,697,No,Banquet,26,4.19,0,417.0
Wednesday,Sunny,141,182,No,Corporate,10,4.0,0,44.3
Sunday,Sunny,140,177,No,Buffet,9,3.68,0,24.5
Wednesday,Cloudy,154,459,Diwali,Regular,18,4.01,0,289.7
Tuesday,Sunny,384,442,No,Corporate,16,3.77,0,80.2
Sunday,Cloudy,105,66,New Year,Corporate,7,3.84,0,0.0
Saturday,Cloudy,614,966,No,Buffet,36,4.43,1,148.7
Wednesday,Rainy,399,532,Eid,Banquet,23,3.62,0,180.4
Saturday,Sunny,366,497,No,Regular,19,4.26,0,81.0
Thursday,Sunny,843,1090,No,Buffet,43,3.89,0,174.0
Wednesday,Rainy,277,373,No,Regular,18,4.23,0,126.4
Saturday,Cloudy,211,297,Christmas,Buffet,12,3.73,0,22.9
Saturday,Sunny,718,1400,No,Regular,51,4.03,1,597.0
Wednesday,Rainy,456,1146,No,Regular,44,3.76,0,782.5
Friday,Rainy,119,156,No,Regular,7,4.24,0,49.5
Wednesday,Sunny,662,1147,No,Regular,43,3.35,0,461.7
Monday,Rainy,322,331,No,Regular,14,4.08,0,63.9
Sunday,Sunny,317,320,Diwali,Corporate,14,3.56,0,5.1
Thursday,Stormy,225,1191,No,Regular,43,3.84,1,1000.0
Friday,Sunny,70,90,Diwali,Regular,4,3.98,0,8.2
Friday,Sunny,742,1177,Diwali,Regular,44,4.42,0,223.8
Thursday,Sunny,698,681,New Year,Regular,27,3.41,0,0.0
Wednesday,Rainy,683,1156,No,Regular,46,3.33,1,493.2
Sunday,Stormy,102,1108,No,Banquet,41,4.59,1,1039.2
Friday,Sunny,623,982,No,Buffet,40,3.97,1,231.9
Friday,Sunny,424,131,No,Regular,7,3.38,0,0.0
Thursday,Sunny,478,597,No,Buffet,22,3.94,0,100.8
Wednesday,Sunny,652,1010,Eid,Regular,40,3.91,0,288.1
Monday,Rainy,650,628,No,Buffet,24,3.87,0,0.0
Wednesday,Sunny,376,390,No,Banquet,16,4.21,0,0.0
Tuesday,Stormy,404,463,No,Regular,21,3.4,1,147.1
Friday,Stormy,399,675,Diwali,Regular,29,4.13,0,284.6
Sunday,Sunny,81,138,No,Buffet,6,3.92,0,40.8
Wednesday,Cloudy,64,79,Eid,Regular,4,4.08,0,4.4
Wednesday,Stormy,211,170,No,Regular,9,4.48,0,0.0
Friday,Rainy,313,358,No,Buffet,16,4.53,0,20.8
Tuesday,Cloudy,703,1159,New Year,Buffet,42,4.78,0,240.0
Sunday,Sunny,938,1400,No,Regular,52,3.31,0,422.7
Wednesday,Sunny,252,257,No,Corporate,12,4.26,1,7.4
Monday,Rainy,291,465,Christmas,Regular,18,4.43,0,197.8
Tuesday,Sunny,449,908,No,Regular,33,3.86,1,423.9
Sunday,Cloudy,441,692,No,Corporate,28,4.1,0,288.2
Tuesday,Cloudy,665,1042,New Year,Buffet,40,4.67,0,236.3
Friday,Sunny,345,433,No,Buffet,17,4.02,1,10.6
Tuesday,Sunny,781,816,New Year,Buffet,34,4.65,1,0.0
Tuesday,Sunny,123,109,Eid,Buffet,6,4.08,0,0.0
Sunday,Rainy,519,815,No,Corporate,32,4.3,0,401.6
Tuesday,Sunny,191,247,No,Buffet,10,4.49,0,27.7
Monday,Sunny,132,132,No,Regular,9,3.65,0,11.5
Thursday,Stormy,275,157,No,Corporate,10,4.29,0,0.0
Sunday,Cloudy,66,20,No,Regular,4,3.9,0,0.0
Wednesday,Cloudy,404,725,Diwali,Corporate,30,4.62,0,329.5
Monday,Rainy,360,892,New Year,Regular,33,3.98,1,520.8
Sunday,Sunny,346,633,New Year,Buffet,23,3.97,0,177.1
Friday,Stormy,287,1021,New Year,Corporate,41,3.76,0,790.9
Saturday,Rainy,490,567,No,Buffet,24,4.09,0,34.4
Saturday,Sunny,53,1134,No,Regular,45,4.34,0,1071.1
Friday,Sunny,469,1400,No,Regular,52,4.14,0,873.2
Wednesday,Sunny,376,1065,No,Corporate,40,5.0,0,709.5
Wednesday,Cloudy,456,1067,Christmas,Banquet,42,3.93,1,520.3
Friday,Cloudy,213,718,Eid,Buffet,30,3.75,0,474.2
Friday,Cloudy,72,92,Eid,Regular,6,4.06,0,9.5
Sunday,Stormy,207,727,No,Regular,30,4.26,0,577.0
Thursday,Cloudy,143,191,No,Buffet,8,3.58,0,32.3
Wednesday,Rainy,400,955,No,Regular,36,4.67,1,537.4
Thursday,Cloudy,388,709,No,Corporate,27,4.01,1,350.7
Friday,Cloudy,236,304,No,Buffet,13,4.83,0,35.2
Thursday,Sunny,121,123,Diwali,Regular,9,4.68,0,0.0
Saturday,Cloudy,444,582,No,Regular,21,4.4,0,107.8
Friday,Cloudy,412,243,No,Regular,9,4.11,0,0.0
Monday,Sunny,224,135,Eid,Buffet,5,3.7,1,0.0
Thursday,Rainy,364,372,No,Buffet,16,3.86,0,41.5
Friday,Cloudy,502,504,No,Regular,19,3.67,1,0.0
Sunday,Sunny,54,79,Diwali,Buffet,7,3.65,1,1.3
Wednesday,Rainy,812,791,New Year,Regular,30,4.24,0,52.3
Friday,Sunny,801,299,No,Buffet,12,4.26,0,0.0
Thursday,Cloudy,848,1393,No,Banquet,52,3.47,0,533.2
Thursday,Cloudy,101,142,No,Regular,9,3.91,0,42.9
Monday,Sunny,752,203,No,Regular,9,3.78,0,0.0
Sunday,Sunny,127,882,No,Corporate,36,4.73,0,760.3
Sunday,Sunny,456,1400,No,Regular,52,3.24,0,934.4
Thursday,Sunny,420,498,No,Regular,18,4.93,0,57.9
Thursday,Cloudy,297,1060,No,Corporate,42,4.36,0,783.2
Monday,Sunny,437,599,No,Buffet,22,3.04,0,161.4
Friday,Stormy,66,93,No,Banquet,6,3.85,0,41.0
Thursday,Sunny,258,319,No,Buffet,12,4.31,0,25.8
Friday,Sunny,492,843,No,Buffet,35,3.83,0,280.8
Monday,Rainy,495,1280,No,Regular,50,4.01,0,880.4
Friday,Cloudy,256,510,No,Regular,21,5.0,0,230.7
Wednesday,Cloudy,139,142,No,Buffet,7,3.94,0,0.0
Friday,Cloudy,391,422,No,Regular,17,3.67,0,26.7
Friday,Rainy,487,571,Diwali,Buffet,25,4.5,0,33.2
Tuesday,Sunny,142,821,No,Regular,33,3.53,0,685.6
Thursday,Sunny,641,747,No,Regular,27,4.42,0,66.5
Saturday,Stormy,252,303,No,Buffet,14,4.37,0,87.1
Friday,Sunny,401,1028,Diwali,Buffet,41,4.89,0,479.4
Monday,Cloudy,336,432,No,Regular,19,4.29,0,110.2
Thursday,Cloudy,306,362,No,Corporate,14,4.02,1,79.0
Wednesday,Cloudy,376,1013,No,Regular,38,4.11,0,640.9
Friday,Rainy,545,634,No,Regular,27,5.0,0,125.1
Friday,Stormy,49,73,No,Banquet,5,4.15,0,29.1
Monday,Sunny,98,103,No,Banquet,5,4.03,0,6.7
Friday,Cloudy,50,83,No,Regular,4,4.09,0,28.7
Saturday,Cloudy,935,1400,Diwali,Regular,52,4.32,0,378.8
Saturday,Sunny,317,184,No,Corporate,11,3.96,1,0.0
Monday,Rainy,400,590,No,Buffet,22,3.69,1,214.4
Wednesday,Sunny,107,131,Diwali,Regular,9,3.84,0,9.1
Thursday,Sunny,486,570,No,Regular,23,3.75,1,53.3
Tuesday,Rainy,583,1400,No,Regular,51,4.06,0,847.4
Thursday,Stormy,224,257,No,Corporate,12,3.86,0,102.4
Monday,Sunny,30,48,No,Buffet,5,4.04,1,13.8
Monday,Rainy,945,1094,No,Regular,44,4.06,0,312.0
Friday,Sunny,623,511,No,Regular,20,4.23,0,0.0
Tuesday,Sunny,756,1400,No,Regular,52,3.72,1,566.7
Friday,Sunny,212,291,No,Corporate,14,4.84,0,65.1
Monday,Rainy,366,503,No,Banquet,21,4.64,0,173.8
Thursday,Sunny,542,1400,No,Buffet,52,4.35,0,766.8
Wednesday,Sunny,858,1004,No,Corporate,36,4.43,1,114.8
Saturday,Cloudy,487,527,No,Regular,21,3.64,0,46.5
Saturday,Sunny,447,436,No,Buffet,17,3.87,0,0.0
Wednesday,Sunny,103,109,No,Regular,6,3.92,0,0.0
Friday,Sunny,292,353,No,Regular,17,3.52,1,2.5
Tuesday,Rainy,64,218,New Year,Buffet,12,3.96,0,153.9
Friday,Cloudy,682,783,No,Corporate,29,5.0,0,78.4
Monday,Rainy,746,743,No,Regular,28,4.16,1,25.0
Thursday,Sunny,86,165,No,Buffet,7,4.76,0,68.6
Tuesday,Sunny,432,1400,No,Corporate,52,4.73,0,997.0
Sunday,Rainy,559,842,No,Corporate,35,3.72,0,367.8
Thursday,Sunny,85,86,Eid,Buffet,4,4.14,0,0.0
Friday,Sunny,470,541,New Year,Regular,22,3.95,0,0.0
Wednesday,Sunny,618,906,No,Corporate,34,4.51,0,332.5
Wednesday,Sunny,253,442,Christmas,Regular,20,4.32,0,154.0
Tuesday,Sunny,187,183,No,Regular,8,4.82,0,0.0
Sunday,Stormy,490,679,No,Regular,26,4.21,0,279.6
Saturday,Cloudy,683,277,No,Buffet,11,4.47,0,0.0
Monday,Cloudy,150,207,No,Buffet,10,3.85,0,62.5
Saturday,Sunny,31,143,Diwali,Corporate,8,3.5,0,113.3
Wednesday,Cloudy,96,184,No,Buffet,9,4.4,0,84.6
Monday,Cloudy,206,215,No,Banquet,9,4.18,0,15.7
Thursday,Stormy,39,21,No,Buffet,5,4.35,0,0.0
Monday,Sunny,155,129,No,Buffet,7,4.71,0,0.0
Tuesday,Rainy,262,164,No,Regular,10,4.26,0,0.0
Friday,Sunny,532,564,No,Regular,25,4.47,0,0.0
Tuesday,Cloudy,833,1400,Eid,Buffet,52,4.55,0,405.9
Sunday,Stormy,423,434,No,Corporate,20,4.06,0,154.9
Friday,Cloudy,412,427,No,Regular,16,3.87,0,0.3
Saturday,Cloudy,104,137,Christmas,Buffet,7,4.95,0,5.2
Friday,Rainy,655,1400,No,Regular,52,4.28,0,763.3
Sunday,Stormy,261,315,No,Regular,15,4.24,0,110.5
Wednesday,Sunny,391,602,Eid,Regular,22,3.71,0,139.0
Thursday,Sunny,831,833,No,Regular,30,4.22,0,0.0
Thursday,Cloudy,480,1354,No,Regular,51,4.26,0,898.4
Sunday,Stormy,153,158,No,Corporate,7,3.73,0,46.7
Tuesday,Cloudy,452,528,No,Corporate,23,4.43,0,85.4
Friday,Sunny,361,425,No,Regular,20,4.01,0,37.9
Saturday,Cloudy,584,572,No,Regular,21,3.19,0,0.0
Wednesday,Sunny,516,753,No,Buffet,31,3.9,0,184.3
Sunday,Sunny,459,785,No,Regular,32,4.53,0,281.7
Wednesday,Sunny,168,559,No,Corporate,24,3.74,1,387.3
Tuesday,Sunny,75,74,No,Buffet,6,5.0,0,0.0
Friday,Cloudy,239,147,No,Corporate,9,4.32,0,0.0
Thursday,Sunny,285,337,No,Regular,16,5.0,0,47.3
Monday,Sunny,429,1250,No,Banquet,49,3.66,0,884.3
Monday,Cloudy,916,1175,No,Corporate,42,3.61,0,409.7
Tuesday,Sunny,388,781,Diwali,Corporate,28,4.02,0,372.6
Saturday,Sunny,267,354,No,Banquet,14,3.59,0,71.7
Sunday,Sunny,235,409,Diwali,Buffet,17,3.93,1,66.3
Thursday,Sunny,600,1021,No,Regular,40,4.79,0,388.6
Monday,Cloudy,41,100,No,Buffet,6,3.99,0,59.5
Thursday,Sunny,938,714,No,Corporate,30,3.45,0,0.0
Saturday,Sunny,43,105,No,Corporate,6,4.25,1,49.7
Saturday,Sunny,36,56,No,Buffet,5,4.68,1,6.0
Wednesday,Sunny,814,823,No,Corporate,31,3.33,0,84.4
Monday,Sunny,307,359,No,Regular,17,3.55,0,69.7
Sunday,Sunny,208,228,Diwali,Regular,12,4.14,1,0.0
Saturday,Sunny,467,620,No,Buffet,25,3.62,0,65.9
Monday,Sunny,121,228,No,Regular,10,4.05,0,101.6
Saturday,Rainy,441,1044,Diwali,Regular,40,4.73,0,577.6
Monday,Sunny,403,510,No,Corporate,22,3.96,0,157.4
Monday,Sunny,139,413,No,Buffet,15,4.31,0,277.7
Saturday,Cloudy,740,1400,No,Buffet,52,4.34,1,451.3
Thursday,Sunny,62,105,No,Regular,8,3.79,1,35.7
Wednesday,Rainy,786,365,No,Regular,16,3.68,0,0.0
Sunday,Sunny,754,659,Christmas,Buffet,24,4.54,0,0.0
Saturday,Cloudy,670,721,No,Corporate,30,4.14,0,81.7
Monday,Stormy,919,829,No,Regular,31,4.21,1,131.5
Friday,Sunny,528,563,Eid,Corporate,25,4.11,1,0.0
Saturday,Sunny,837,963,No,Corporate,36,4.07,1,97.9
Thursday,Cloudy,779,550,New Year,Corporate,24,4.2,0,0.0
Sunday,Stormy,573,573,Diwali,Buffet,22,3.65,0,0.0
Friday,Sunny,70,97,No,Regular,6,4.28,0,19.8
Monday,Cloudy,800,1057,No,Corporate,39,3.7,0,372.4
Tuesday,Sunny,318,338,No,Buffet,15,5.0,0,0.0
Saturday,Cloudy,929,1103,No,Regular,43,4.38,0,151.7
Sunday,Sunny,632,827,No,Regular,32,4.24,0,156.9
Monday,Cloudy,375,502,No,Buffet,18,3.67,0,146.6
Monday,Sunny,26,67,No,Buffet,6,4.58,0,39.1
Saturday,Cloudy,239,297,No,Banquet,11,3.92,0,49.2
Monday,Sunny,196,66,Christmas,Regular,6,4.37,0,0.0
Monday,Cloudy,232,790,No,Regular,33,3.84,0,585.9
Sunday,Rainy,41,20,No,Banquet,4,3.32,0,0.0
Saturday,Rainy,40,59,No,Regular,4,4.77,0,23.1
Sunday,Stormy,339,583,No,Regular,23,4.36,0,302.1
Friday,Sunny,758,929,No,Corporate,37,3.96,0,170.6
Wednesday,Cloudy,486,723,No,Banquet,29,4.95,0,203.6
Sunday,Sunny,144,171,No,Buffet,10,4.11,0,0.0
Wednesday,Rainy,194,264,No,Regular,10,4.63,0,90.4
Tuesday,Cloudy,60,82,No,Buffet,7,3.43,1,16.0
Sunday,Sunny,257,923,No,Corporate,33,3.98,0,669.6
Friday,Sunny,671,778,No,Banquet,31,4.0,0,47.5
Sunday,Rainy,122,162,Christmas,Regular,10,3.71,0,37.6
Tuesday,Rainy,510,641,No,Corporate,26,3.75,0,254.9
Sunday,Rainy,177,582,No,Buffet,25,4.18,1,403.6
Friday,Cloudy,39,45,Christmas,Regular,4,4.05,1,0.0
Friday,Sunny,43,1182,No,Regular,43,4.04,0,1130.7
Sunday,Stormy,48,666,No,Regular,24,3.91,0,624.4
Wednesday,Cloudy,45,29,No,Banquet,6,4.55,0,0.0
Friday,Cloudy,305,352,No,Regular,17,3.6,0,54.8
Friday,Cloudy,526,1062,No,Buffet,42,4.14,0,434.4
Saturday,Cloudy,47,42,No,Regular,5,3.93,0,0.0
Sunday,Cloudy,589,599,Christmas,Corporate,22,3.9,0,0.3
Friday,Cloudy,482,776,No,Buffet,30,3.21,0,259.2
Monday,Rainy,168,67,No,Banquet,4,4.1,0,0.0
Tuesday,Rainy,358,747,New Year,Buffet,27,3.86,1,360.0
Sunday,Sunny,786,1026,No,Corporate,39,4.24,1,172.7
Sunday,Sunny,859,859,Christmas,Buffet,34,5.0,1,0.0
Sunday,Cloudy,57,83,Christmas,Buffet,6,4.19,1,8.1
Monday,Cloudy,205,689,New Year,Banquet,28,4.32,0,480.5
Wednesday,Cloudy,74,97,No,Buffet,6,3.79,0,21.1
Saturday,Rainy,44,91,No,Banquet,8,4.19,0,51.6
Saturday,Sunny,88,117,Diwali,Regular,9,4.07,1,6.5
Monday,Sunny,536,565,No,Buffet,24,3.77,0,0.0
Friday,Rainy,67,142,No,Banquet,6,3.74,0,78.7
Tuesday,Stormy,558,178,No,Banquet,7,4.32,0,0.0
Thursday,Sunny,888,661,No,Buffet,25,3.84,0,0.0
Tuesday,Sunny,153,451,Eid,Buffet,21,3.72,0,273.5
Monday,Sunny,339,490,New Year,Corporate,21,4.67,0,150.5
Monday,Sunny,315,326,No,Regular,13,4.76,1,0.0
Sunday,Cloudy,101,196,No,Banquet,10,3.73,0,91.9
Saturday,Sunny,466,508,No,Regular,19,4.56,0,0.0
Sunday,Sunny,96,96,No,Regular,6,3.43,1,0.0
Thursday,Cloudy,139,356,No,Corporate,15,3.72,0,237.8
Wednesday,Cloudy,251,386,No,Regular,18,3.61,0,145.4
Wednesday,Cloudy,101,144,No,Regular,9,3.91,0,43.5
Friday,Sunny,373,273,No,Regular,10,4.12,0,0.0
Wednesday,Sunny,884,1153,No,Banquet,42,3.59,0,180.2
Saturday,Sunny,204,259,No,Buffet,12,3.94,0,12.8
Saturday,Stormy,353,286,Diwali,Banquet,15,3.72,1,0.0
Sunday,Sunny,110,148,No,Regular,10,4.22,0,28.0
Tuesday,Cloudy,129,232,No,Regular,9,4.17,0,98.9
Thursday,Cloudy,437,1400,No,Regular,52,4.7,0,961.1
Tuesday,Rainy,285,279,No,Regular,10,3.38,1,30.4
Monday,Sunny,740,758,No,Regular,29,4.59,0,57.5
Friday,Sunny,46,88,Diwali,Regular,4,4.6,0,31.2
Thursday,Rainy,854,1213,No,Buffet,46,3.89,0,445.1
Saturday,Sunny,134,740,No,Corporate,30,3.96,1,587.6
Monday,Cloudy,204,529,No,Regular,19,4.26,0,335.3
Sunday,Sunny,597,810,No,Buffet,33,4.54,0,119.6
Sunday,Stormy,516,750,No,Regular,28,3.26,0,345.2
Thursday,Cloudy,327,394,Eid,Buffet,19,3.92,1,0.0
Sunday,Sunny,78,105,No,Corporate,4,4.3,0,34.5
Tuesday,Rainy,209,202,Diwali,Corporate,9,4.15,0,26.4
Saturday,Cloudy,909,980,Diwali,Corporate,38,4.13,0,4.5
Sunday,Cloudy,377,584,No,Regular,21,3.43,0,221.3
Saturday,Sunny,106,184,No,Buffet,11,3.91,0,53.9
Saturday,Sunny,232,241,No,Corporate,13,3.95,1,12.3
Thursday,Cloudy,649,1400,No,Banquet,51,3.75,0,784.7
Saturday,Sunny,382,906,No,Buffet,34,4.59,0,461.6
Friday,Rainy,115,62,No,Buffet,7,3.96,0,0.0
Monday,Sunny,661,685,No,Corporate,28,3.76,0,111.1
Monday,Cloudy,729,938,No,Banquet,36,4.94,0,210.1
Saturday,Sunny,400,551,No,Regular,21,4.31,0,108.4
Friday,Cloudy,48,71,New Year,Regular,4,4.19,1,5.3
Thursday,Sunny,92,1065,No,Corporate,43,4.06,1,978.9
Sunday,Sunny,500,480,No,Buffet,18,3.84,0,0.0
Friday,Sunny,774,815,No,Regular,30,3.77,0,0.0
Wednesday,Cloudy,217,237,No,Regular,11,3.63,0,31.2
Wednesday,Sunny,477,722,No,Buffet,28,3.98,1,113.1
Friday,Rainy,535,1319,No,Corporate,49,3.48,0,843.9
Saturday,Sunny,263,303,No,Corporate,12,4.5,0,48.4
Thursday,Cloudy,764,1400,No,Regular,52,3.84,0,638.9
Thursday,Cloudy,205,217,No,Regular,10,4.48,0,13.2
Saturday,Sunny,466,621,No,Corporate,24,3.77,0,192.6
Friday,Sunny,57,115,No,Regular,6,4.28,0,55.4
Saturday,Sunny,350,575,No,Buffet,24,3.53,0,149.9
Monday,Cloudy,761,961,No,Buffet,39,3.85,0,193.2
Saturday,Stormy,835,1088,No,Regular,40,3.9,0,422.6
Thursday,Sunny,348,589,No,Corporate,22,4.22,0,254.1
Monday,Cloudy,256,113,No,Regular,7,3.59,0,0.0
Friday,Cloudy,42,87,New Year,Corporate,5,4.73,0,45.0
Friday,Cloudy,942,964,No,Buffet,37,4.11,0,0.0
Thursday,Cloudy,135,233,No,Buffet,11,4.09,1,86.1
Saturday,Stormy,211,660,Diwali,Corporate,28,3.51,0,491.1
Wednesday,Cloudy,172,1203,No,Regular,43,4.25,0,1040.6
Tuesday,Rainy,451,512,No,Corporate,22,4.58,0,138.4
Wednesday,Sunny,158,226,No,Regular,13,3.73,0,68.9
Wednesday,Rainy,823,1330,Diwali,Banquet,50,3.87,0,481.4
Friday,Stormy,771,1007,No,Regular,36,4.01,1,426.8
Saturday,Rainy,900,1400,No,Buffet,52,3.98,0,466.3
Saturday,Sunny,330,442,Diwali,Regular,16,3.72,0,57.9
Tuesday,Rainy,244,336,Diwali,Regular,17,4.29,1,82.9
Wednesday,Sunny,723,1400,No,Regular,52,4.61,0,640.3
Tuesday,Cloudy,123,143,No,Regular,10,4.09,0,22.9
Friday,Sunny,525,701,No,Regular,26,3.74,0,140.2
Tuesday,Cloudy,44,129,Eid,Regular,6,3.65,0,86.8
Thursday,Sunny,891,1152,No,Buffet,46,5.0,0,121.9
Saturday,Sunny,936,974,Diwali,Buffet,38,3.93,0,0.0
Friday,Sunny,442,449,No,Regular,20,4.33,0,0.0
Wednesday,Sunny,934,1200,Christmas,Banquet,46,3.42,1,56.0
Wednesday,Sunny,45,67,No,Buffet,7,3.8,0,12.2
Friday,Rainy,396,470,No,Regular,21,4.57,0,84.3
Thursday,Cloudy,178,168,Diwali,Regular,8,3.75,0,0.0
Monday,Rainy,912,1346,No,Buffet,52,3.77,1,522.1
Sunday,Rainy,195,64,No,Buffet,6,4.27,0,0.0
Thursday,Sunny,31,23,No,Corporate,4,3.84,0,0.0
Thursday,Cloudy,207,54,Eid,Buffet,4,4.35,0,0.0
Tuesday,Cloudy,906,625,No,Banquet,24,3.84,0,0.0
Wednesday,Sunny,810,1338,No,Corporate,51,4.08,0,579.1
Wednesday,Cloudy,517,1335,No,Banquet,50,4.39,0,792.5
Tuesday,Cloudy,65,147,Diwali,Buffet,8,3.93,0,71.9
Thursday,Cloudy,400,703,Christmas,Buffet,28,3.59,0,217.9
Thursday,Rainy,183,242,No,Corporate,9,3.94,0,99.5
Sunday,Sunny,837,732,No,Corporate,29,3.7,0,0.0
Sunday,Rainy,545,578,No,Regular,22,3.91,1,90.2
Tuesday,Sunny,233,119,No,Regular,9,4.12,0,0.0
Monday,Rainy,319,1000,No,Regular,36,4.12,1,718.9
Saturday,Sunny,215,269,No,Regular,14,4.5,0,22.5
Sunday,Cloudy,286,279,No,Banquet,14,3.79,0,0.0
Sunday,Cloudy,257,710,No,Corporate,29,4.11,0,483.7
Monday,Sunny,296,405,No,Regular,19,4.69,0,116.4
Tuesday,Sunny,160,111,Eid,Regular,6,4.26,0,0.0
Monday,Sunny,279,274,No,Regular,10,4.52,0,0.0
Saturday,Cloudy,338,594,Diwali,Corporate,25,4.1,1,228.6
Friday,Rainy,299,878,Eid,Banquet,32,4.46,1,546.1
Thursday,Sunny,567,949,No,Regular,38,4.04,0,384.1
Thursday,Cloudy,480,515,No,Regular,21,3.53,1,20.9
Tuesday,Rainy,284,82,No,Banquet,6,4.39,0,0.0
Friday,Sunny,777,983,No,Buffet,38,4.27,0,0.0
Monday,Rainy,257,315,No,Corporate,15,4.14,1,97.2
Friday,Sunny,916,1369,No,Regular,52,3.72,0,384.7
Saturday,Sunny,603,1400,No,Regular,52,4.77,0,727.5
Friday,Sunny,575,271,Eid,Buffet,12,4.45,0,0.0
Wednesday,Sunny,51,98,No,Regular,5,3.85,0,46.3
Saturday,Cloudy,116,141,No,Corporate,6,4.72,0,26.7
Friday,Rainy,206,253,No,Corporate,13,4.69,0,67.5
Monday,Sunny,365,439,Eid,Regular,18,4.03,0,48.6
Tuesday,Rainy,350,1020,New Year,Buffet,41,3.76,0,637.2
Friday,Sunny,72,74,No,Corporate,4,4.32,1,0.0
Wednesday,Sunny,169,343,No,Banquet,16,4.04,0,169.0
Monday,Rainy,455,533,No,Regular,23,5.0,0,130.0
Tuesday,Rainy,493,503,No,Corporate,19,3.69,0,136.2
Tuesday,Cloudy,498,628,Christmas,Regular,26,4.78,1,75.8
Thursday,Sunny,146,1114,No,Banquet,43,3.95,0,990.3
Friday,Sunny,423,554,No,Buffet,21,4.02,0,46.0
Tuesday,Sunny,93,129,No,Regular,7,3.77,0,36.6
Friday,Rainy,192,252,No,Corporate,12,4.17,0,86.5
Wednesday,Sunny,464,595,No,Corporate,23,3.75,0,168.1
Wednesday,Cloudy,294,286,No,Corporate,13,4.02,0,36.7
Tuesday,Sunny,735,923,No,Regular,34,3.59,0,188.3
Saturday,Cloudy,136,1244,No,Corporate,49,3.28,0,1118.6
Sunday,Sunny,32,72,No,Corporate,6,4.02,0,41.4
Thursday,Cloudy,660,1400,No,Regular,52,4.67,0,733.0
Monday,Cloudy,878,933,Christmas,Regular,38,4.22,0,0.0
Tuesday,Stormy,453,1236,No,Banquet,46,4.05,0,882.6
Tuesday,Rainy,587,699,No,Buffet,26,5.0,0,78.5
Saturday,Cloudy,235,237,No,Buffet,12,3.14,1,0.0
Monday,Sunny,391,525,Eid,Corporate,20,4.24,0,107.7
Sunday,Rainy,923,743,No,Regular,27,3.75,0,0.0
Friday,Rainy,147,151,New Year,Corporate,8,4.14,0,13.8
Thursday,Rainy,349,424,No,Buffet,17,3.79,0,73.4
Saturday,Cloudy,311,411,No,Regular,19,3.83,0,83.7
Monday,Sunny,277,275,No,Banquet,11,4.23,0,0.0
Saturday,Rainy,169,295,No,Corporate,11,4.04,0,156.1
Monday,Sunny,618,339,No,Regular,15,3.81,1,0.0
Saturday,Sunny,458,937,No,Banquet,36,3.55,0,454.2
Thursday,Sunny,651,433,No,Banquet,16,4.44,0,0.0
Monday,Cloudy,404,668,No,Corporate,24,4.02,0,310.2
Saturday,Sunny,478,809,No,Regular,29,3.6,0,298.6
Monday,Cloudy,802,859,No,Regular,33,3.4,1,66.1
Monday,Cloudy,62,64,No,Corporate,5,4.23,0,10.3
Saturday,Cloudy,882,884,No,Banquet,33,3.98,0,0.0
Thursday,Sunny,331,550,No,Regular,22,4.19,0,191.2
Sunday,Stormy,717,314,No,Buffet,13,5.0,0,0.0
Friday,Sunny,71,1305,Christmas,Regular,48,4.45,0,1217.9
Friday,Sunny,264,258,No,Buffet,11,4.1,0,0.0
Wednesday,Sunny,366,543,No,Buffet,22,3.41,0,115.3
Monday,Sunny,727,1276,No,Regular,48,4.8,0,543.3
Sunday,Cloudy,98,63,No,Buffet,4,4.15,1,0.0
Monday,Sunny,789,1033,No,Buffet,40,5.0,0,122.5
Thursday,Rainy,275,850,No,Buffet,32,3.78,0,580.9
Tuesday,Sunny,797,891,No,Banquet,32,3.58,0,24.5
Tuesday,Stormy,854,1087,No,Regular,40,4.72,0,429.2
Friday,Cloudy,557,401,No,Regular,18,4.22,0,0.0
Saturday,Sunny,479,649,No,Buffet,26,4.64,1,0.0
Saturday,Cloudy,930,1196,No,Buffet,44,3.6,0,133.0
Sunday,Sunny,338,1202,No,Regular,45,3.6,1,796.0
Wednesday,Stormy,388,685,No,Banquet,28,3.69,0,373.0
Thursday,Rainy,373,659,No,Regular,27,2.95,0,359.2
Monday,Cloudy,529,661,No,Regular,24,3.9,0,168.6
Saturday,Sunny,286,353,No,Corporate,16,3.33,0,64.4
Wednesday,Stormy,607,704,Christmas,Banquet,29,4.15,0,180.4
Thursday,Cloudy,414,496,Diwali,Buffet,19,4.08,0,0.0
Tuesday,Cloudy,322,326,No,Regular,15,3.74,0,24.1
Saturday,Sunny,77,769,No,Regular,30,4.33,0,680.6
Saturday,Sunny,61,70,No,Regular,4,4.19,0,4.0
Sunday,Cloudy,852,301,No,Buffet,15,4.68,0,0.0
Monday,Cloudy,627,894,Diwali,Buffet,36,4.9,1,124.1
Sunday,Rainy,41,63,No,Regular,7,4.18,0,25.6
Tuesday,Cloudy,186,235,No,Buffet,9,4.3,1,24.2
Wednesday,Cloudy,770,1238,Diwali,Corporate,49,4.37,0,435.2
Tuesday,Cloudy,294,349,Diwali,Regular,13,4.93,0,29.1
Tuesday,Rainy,168,163,No,Regular,8,3.53,0,20.2
Thursday,Sunny,571,454,No,Corporate,17,3.88,0,0.0
Tuesday,Rainy,74,78,No,Regular,5,3.54,0,13.4
Wednesday,Sunny,408,431,No,Regular,16,3.86,0,11.8
Friday,Cloudy,388,271,Eid,Regular,12,3.96,1,0.0
Saturday,Rainy,464,489,No,Buffet,22,3.75,0,31.1
Friday,Rainy,318,562,No,Buffet,24,4.3,0,245.3
Friday,Sunny,81,114,No,Buffet,7,4.33,0,17.5
Tuesday,Cloudy,871,779,Christmas,Regular,29,4.12,0,0.0
Saturday,Sunny,636,1056,No,Buffet,38,4.26,0,264.4
Monday,Sunny,553,1209,No,Regular,48,4.87,1,613.0
Tuesday,Rainy,550,418,Diwali,Corporate,17,4.27,0,0.0
Monday,Rainy,36,76,Diwali,Banquet,7,3.56,0,41.6
Friday,Sunny,498,875,No,Buffet,35,3.79,0,264.2
Wednesday,Stormy,386,399,No,Regular,15,3.75,0,130.3
Friday,Sunny,286,295,New Year,Corporate,15,4.71,1,0.0
Wednesday,Rainy,122,93,No,Regular,7,3.91,0,0.0
Thursday,Rainy,43,105,No,Regular,6,3.69,0,62.0
Thursday,Rainy,29,1016,No,Banquet,39,3.64,1,1013.1
Monday,Rainy,62,127,Diwali,Regular,5,3.88,0,73.3
Thursday,Stormy,578,715,Christmas,Regular,28,3.86,1,235.2
Friday,Cloudy,830,994,No,Buffet,36,3.8,0,72.2
Thursday,Sunny,256,290,No,Buffet,14,4.49,1,0.0
Monday,Sunny,61,169,No,Buffet,11,4.0,1,102.8
Friday,Rainy,59,61,No,Regular,5,4.09,0,0.0
Wednesday,Sunny,529,1400,Eid,Corporate,52,4.43,0,805.1
Monday,Stormy,482,505,No,Regular,21,4.47,0,163.0
Tuesday,Sunny,211,1187,No,Banquet,43,3.86,0,979.3
Thursday,Rainy,141,231,No,Regular,11,4.63,0,97.5
Wednesday,Cloudy,769,1400,No,Regular,52,4.11,0,648.0
Friday,Rainy,156,39,No,Buffet,6,3.87,0,0.0
Tuesday,Stormy,98,123,No,Regular,5,4.5,0,54.8
Saturday,Sunny,793,1341,No,Buffet,51,4.28,1,294.6
Wednesday,Cloudy,189,255,No,Regular,11,4.24,0,67.6
Friday,Sunny,43,62,No,Regular,4,3.97,0,16.6
Saturday,Rainy,392,420,No,Regular,16,4.12,0,73.9
Wednesday,Rainy,426,518,No,Regular,21,3.81,1,134.0
Monday,Sunny,648,1122,No,Regular,45,4.03,0,540.9
Thursday,Sunny,329,497,No,Regular,22,3.94,0,173.7
Sunday,Sunny,778,883,Diwali,Regular,33,4.22,0,0.0
Sunday,Sunny,632,635,No,Corporate,27,4.77,0,7.7
Tuesday,Rainy,292,152,No,Corporate,6,4.05,1,0.0
Saturday,Sunny,87,168,No,Regular,10,4.45,0,72.2
Wednesday,Stormy,58,57,No,Regular,7,4.18,0,20.6
Tuesday,Stormy,692,705,No,Regular,28,4.6,0,204.4
Friday,Rainy,215,581,No,Regular,23,4.84,0,377.7
Thursday,Cloudy,514,665,No,Buffet,25,3.9,0,119.0
Thursday,Sunny,180,216,No,Regular,11,3.4,0,33.6
Saturday,Rainy,411,185,No,Banquet,10,3.6,0,0.0
Wednesday,Cloudy,561,750,No,Corporate,31,4.53,0,233.3
Friday,Stormy,547,681,No,Regular,27,4.25,0,279.5
Wednesday,Sunny,237,300,No,Regular,12,3.71,0,64.7
Monday,Sunny,511,593,No,Regular,25,4.79,0,83.9
Wednesday,Stormy,495,561,No,Regular,23,3.99,0,201.9
Sunday,Rainy,452,431,New Year,Buffet,19,3.97,0,0.0
Thursday,Sunny,144,1191,No,Regular,43,4.0,1,1038.5
Monday,Cloudy,652,1400,No,Regular,52,4.65,1,760.2
Friday,Sunny,617,823,New Year,Regular,34,3.8,0,120.3
Sunday,Cloudy,616,728,No,Buffet,27,4.66,1,0.0
Sunday,Sunny,420,1116,No,Regular,41,4.36,0,629.6
Friday,Sunny,502,376,Christmas,Banquet,16,4.69,0,0.0
Wednesday,Sunny,319,536,No,Regular,22,4.44,0,211.3
Friday,Sunny,276,410,No,Regular,17,4.27,0,108.7
Saturday,Sunny,855,1043,No,Buffet,41,4.41,0,0.0
Sunday,Sunny,142,180,New Year,Buffet,10,4.16,0,0.0
Saturday,Cloudy,96,90,No,Regular,8,3.82,1,0.0
Thursday,Cloudy,449,436,No,Buffet,19,4.4,0,0.0
Monday,Cloudy,927,1018,No,Regular,38,4.09,1,71.0
Thursday,Cloudy,167,194,New Year,Regular,10,4.65,0,7.9
Tuesday,Sunny,481,628,No,Regular,23,4.64,1,84.7
Monday,Sunny,833,1400,No,Buffet,52,4.37,0,533.9
Thursday,Rainy,65,234,No,Buffet,11,4.54,0,161.9
Friday,Rainy,577,722,No,Buffet,28,4.33,0,90.9
Saturday,Stormy,439,470,No,Banquet,17,4.33,1,96.7
Saturday,Stormy,174,319,No,Buffet,12,3.85,0,167.7
Saturday,Cloudy,37,67,Diwali,Banquet,4,4.23,0,23.3
Saturday,Rainy,227,543,No,Regular,20,4.31,1,318.7
Friday,Sunny,852,971,No,Buffet,37,4.27,0,0.0
Monday,Rainy,481,560,Diwali,Buffet,25,4.23,0,43.8
Friday,Stormy,128,238,No,Regular,11,4.21,0,149.1
Monday,Rainy,23,20,No,Regular,4,4.99,0,0.0
Monday,Sunny,620,1040,No,Buffet,40,4.18,1,322.2
Tuesday,Sunny,383,559,No,Regular,22,4.43,0,160.1
Saturday,Sunny,57,84,No,Regular,7,4.13,0,19.7
Saturday,Sunny,636,370,No,Corporate,18,4.26,0,0.0
Sunday,Rainy,280,345,No,Buffet,14,3.77,0,82.2
Sunday,Cloudy,860,1154,No,Regular,46,3.88,0,295.8
Sunday,Sunny,91,122,No,Regular,7,3.92,0,20.4
Monday,Cloudy,442,521,No,Banquet,20,3.54,0,131.3
Sunday,Sunny,395,424,New Year,Banquet,17,4.18,0,0.0
Saturday,Cloudy,595,292,No,Buffet,11,3.75,0,0.0
Sunday,Sunny,948,1113,New Year,Regular,43,3.68,0,0.0
Tuesday,Cloudy,474,813,No,Regular,30,5.0,1,268.4
Monday,Cloudy,886,1106,No,Regular,42,4.61,1,226.3
Sunday,Cloudy,780,1141,No,Corporate,41,4.99,0,315.0
Tuesday,Rainy,292,442,Eid,Buffet,17,4.11,1,88.6
Wednesday,Sunny,356,418,Christmas,Corporate,17,4.01,1,38.4
Thursday,Cloudy,366,888,No,Regular,34,4.31,0,522.1
Monday,Sunny,53,99,No,Corporate,7,4.3,0,57.3
Monday,Cloudy,728,637,No,Regular,24,4.0,0,0.0
Sunday,Cloudy,614,1184,No,Regular,44,3.83,0,572.2
Sunday,Cloudy,795,901,New Year,Buffet,34,4.39,0,0.0
Sunday,Rainy,704,1400,No,Buffet,52,3.48,0,619.9
Wednesday,Sunny,793,249,No,Banquet,11,4.39,0,0.0
Tuesday,Rainy,527,509,No,Buffet,19,4.02,0,0.0
Thursday,Sunny,667,1400,No,Banquet,52,4.47,0,614.8
Thursday,Cloudy,165,170,No,Regular,8,4.6,1,0.0
Monday,Rainy,550,924,No,Regular,37,4.39,0,431.5
Saturday,Cloudy,687,740,No,Regular,30,3.65,0,55.4
Sunday,Rainy,385,1005,No,Regular,39,3.51,1,597.9
Thursday,Rainy,402,1344,No,Corporate,52,3.48,0,1052.4
Wednesday,Sunny,820,1041,New Year,Regular,38,3.93,0,98.9
Wednesday,Stormy,115,227,No,Regular,10,3.52,0,145.2
Monday,Stormy,197,267,New Year,Regular,11,4.11,0,119.7
Tuesday,Sunny,44,175,No,Corporate,11,3.76,0,136.4
Thursday,Sunny,131,153,Eid,Banquet,6,3.89,0,0.0
Thursday,Sunny,435,545,No,Corporate,21,4.12,0,120.7
Thursday,Rainy,301,137,Diwali,Regular,7,4.29,0,0.0
Saturday,Stormy,552,355,No,Buffet,13,3.79,0,0.0
Tuesday,Rainy,300,308,No,Regular,12,3.95,1,16.2
Monday,Sunny,223,371,No,Banquet,18,4.27,0,156.4
Monday,Sunny,28,20,No,Regular,4,4.07,0,0.0
Monday,Cloudy,449,573,Christmas,Banquet,21,4.06,0,110.7
Friday,Sunny,192,205,No,Corporate,9,4.41,0,3.3
Saturday,Sunny,874,1297,No,Buffet,48,3.75,0,265.4
Sunday,Sunny,493,732,No,Corporate,30,4.47,0,228.3
Friday,Sunny,63,104,No,Regular,5,5.0,1,28.3
Wednesday,Sunny,358,539,Eid,Regular,22,4.24,0,139.0
Tuesday,Rainy,872,284,Diwali,Regular,13,3.93,0,0.0
Wednesday,Sunny,622,801,No,Regular,29,3.51,0,193.0
Wednesday,Sunny,588,577,No,Corporate,22,3.91,0,16.0
Sunday,Cloudy,233,393,No,Buffet,17,4.27,1,104.0
Thursday,Stormy,74,74,No,Banquet,4,4.07,0,18.4
Tuesday,Rainy,389,1059,Diwali,Corporate,40,4.1,0,701.9
Wednesday,Cloudy,401,773,No,Regular,30,4.07,0,398.6
Monday,Rainy,241,238,No,Regular,13,3.91,1,34.5
Sunday,Cloudy,149,174,No,Regular,9,4.1,0,24.6
Monday,Cloudy,833,1092,No,Regular,40,3.78,0,334.4
Monday,Cloudy,845,878,No,Buffet,35,4.16,0,0.0
Tuesday,Cloudy,789,677,No,Corporate,28,4.19,1,0.0
Saturday,Cloudy,567,713,No,Corporate,27,4.71,0,154.7
Thursday,Sunny,457,490,Christmas,Buffet,21,3.8,0,0.0
Friday,Sunny,153,285,No,Corporate,11,4.43,0,128.8
Wednesday,Sunny,730,1287,Eid,Buffet,50,4.48,0,330.5
Monday,Sunny,113,30,No,Banquet,4,4.01,1,0.0
Saturday,Cloudy,149,129,No,Corporate,9,3.84,0,0.0
Tuesday,Cloudy,195,73,No,Corporate,4,4.68,0,0.0
Monday,Sunny,490,703,No,Regular,28,3.57,0,233.6
Friday,Sunny,417,515,Diwali,Corporate,20,3.78,1,0.0
Monday,Sunny,317,267,No,Regular,13,3.67,1,0.0
Monday,Cloudy,261,389,No,Regular,17,3.84,0,161.4
Saturday,Sunny,379,477,No,Buffet,19,4.02,0,37.9
Thursday,Sunny,615,1400,No,Regular,52,4.74,0,748.0
Tuesday,Sunny,86,23,No,Regular,5,3.94,0,0.0
Wednesday,Cloudy,631,668,No,Regular,26,5.0,1,0.0
Saturday,Sunny,761,1270,No,Corporate,49,4.5,0,525.8
Monday,Cloudy,392,210,No,Buffet,12,3.91,0,0.0
Monday,Cloudy,177,932,No,Banquet,34,3.91,0,778.5
Friday,Stormy,142,85,No,Corporate,5,4.2,0,0.0
Friday,Cloudy,944,477,No,Regular,18,4.15,0,0.0
Sunday,Sunny,590,724,No,Corporate,28,3.63,1,139.6
Wednesday,Sunny,73,75,Diwali,Buffet,7,3.81,0,0.0
Monday,Rainy,612,1016,No,Regular,41,3.47,0,560.4
Thursday,Sunny,23,100,No,Banquet,6,4.86,1,73.5
Friday,Stormy,611,1144,No,Banquet,45,4.18,0,651.4
Monday,Cloudy,302,406,No,Regular,18,3.99,0,128.6
Thursday,Sunny,368,111,No,Corporate,7,3.84,0,0.0
Tuesday,Sunny,594,767,No,Regular,32,3.89,0,157.5
Saturday,Rainy,356,294,No,Banquet,15,3.5,0,0.0
Saturday,Stormy,46,47,Eid,Buffet,4,4.19,0,11.5
Thursday,Rainy,925,1400,Eid,Regular,52,4.45,1,481.3
Sunday,Sunny,69,128,No,Corporate,5,4.78,1,52.3
Sunday,Rainy,550,1400,No,Buffet,51,4.45,0,845.5
Monday,Sunny,109,209,Christmas,Regular,12,4.43,0,85.4
Wednesday,Sunny,417,501,No,Corporate,21,4.61,0,100.2
Friday,Cloudy,470,775,New Year,Corporate,31,4.05,0,269.7
Monday,Stormy,167,290,No,Buffet,15,3.56,0,172.0
Wednesday,Sunny,337,363,New Year,Corporate,16,4.45,0,13.1
Tuesday,Cloudy,334,374,No,Regular,16,3.82,0,67.5
Sunday,Sunny,588,1400,No,Regular,52,4.08,1,699.7
Wednesday,Sunny,47,63,No,Buffet,4,3.7,0,9.7
Saturday,Sunny,797,926,No,Regular,35,4.6,0,53.5
Wednesday,Rainy,53,116,No,Buffet,6,4.48,1,71.0
Monday,Sunny,658,667,No,Banquet,24,3.53,1,0.0
Sunday,Cloudy,906,1381,No,Corporate,50,4.16,0,569.4
Monday,Sunny,767,966,Christmas,Buffet,36,4.56,0,37.4
Monday,Cloudy,223,228,New Year,Buffet,11,4.07,1,0.0
Wednesday,Sunny,561,556,Eid,Banquet,20,4.11,0,0.0
Friday,Sunny,200,344,New Year,Corporate,14,4.53,0,118.9
Wednesday,Cloudy,718,916,Diwali,Regular,37,4.01,0,169.7
Monday,Cloudy,105,107,Christmas,Buffet,6,4.08,0,0.0
Wednesday,Stormy,547,461,No,Regular,21,4.45,1,31.8
Tuesday,Sunny,467,342,No,Regular,13,3.7,1,0.0
Monday,Cloudy,693,825,Eid,Regular,33,3.83,0,133.8
Thursday,Rainy,202,366,No,Buffet,14,3.4,0,175.5
Monday,Sunny,305,297,No,Corporate,11,4.96,1,0.0
Wednesday,Rainy,907,1198,No,Banquet,43,4.17,0,398.6
Friday,Stormy,366,367,No,Regular,16,4.56,0,65.7
Saturday,Rainy,716,230,No,Regular,9,3.62,0,0.0
Tuesday,Cloudy,318,835,No,Regular,31,4.64,0,512.5
Wednesday,Cloudy,798,1085,No,Regular,42,4.0,0,329.8
Tuesday,Cloudy,367,387,No,Regular,14,4.7,0,40.6
Sunday,Cloudy,160,1255,No,Banquet,49,4.04,1,1108.5
Tuesday,Stormy,675,705,No,Regular,26,3.66,1,159.2
Tuesday,Sunny,24,120,No,Corporate,9,4.58,0,95.1
Thursday,Rainy,135,59,No,Regular,6,4.15,0,0.0
Tuesday,Cloudy,937,1400,No,Buffet,52,3.63,0,408.6
Tuesday,Sunny,344,152,Christmas,Corporate,7,3.43,0,0.0
Monday,Cloudy,146,184,No,Banquet,7,4.29,0,35.1
Friday,Rainy,434,373,New Year,Regular,16,4.11,0,0.0
Friday,Cloudy,329,415,Diwali,Banquet,19,4.21,0,19.9
Friday,Rainy,769,588,Eid,Regular,25,4.22,0,0.0
Saturday,Sunny,820,791,No,Corporate,32,4.06,1,0.0
Wednesday,Rainy,859,462,No,Regular,19,4.28,0,0.0
Sunday,Cloudy,848,962,No,Buffet,36,4.42,0,0.0
Saturday,Rainy,925,1228,No,Corporate,44,4.06,0,518.6
Saturday,Sunny,498,581,No,Corporate,21,4.34,0,67.6
Saturday,Sunny,315,314,No,Corporate,16,4.36,0,0.0
Wednesday,Rainy,708,899,No,Regular,37,4.57,0,258.7
Wednesday,Sunny,258,339,No,Corporate,16,3.18,1,77.4
Thursday,Sunny,573,1320,No,Regular,50,3.94,1,669.6
Monday,Rainy,608,347,No,Regular,13,4.35,0,0.0
Thursday,Rainy,125,237,No,Regular,13,5.0,0,115.8
Monday,Rainy,319,246,No,Regular,12,4.62,0,4.9
Monday,Cloudy,256,257,No,Regular,10,4.63,0,27.8
Sunday,Stormy,609,173,Eid,Buffet,9,5.0,0,0.0
Friday,Cloudy,757,1059,No,Regular,39,4.08,0,298.0
Thursday,Cloudy,268,337,Christmas,Buffet,16,4.99,1,0.0
Wednesday,Rainy,143,71,No,Regular,6,4.41,0,0.0
Friday,Cloudy,309,651,No,Buffet,27,3.71,1,274.1
Sunday,Sunny,41,61,No,Regular,6,3.4,0,20.0
Friday,Sunny,241,314,No,Regular,13,4.02,0,56.2
Friday,Cloudy,540,153,No,Buffet,8,4.4,0,0.0
Thursday,Rainy,163,205,No,Banquet,11,4.01,0,49.2
Wednesday,Cloudy,662,645,No,Banquet,25,4.17,0,0.0
Friday,Rainy,829,953,No,Regular,37,4.93,0,155.0
Sunday,Rainy,712,956,No,Banquet,39,4.14,0,271.9
Thursday,Sunny,48,43,Christmas,Buffet,5,4.95,0,0.0
Wednesday,Cloudy,133,1258,No,Banquet,46,4.44,0,1150.3
Thursday,Cloudy,51,103,No,Regular,5,4.57,1,49.6
Thursday,Sunny,243,850,No,Regular,34,4.03,0,595.4
Sunday,Cloudy,112,155,No,Regular,6,4.09,0,42.4
Friday,Cloudy,161,220,Diwali,Corporate,11,4.13,0,56.0
Wednesday,Rainy,651,631,No,Regular,23,4.08,0,67.0
Wednesday,Cloudy,468,563,No,Regular,24,4.39,0,81.6
Thursday,Sunny,454,772,No,Buffet,31,4.66,0,259.8
Monday,Cloudy,244,896,No,Banquet,36,5.0,0,661.2
Thursday,Rainy,95,117,No,Buffet,6,3.83,1,20.7
Saturday,Cloudy,58,157,No,Corporate,8,4.12,0,98.6
Friday,Sunny,75,133,New Year,Regular,7,4.54,0,40.5
Tuesday,Stormy,464,526,No,Banquet,23,4.15,0,196.5
Saturday,Sunny,282,478,No,Regular,22,3.58,0,182.3
Friday,Sunny,281,286,No,Regular,11,4.45,1,0.0
Tuesday,Sunny,78,46,No,Buffet,6,3.78,0,0.0
Friday,Cloudy,327,123,No,Regular,8,4.2,0,0.0
Friday,Rainy,136,244,New Year,Buffet,13,4.84,1,62.7
Saturday,Sunny,733,650,No,Buffet,25,4.42,0,0.0
Monday,Rainy,470,683,No,Regular,29,4.38,0,242.1
Tuesday,Cloudy,410,500,Eid,Regular,18,4.75,0,18.5
Thursday,Rainy,373,1192,Diwali,Regular,45,4.07,1,802.9
Monday,Rainy,422,484,No,Regular,20,4.26,0,125.0
Wednesday,Rainy,90,155,Christmas,Banquet,7,4.05,0,64.1
Saturday,Sunny,457,375,No,Buffet,15,4.45,0,0.0
Tuesday,Sunny,559,759,Diwali,Regular,28,3.56,0,164.5
Thursday,Stormy,512,513,No,Regular,22,3.75,0,117.9
Sunday,Cloudy,824,971,No,Corporate,36,4.13,1,110.1
Thursday,Cloudy,403,469,Diwali,Corporate,17,4.37,0,94.1
Thursday,Rainy,774,1230,No,Banquet,45,4.92,1,467.0
Thursday,Rainy,810,1400,New Year,Regular,52,3.74,0,662.4
Tuesday,Cloudy,662,680,No,Buffet,27,4.09,0,0.0
Tuesday,Rainy,75,188,No,Regular,8,4.23,0,123.8
Friday,Sunny,107,211,No,Corporate,11,3.64,0,109.5
Wednesday,Rainy,314,181,No,Regular,8,3.81,0,0.0
Wednesday,Stormy,257,684,No,Buffet,29,3.37,0,504.2
Monday,Sunny,314,508,No,Regular,19,4.35,0,203.7
Saturday,Sunny,600,622,No,Corporate,24,3.78,1,17.6
Monday,Rainy,208,392,No,Regular,17,4.64,0,216.7
Saturday,Cloudy,363,306,No,Corporate,15,4.3,0,0.0
Wednesday,Sunny,37,146,No,Regular,6,4.04,0,109.9
Friday,Sunny,436,745,No,Corporate,31,3.8,0,313.9
Tuesday,Sunny,160,520,Diwali,Regular,20,4.28,0,337.1
Tuesday,Sunny,457,494,No,Buffet,21,4.01,0,13.8
Thursday,Rainy,62,20,No,Corporate,4,4.35,0,0.0
Friday,Cloudy,374,574,No,Regular,21,4.61,0,157.2
Tuesday,Cloudy,866,1140,No,Regular,45,3.8,0,307.5
Thursday,Sunny,91,161,No,Regular,9,3.94,0,77.6
Thursday,Sunny,470,347,No,Regular,13,4.66,1,0.0
Tuesday,Sunny,100,78,Diwali,Buffet,5,4.7,0,0.0
Thursday,Rainy,398,650,New Year,Regular,27,3.71,0,284.3
Tuesday,Stormy,451,288,No,Regular,14,3.77,0,0.0
Thursday,Sunny,413,1184,No,Regular,44,3.76,0,788.7
Monday,Stormy,277,375,No,Regular,16,4.22,0,174.1
Thursday,Sunny,830,1133,No,Regular,41,3.54,0,282.9
Wednesday,Sunny,339,624,No,Buffet,27,4.13,0,247.4
Thursday,Rainy,204,246,No,Regular,10,4.1,0,65.2
Thursday,Sunny,526,1400,No,Banquet,51,3.86,0,868.6
Sunday,Stormy,444,677,Christmas,Corporate,28,4.16,0,338.0
Thursday,Sunny,34,37,No,Regular,4,4.16,0,7.6
Saturday,Rainy,60,34,No,Corporate,4,3.97,0,0.0
Tuesday,Sunny,936,403,No,Buffet,18,4.83,0,0.0
Wednesday,Sunny,751,853,New Year,Buffet,31,3.95,0,0.0
Monday,Sunny,385,511,No,Regular,23,4.14,0,148.1
Thursday,Stormy,355,239,New Year,Buffet,13,3.87,1,0.0
Friday,Cloudy,78,31,New Year,Regular,4,4.53,0,0.0
Saturday,Cloudy,20,44,No,Buffet,4,3.64,0,25.1
Thursday,Sunny,633,758,No,Regular,28,4.18,0,73.8
Friday,Sunny,378,126,No,Regular,7,3.74,0,0.0
Tuesday,Sunny,95,164,No,Buffet,9,3.4,0,63.5
Monday,Rainy,395,317,No,Regular,13,3.84,0,6.4
Saturday,Sunny,663,1337,Diwali,Regular,51,3.85,0,507.0
Tuesday,Sunny,747,579,Christmas,Corporate,23,4.35,0,0.0
Monday,Cloudy,237,378,No,Regular,16,3.76,0,154.7
Sunday,Cloudy,542,864,No,Regular,31,3.25,0,320.1
Sunday,Sunny,537,947,No,Regular,35,3.28,1,352.4
Friday,Sunny,687,1168,No,Banquet,43,4.19,0,353.6
Wednesday,Sunny,365,505,No,Buffet,21,4.32,0,77.8
Saturday,Cloudy,368,666,Christmas,Buffet,25,4.19,1,186.9
Tuesday,Sunny,931,1212,No,Corporate,45,3.94,0,286.6
Thursday,Cloudy,392,173,No,Buffet,7,4.25,0,0.0
Wednesday,Sunny,500,128,No,Corporate,6,3.34,0,0.0
Sunday,Rainy,685,834,No,Buffet,34,3.27,1,97.7
Sunday,Stormy,887,362,Christmas,Corporate,15,3.51,0,0.0
Friday,Sunny,268,455,Christmas,Buffet,21,4.04,0,94.6
Monday,Sunny,209,1093,No,Regular,40,4.45,0,886.2
Thursday,Sunny,839,1400,No,Regular,52,3.7,0,582.6
Tuesday,Rainy,498,306,Diwali,Regular,14,3.74,0,0.0
Sunday,Cloudy,283,377,No,Buffet,18,4.39,0,64.5
Monday,Cloudy,130,1265,No,Banquet,49,3.94,0,1164.7
Monday,Sunny,143,104,New Year,Corporate,6,4.2,0,0.0
Friday,Sunny,250,799,No,Corporate,33,4.16,0,544.6
Thursday,Cloudy,287,143,No,Buffet,7,3.6,0,0.0
Saturday,Cloudy,882,1400,No,Banquet,52,4.87,0,439.9
Monday,Rainy,104,172,No,Corporate,11,3.75,0,89.7
Saturday,Rainy,58,76,Eid,Regular,4,4.92,0,7.8
Monday,Cloudy,427,452,No,Buffet,21,4.35,0,0.0
Monday,Cloudy,112,150,No,Regular,7,4.23,0,47.2
Thursday,Rainy,569,609,No,Regular,26,3.49,0,114.4
Tuesday,Rainy,225,271,Eid,Regular,12,4.26,0,65.0
Friday,Rainy,949,1400,No,Regular,52,4.09,0,607.4
Monday,Stormy,158,131,No,Regular,8,4.02,1,17.3
Monday,Sunny,874,1400,No,Regular,52,3.57,1,540.8
Saturday,Cloudy,426,986,No,Banquet,36,4.49,1,473.0
Tuesday,Cloudy,887,1049,No,Regular,42,4.51,0,203.6
Friday,Sunny,330,135,No,Corporate,9,3.4,0,0.0
Saturday,Cloudy,522,741,No,Regular,27,3.87,0,199.9
Monday,Sunny,105,91,No,Banquet,7,4.0,0,0.0
Saturday,Sunny,398,466,No,Corporate,17,4.26,0,66.8
Tuesday,Sunny,243,678,No,Banquet,29,4.18,0,415.2
Wednesday,Rainy,620,876,Eid,Buffet,33,4.09,0,178.1
Monday,Cloudy,226,373,No,Buffet,17,4.32,0,138.0
Saturday,Cloudy,312,405,No,Regular,15,4.9,1,18.4
Thursday,Sunny,451,1127,No,Regular,45,4.0,0,659.7
Thursday,Cloudy,24,81,No,Corporate,4,4.55,0,58.6
Sunday,Sunny,408,1394,No,Regular,52,4.86,0,911.6
Wednesday,Sunny,300,401,No,Regular,19,4.76,0,74.6
Sunday,Sunny,208,249,No,Corporate,11,4.4,1,39.9
Friday,Rainy,733,1155,No,Regular,42,4.39,0,488.2
Sunday,Sunny,20,79,No,Corporate,6,4.3,0,59.5
Sunday,Cloudy,343,1149,No,Regular,42,4.83,0,775.4
Sunday,Rainy,150,100,No,Regular,8,3.96,0,0.0
Monday,Sunny,170,223,New Year,Regular,9,3.96,0,49.2
Saturday,Rainy,390,659,No,Buffet,28,3.84,1,222.2
Saturday,Sunny,784,990,No,Corporate,36,5.0,0,231.7
Friday,Sunny,793,798,No,Corporate,33,4.76,1,0.0
Tuesday,Sunny,134,158,Diwali,Regular,6,3.87,0,11.7
Sunday,Cloudy,302,299,No,Regular,14,3.61,0,0.0
Tuesday,Stormy,456,332,New Year,Corporate,13,4.04,0,0.0
Thursday,Cloudy,489,933,No,Regular,37,4.15,0,460.5
Thursday,Cloudy,230,287,No,Regular,12,4.23,0,60.7
Tuesday,Sunny,191,475,No,Buffet,19,3.47,0,249.6
Saturday,Stormy,358,422,No,Corporate,18,3.81,1,153.7
Monday,Cloudy,168,1101,No,Regular,40,4.63,0,953.3
Friday,Sunny,386,600,Christmas,Regular,25,4.38,0,115.1
Saturday,Stormy,941,1184,Diwali,Banquet,45,3.83,0,335.1
Wednesday,Sunny,507,303,No,Banquet,13,4.53,0,0.0
Friday,Sunny,458,612,No,Buffet,22,4.53,0,51.5
Tuesday,Sunny,613,906,No,Buffet,33,5.0,0,181.6
Saturday,Sunny,532,475,No,Banquet,17,4.03,1,0.0
Sunday,Rainy,72,70,No,Buffet,6,3.84,0,0.0
Tuesday,Cloudy,461,162,No,Corporate,6,4.06,0,0.0
Friday,Stormy,419,756,No,Buffet,28,4.51,0,381.9
Thursday,Sunny,740,909,Christmas,Regular,35,3.59,0,93.6
Thursday,Cloudy,624,342,No,Corporate,16,4.12,0,0.0
Friday,Cloudy,421,1282,No,Buffet,46,4.14,0,792.6
Thursday,Cloudy,238,243,Christmas,Regular,11,4.68,0,0.0
Friday,Cloudy,778,1001,No,Buffet,40,3.89,0,101.9
Tuesday,Cloudy,471,608,No,Corporate,26,4.06,1,152.3
Wednesday,Cloudy,415,594,Eid,Regular,26,4.34,0,135.8
Sunday,Rainy,177,1186,No,Corporate,47,3.86,0,1025.3
Monday,Sunny,672,1400,No,Regular,52,3.79,0,745.7
Friday,Sunny,358,151,No,Buffet,9,4.91,0,0.0
Tuesday,Cloudy,61,65,No,Banquet,5,4.35,0,4.5
Saturday,Sunny,32,83,No,Corporate,6,4.63,0,48.8
Friday,Sunny,299,289,No,Corporate,15,4.43,0,0.0
Wednesday,Stormy,205,289,No,Buffet,11,4.07,0,99.1
Tuesday,Sunny,258,446,Diwali,Buffet,17,3.87,0,111.7
Thursday,Sunny,478,786,No,Buffet,31,3.88,0,242.2
Sunday,Cloudy,615,1258,No,Regular,48,3.81,0,618.4
Thursday,Sunny,656,280,No,Buffet,15,3.81,0,0.0
Thursday,Sunny,325,320,No,Buffet,15,3.79,0,0.0
Saturday,Sunny,785,1145,No,Buffet,42,4.45,1,73.2
Wednesday,Sunny,204,161,New Year,Regular,9,3.72,0,0.0
Thursday,Sunny,434,561,Eid,Regular,21,4.71,0,46.6
Wednesday,Rainy,235,235,Diwali,Regular,13,4.44,0,7.3
Tuesday,Sunny,323,1169,No,Regular,43,4.4,0,826.2
Friday,Sunny,196,124,No,Regular,6,4.22,0,0.0
Sunday,Cloudy,163,1042,Christmas,Regular,39,4.29,0,864.5
Sunday,Sunny,938,1400,No,Banquet,52,3.94,0,401.7
Sunday,Sunny,494,158,No,Regular,10,3.77,0,0.0
Thursday,Sunny,51,63,No,Corporate,4,3.93,0,12.2
Wednesday,Sunny,577,993,Diwali,Regular,39,3.57,1,342.9
Friday,Sunny,385,374,No,Corporate,16,4.31,0,0.0
Sunday,Sunny,361,388,Diwali,Corporate,14,3.7,0,0.0
Saturday,Rainy,154,132,New Year,Banquet,5,4.39,0,0.0
Thursday,Stormy,32,29,No,Corporate,4,4.41,0,14.0
Friday,Rainy,576,648,No,Buffet,25,4.23,0,49.7
Saturday,Sunny,364,360,No,Regular,17,3.91,0,0.0
Sunday,Rainy,934,1400,No,Buffet,52,3.76,0,425.8
Saturday,Cloudy,185,321,No,Regular,15,3.82,1,120.3
Thursday,Sunny,204,249,No,Banquet,12,3.73,1,7.0
Tuesday,Stormy,405,672,No,Corporate,26,4.12,1,342.2
Thursday,Rainy,33,49,No,Regular,4,4.07,0,16.9
Wednesday,Sunny,132,169,No,Buffet,10,4.92,0,11.5
Sunday,Stormy,122,130,No,Regular,9,4.9,1,32.0
Thursday,Sunny,123,44,No,Buffet,4,4.76,0,0.0
Thursday,Sunny,901,1106,Diwali,Buffet,42,4.04,0,0.0
Wednesday,Sunny,902,1136,No,Buffet,42,3.53,0,120.4
Friday,Sunny,330,386,No,Corporate,14,4.2,0,65.5
Thursday,Stormy,441,1034,No,Regular,38,4.02,0,696.1
Monday,Cloudy,276,379,No,Corporate,14,4.14,0,141.0
Sunday,Sunny,27,66,No,Buffet,6,4.3,0,34.3
Wednesday,Rainy,262,302,No,Regular,15,4.42,0,91.1
Thursday,Rainy,926,662,No,Regular,26,3.37,1,0.0
Tuesday,Rainy,68,95,No,Regular,8,4.66,1,37.4
Thursday,Stormy,100,110,Eid,Buffet,5,4.52,0,28.5
Friday,Rainy,439,471,No,Banquet,20,3.88,0,25.3
Sunday,Cloudy,350,517,No,Regular,19,4.49,0,164.1
Monday,Sunny,597,777,No,Regular,31,4.01,0,243.4
Sunday,Stormy,471,601,No,Buffet,23,4.13,0,169.1
Friday,Sunny,342,559,Eid,Regular,23,4.06,0,153.1
Wednesday,Sunny,216,1219,No,Regular,44,3.82,0,994.4
Tuesday,Sunny,580,1257,No,Buffet,48,3.59,0,656.5
Wednesday,Sunny,170,1098,No,Regular,43,5.0,0,905.4
Sunday,Cloudy,227,242,Christmas,Corporate,13,4.38,0,2.0
Wednesday,Rainy,92,173,No,Regular,7,4.18,0,93.7
Thursday,Cloudy,61,45,Eid,Buffet,4,4.88,0,0.0
Friday,Cloudy,795,797,No,Regular,31,3.41,1,0.0
Sunday,Sunny,341,403,Eid,Regular,18,4.02,0,0.1
Friday,Cloudy,73,106,Eid,Buffet,4,3.86,0,6.0
Saturday,Sunny,842,712,No,Corporate,29,3.91,0,0.0
Tuesday,Sunny,875,688,Christmas,Banquet,25,4.13,0,0.0
Sunday,Cloudy,113,168,New Year,Regular,8,3.94,0,33.5
Tuesday,Cloudy,380,249,Christmas,Buffet,10,3.37,0,0.0
Monday,Sunny,950,471,No,Buffet,19,3.69,0,0.0
Sunday,Sunny,130,128,No,Regular,7,3.73,0,0.0
Tuesday,Sunny,154,215,No,Corporate,9,3.93,0,71.2
Monday,Cloudy,244,97,No,Regular,8,3.72,1,0.0
Friday,Sunny,904,1037,No,Corporate,42,4.05,0,206.8
Wednesday,Sunny,437,527,No,Buffet,23,4.06,0,19.2
Monday,Rainy,289,452,Christmas,Regular,17,3.22,0,203.3
Friday,Cloudy,612,812,No,Corporate,32,3.67,0,244.5
Saturday,Sunny,633,381,No,Regular,15,4.21,0,0.0
Saturday,Cloudy,146,181,No,Corporate,11,4.07,0,32.1
Tuesday,Sunny,112,390,No,Corporate,17,3.38,0,282.7
Thursday,Sunny,412,436,No,Buffet,20,4.46,1,0.0
Saturday,Cloudy,281,479,No,Regular,19,4.37,0,186.5
Tuesday,Sunny,250,337,No,Regular,13,5.0,0,66.5
Tuesday,Sunny,56,91,Diwali,Buffet,7,4.86,0,21.7
Monday,Rainy,727,860,No,Buffet,33,3.76,0,249.2
Thursday,Cloudy,393,392,No,Buffet,18,4.07,0,0.0
Tuesday,Stormy,242,288,No,Regular,12,4.13,0,105.5
Saturday,Rainy,138,230,No,Corporate,11,4.66,1,82.1
Sunday,Sunny,101,184,No,Corporate,7,4.0,0,76.4
Tuesday,Cloudy,382,867,Diwali,Buffet,33,4.69,0,406.7
Friday,Sunny,217,387,No,Regular,17,4.24,1,129.1
Tuesday,Cloudy,635,610,No,Buffet,25,3.78,0,0.0
Monday,Sunny,414,921,No,Regular,35,3.62,0,515.2
Saturday,Sunny,484,511,No,Corporate,19,4.55,0,33.2
Thursday,Sunny,842,1037,No,Corporate,40,4.53,0,195.4
Sunday,Rainy,120,149,No,Corporate,9,4.58,0,37.9
Thursday,Sunny,871,1082,No,Regular,39,3.04,0,290.2
Tuesday,Cloudy,468,123,No,Corporate,7,4.07,0,0.0
Thursday,Rainy,68,99,No,Corporate,8,4.65,0,45.8
Tuesday,Rainy,447,422,No,Regular,20,3.52,0,44.9
Sunday,Sunny,831,1032,No,Regular,37,4.36,0,146.7
Friday,Sunny,154,151,No,Regular,9,3.89,0,0.0
Wednesday,Stormy,444,781,No,Buffet,29,3.72,0,461.3
Thursday,Cloudy,369,435,Diwali,Regular,18,3.81,0,37.6
Friday,Sunny,314,365,No,Regular,17,4.78,0,19.5
Saturday,Stormy,432,1089,No,Buffet,42,4.5,1,655.1
Monday,Sunny,92,52,No,Corporate,4,4.07,0,0.0
Monday,Sunny,86,766,No,Corporate,28,5.0,0,691.6
Monday,Sunny,505,614,Eid,Corporate,26,3.37,1,94.2
Wednesday,Sunny,435,160,No,Banquet,7,3.85,1,0.0
Thursday,Sunny,477,540,Diwali,Buffet,22,4.79,0,0.0
Monday,Cloudy,115,207,No,Corporate,10,4.04,0,110.9
Wednesday,Sunny,30,24,No,Regular,4,4.03,0,0.0
Thursday,Cloudy,358,492,No,Corporate,21,4.07,1,155.2
Monday,Rainy,396,413,No,Banquet,19,3.93,0,81.4
Sunday,Rainy,255,311,No,Buffet,12,4.51,0,41.5
Friday,Sunny,386,451,No,Regular,20,3.77,0,24.7
Wednesday,Rainy,301,156,No,Regular,9,5.0,0,0.0
Thursday,Sunny,90,127,New Year,Regular,6,3.53,0,29.4
Wednesday,Cloudy,46,100,No,Regular,5,4.83,1,45.2
Saturday,Sunny,376,283,No,Regular,13,4.47,0,0.0
Friday,Cloudy,294,288,Christmas,Regular,11,3.83,0,0.0
Thursday,Sunny,41,61,No,Regular,5,4.23,0,11.7
Sunday,Cloudy,212,297,No,Banquet,12,4.47,0,57.7
Saturday,Sunny,124,116,No,Buffet,7,4.38,0,0.0
Saturday,Sunny,274,666,No,Corporate,24,3.32,0,399.2
Tuesday,Cloudy,268,721,Christmas,Regular,30,4.28,0,414.0
Tuesday,Sunny,875,914,New Year,Regular,35,3.54,0,1.4
Friday,Cloudy,630,619,No,Regular,25,4.56,0,0.0
Thursday,Cloudy,657,1130,Christmas,Corporate,43,4.57,1,368.8
Friday,Cloudy,235,746,No,Regular,28,3.54,0,507.9
Saturday,Cloudy,752,1150,No,Buffet,43,3.29,1,254.9
Wednesday,Rainy,90,57,No,Regular,4,3.99,0,0.0
Wednesday,Rainy,187,218,No,Regular,12,4.02,0,47.1
Thursday,Sunny,555,1239,No,Regular,48,4.12,0,672.9
Tuesday,Cloudy,290,527,No,Buffet,22,4.3,1,164.5
Friday,Rainy,65,135,New Year,Regular,8,4.05,0,71.6
Saturday,Sunny,327,411,No,Corporate,17,4.16,0,87.6
Thursday,Sunny,830,975,Eid,Regular,38,3.77,0,53.1
Saturday,Sunny,360,387,No,Regular,18,3.69,0,0.0
Thursday,Cloudy,107,923,No,Regular,33,4.37,0,808.0
Friday,Sunny,20,54,No,Banquet,4,4.34,0,31.6
Tuesday,Cloudy,139,129,No,Buffet,5,3.97,0,0.0
Saturday,Cloudy,805,1034,Diwali,Buffet,40,3.68,1,0.0
Friday,Cloudy,366,465,No,Buffet,18,4.77,1,22.8
Tuesday,Sunny,62,125,No,Corporate,7,4.84,1,63.6
Thursday,Rainy,702,1025,No,Regular,37,4.6,0,367.2
Saturday,Cloudy,219,220,No,Corporate,12,4.39,0,11.4
Tuesday,Sunny,653,774,No,Corporate,32,3.66,0,180.1
Saturday,Sunny,628,675,Diwali,Regular,27,4.66,1,0.0
Sunday,Sunny,791,1385,No,Regular,52,4.36,0,564.4
Sunday,Stormy,946,545,No,Buffet,20,3.69,0,0.0
Wednesday,Sunny,714,687,No,Regular,29,4.42,0,0.0
Friday,Sunny,35,908,Christmas,Regular,34,3.91,0,867.5
Sunday,Sunny,201,325,No,Regular,13,4.47,0,99.2
Thursday,Sunny,939,1171,No,Regular,43,4.6,0,160.0
Monday,Sunny,200,274,Diwali,Buffet,12,4.34,0,30.6
Monday,Rainy,389,568,No,Buffet,22,3.77,0,215.1
Saturday,Sunny,707,1400,No,Buffet,52,4.38,0,579.1
Thursday,Rainy,392,566,No,Buffet,24,4.36,0,164.2
Tuesday,Sunny,330,1157,Diwali,Regular,43,3.83,1,792.5
Wednesday,Cloudy,335,459,No,Buffet,20,3.98,1,83.1
Saturday,Rainy,502,530,No,Banquet,23,4.92,0,12.2
Thursday,Cloudy,897,1055,No,Regular,38,4.82,1,96.2
Sunday,Rainy,659,694,No,Buffet,25,3.89,0,68.6
Saturday,Sunny,789,1367,No,Corporate,49,3.27,0,629.9
Sunday,Cloudy,107,1333,No,Buffet,52,4.74,0,1217.0
Sunday,Cloudy,374,360,No,Regular,13,5.0,0,0.0
Tuesday,Sunny,274,279,No,Regular,14,4.78,0,0.0
Friday,Rainy,412,283,New Year,Buffet,13,3.97,0,0.0
Monday,Sunny,712,281,No,Corporate,12,4.4,1,0.0
Sunday,Sunny,131,158,No,Corporate,8,3.73,0,30.5
Tuesday,Rainy,468,400,No,Buffet,19,4.57,0,0.0
Friday,Cloudy,782,1205,No,Regular,46,3.88,0,442.2
Saturday,Rainy,844,1239,Eid,Corporate,45,3.85,1,423.5
Tuesday,Rainy,234,889,New Year,Buffet,36,4.08,0,643.1
Saturday,Sunny,147,40,No,Banquet,5,3.88,0,0.0
Monday,Cloudy,312,882,No,Corporate,34,4.43,0,616.1
Thursday,Stormy,261,607,No,Regular,23,3.76,0,411.2
Thursday,Sunny,937,1395,No,Buffet,52,5.0,0,344.8
Wednesday,Cloudy,267,349,No,Buffet,17,4.35,0,71.0
Friday,Rainy,287,281,No,Regular,15,3.97,1,0.0
Sunday,Sunny,226,102,No,Buffet,5,3.71,0,0.0
Wednesday,Stormy,273,328,No,Regular,15,3.99,1,114.2
Friday,Cloudy,932,963,No,Regular,37,4.03,0,92.4
Sunday,Rainy,118,169,No,Corporate,10,4.01,1,56.2
Saturday,Cloudy,264,446,No,Regular,16,3.91,0,174.8
Monday,Cloudy,435,571,No,Corporate,24,3.77,0,174.1
Sunday,Rainy,246,70,No,Buffet,5,4.5,1,0.0
Monday,Sunny,184,304,No,Corporate,13,4.71,0,130.9
Friday,Cloudy,454,482,No,Corporate,19,3.76,0,34.4
Friday,Stormy,622,728,No,Corporate,31,4.1,1,292.0
Saturday,Stormy,131,142,No,Regular,10,3.36,1,25.1
Tuesday,Stormy,61,64,No,Banquet,6,3.89,0,12.3
Tuesday,Cloudy,119,149,Eid,Regular,9,4.95,0,5.1
Saturday,Cloudy,466,526,Eid,Corporate,23,4.62,0,26.8
Tuesday,Cloudy,463,1400,No,Buffet,52,4.38,0,940.5
Thursday,Cloudy,21,25,No,Regular,4,3.63,0,6.5
Saturday,Cloudy,141,197,Diwali,Buffet,9,3.83,0,26.2
Friday,Sunny,510,645,No,Buffet,25,3.9,0,24.2
Tuesday,Sunny,215,137,No,Regular,8,4.55,1,0.0
Wednesday,Cloudy,810,801,No,Regular,33,4.67,0,0.0
Sunday,Sunny,592,805,No,Regular,30,4.12,0,158.9
Thursday,Sunny,125,156,Diwali,Banquet,6,4.5,1,0.0
Monday,Sunny,295,381,No,Buffet,16,3.81,0,45.7
Tuesday,Rainy,252,123,New Year,Regular,9,4.26,0,0.0
Wednesday,Stormy,106,401,No,Corporate,17,4.56,1,321.7
Sunday,Cloudy,142,449,No,Buffet,21,4.79,1,283.3
Wednesday,Stormy,242,363,No,Corporate,14,3.64,0,197.2
Monday,Rainy,472,487,Eid,Buffet,19,4.73,0,0.0
Thursday,Sunny,196,188,Eid,Regular,9,5.0,0,0.0
Monday,Sunny,362,103,No,Regular,8,3.53,0,0.0
Tuesday,Sunny,401,1272,New Year,Corporate,50,3.46,0,860.8
Sunday,Sunny,174,1069,New Year,Corporate,43,4.81,0,874.3
Friday,Cloudy,660,770,New Year,Corporate,30,3.97,0,24.0
Monday,Sunny,88,59,No,Regular,4,4.06,0,0.0
Thursday,Rainy,458,587,Diwali,Corporate,24,4.65,1,101.3
Tuesday,Cloudy,840,984,No,Regular,40,3.78,0,195.4
Monday,Sunny,230,294,No,Buffet,13,4.26,0,51.4
Friday,Stormy,294,369,No,Regular,17,3.58,0,175.2
Thursday,Stormy,340,1087,No,Corporate,39,4.52,0,874.8
Saturday,Rainy,457,729,New Year,Banquet,28,4.52,0,218.5
Sunday,Rainy,62,79,No,Regular,6,4.23,1,16.9
Tuesday,Stormy,496,821,No,Corporate,32,4.16,0,505.4
Sunday,Cloudy,237,206,Diwali,Buffet,12,4.15,0,0.0
Thursday,Rainy,293,352,No,Regular,17,4.09,0,94.4
Tuesday,Sunny,770,1194,No,Regular,47,4.13,0,428.6
Saturday,Cloudy,770,994,No,Corporate,39,4.52,0,274.1
Monday,Cloudy,364,351,No,Regular,17,3.41,0,4.3
Thursday,Sunny,868,1121,No,Regular,44,4.93,1,132.1
Saturday,Sunny,90,31,Diwali,Corporate,4,4.24,0,0.0
Tuesday,Sunny,785,782,No,Buffet,31,5.0,0,0.0
Sunday,Sunny,916,1400,No,Corporate,52,4.26,0,449.3
Tuesday,Sunny,294,794,No,Buffet,32,4.16,0,471.5
Saturday,Sunny,179,244,Christmas,Buffet,11,4.42,0,0.0
Monday,Rainy,424,162,No,Corporate,7,3.63,0,0.0
Tuesday,Cloudy,348,351,Diwali,Regular,15,3.71,1,0.0
Wednesday,Cloudy,196,338,No,Regular,17,4.07,0,148.3
Saturday,Sunny,589,249,No,Buffet,11,4.19,1,0.0
Tuesday,Rainy,374,769,No,Banquet,30,4.59,0,413.3
Sunday,Sunny,27,101,No,Regular,7,4.19,0,75.4
Tuesday,Sunny,468,920,No,Banquet,37,4.77,0,424.3
Thursday,Cloudy,376,521,No,Corporate,23,3.03,1,173.1
Wednesday,Stormy,317,314,No,Buffet,14,4.92,0,48.0
Monday,Stormy,143,318,No,Regular,13,3.99,0,218.0
Sunday,Rainy,423,822,No,Regular,30,4.44,0,407.1
Thursday,Cloudy,86,90,No,Buffet,6,4.66,0,2.4
Friday,Cloudy,246,299,No,Regular,11,3.6,0,54.0
Friday,Cloudy,184,319,Eid,Regular,16,4.76,0,95.3
Thursday,Sunny,693,483,Christmas,Regular,21,4.47,0,0.0
Friday,Sunny,699,353,No,Banquet,15,4.9,0,0.0
Sunday,Stormy,875,1013,No,Regular,39,4.19,0,328.3
Friday,Stormy,876,985,Christmas,Buffet,40,4.16,0,150.3
Thursday,Sunny,20,72,Diwali,Regular,7,3.85,0,46.0
Friday,Sunny,651,694,No,Regular,29,3.86,0,9.4
Friday,Sunny,914,1400,No,Regular,52,4.13,0,437.1
Thursday,Cloudy,798,1400,No,Corporate,52,4.4,1,632.1
Friday,Sunny,607,1282,No,Buffet,47,4.47,0,495.6
Thursday,Cloudy,99,104,No,Regular,8,3.73,0,16.3
Saturday,Sunny,322,478,No,Corporate,22,4.11,0,160.7
Sunday,Sunny,895,1381,No,Regular,52,4.25,0,435.0
Sunday,Sunny,87,104,No,Corporate,8,3.25,0,24.8
Saturday,Rainy,149,149,No,Regular,9,4.52,1,0.8
Friday,Sunny,578,586,No,Corporate,21,4.05,0,51.6
Saturday,Cloudy,809,961,No,Banquet,39,4.16,0,110.3
Tuesday,Cloudy,248,261,No,Corporate,11,4.77,1,20.9
Thursday,Rainy,120,123,New Year,Regular,7,3.74,1,0.0
Tuesday,Sunny,322,236,No,Buffet,12,3.79,0,0.0
Monday,Cloudy,55,188,No,Corporate,11,3.19,0,146.4
Sunday,Sunny,24,20,No,Buffet,4,4.12,1,0.0
Sunday,Cloudy,77,218,No,Regular,8,4.61,0,129.4
Thursday,Sunny,920,1037,Eid,Buffet,39,3.26,0,0.0
Tuesday,Stormy,393,690,New Year,Regular,27,3.71,1,361.0
Friday,Stormy,127,181,No,Buffet,9,4.22,0,58.3
Thursday,Rainy,447,449,No,Regular,17,3.95,0,45.9
Saturday,Rainy,115,35,No,Buffet,6,3.96,1,0.0
Sunday,Sunny,818,941,No,Regular,38,4.21,0,38.1
Wednesday,Cloudy,130,125,No,Regular,9,4.92,0,0.0
Tuesday,Sunny,128,202,No,Regular,9,4.17,0,66.7
Tuesday,Sunny,358,442,No,Banquet,16,4.25,0,62.3
Monday,Cloudy,88,31,No,Buffet,5,4.35,0,0.0
Wednesday,Rainy,125,181,Christmas,Buffet,10,3.33,0,60.0
Monday,Cloudy,726,779,No,Corporate,28,4.28,0,173.3
Monday,Rainy,877,887,No,Buffet,32,3.5,0,99.5
Tuesday,Cloudy,586,716,Diwali,Regular,28,4.16,0,63.8
Tuesday,Stormy,364,170,No,Buffet,11,4.61,0,0.0
Saturday,Rainy,128,235,Christmas,Regular,9,3.97,1,76.2
Monday,Rainy,614,1400,No,Buffet,52,4.6,0,783.3
Sunday,Sunny,791,1168,No,Regular,46,3.42,1,268.4
Tuesday,Cloudy,483,478,No,Banquet,18,4.26,0,0.0
Monday,Cloudy,837,550,No,Buffet,24,4.27,0,0.0
Monday,Stormy,468,502,No,Regular,22,3.02,0,163.1
Friday,Sunny,425,445,No,Buffet,18,4.36,0,0.0
Tuesday,Sunny,624,1400,No,Regular,51,2.89,0,768.7
Thursday,Sunny,787,1400,Christmas,Regular,52,4.22,0,476.8
Monday,Sunny,856,908,No,Corporate,33,4.33,0,116.4
Sunday,Rainy,746,1400,No,Corporate,52,3.97,1,706.8
Monday,Sunny,469,328,No,Buffet,12,4.22,0,0.0
Wednesday,Sunny,315,407,Christmas,Buffet,16,5.0,1,0.0
Saturday,Cloudy,419,671,No,Regular,25,3.92,0,253.8
Tuesday,Sunny,337,552,Christmas,Regular,22,3.65,0,178.7
Tuesday,Sunny,33,48,No,Buffet,4,5.0,0,5.8
Saturday,Cloudy,366,571,No,Buffet,21,4.23,0,179.5
Tuesday,Cloudy,381,937,No,Regular,38,4.63,0,559.2
Monday,Stormy,178,119,No,Regular,9,3.45,0,0.0
Thursday,Rainy,574,696,No,Regular,27,3.1,0,193.8
Monday,Stormy,939,1128,Christmas,Regular,42,3.77,0,445.5
Sunday,Sunny,38,38,No,Regular,5,4.06,0,0.0
Friday,Rainy,662,844,No,Regular,34,3.91,0,218.4
Friday,Cloudy,50,77,No,Buffet,4,3.91,1,20.5
Tuesday,Cloudy,154,45,No,Regular,4,3.35,0,0.0
Friday,Cloudy,686,1147,No,Regular,42,4.22,0,459.3
Friday,Sunny,758,369,Diwali,Buffet,14,4.02,0,0.0
Monday,Sunny,484,324,New Year,Corporate,14,3.21,0,0.0
Sunday,Rainy,606,793,No,Regular,33,4.0,0,212.1
Friday,Rainy,534,1135,No,Regular,44,4.07,0,647.0
Saturday,Sunny,143,695,No,Buffet,27,4.58,0,521.9
Tuesday,Cloudy,278,355,No,Regular,16,3.9,0,93.9
Monday,Cloudy,878,1145,No,Regular,45,4.54,0,363.8
Friday,Cloudy,132,336,No,Buffet,15,4.49,1,164.5
Saturday,Sunny,168,266,No,Regular,13,3.78,0,90.3
Wednesday,Rainy,193,1279,New Year,Corporate,46,4.41,0,1111.7
Monday,Cloudy,164,225,Christmas,Corporate,12,4.61,0,75.1
Saturday,Cloudy,234,153,No,Regular,8,4.59,0,0.0
Tuesday,Cloudy,26,73,New Year,Regular,4,4.28,0,37.2
Wednesday,Cloudy,406,593,Diwali,Banquet,25,4.08,1,119.7
Friday,Sunny,839,1038,No,Buffet,39,3.55,0,88.3
Monday,Stormy,441,644,Christmas,Banquet,24,4.62,0,271.4
Monday,Sunny,172,181,New Year,Corporate,8,3.51,1,0.0
Monday,Rainy,584,778,No,Regular,31,4.06,0,253.4
Sunday,Rainy,141,490,Diwali,Regular,18,4.58,0,345.0
Wednesday,Cloudy,24,46,No,Regular,6,3.7,1,20.0
Friday,Cloudy,342,361,No,Corporate,13,4.12,0,15.1
Sunday,Sunny,120,153,No,Regular,7,3.46,0,23.9
Friday,Sunny,88,52,No,Buffet,4,3.97,0,0.0
Thursday,Cloudy,732,936,No,Buffet,35,3.7,1,75.2
Thursday,Sunny,836,829,No,Corporate,30,3.79,0,105.9
Wednesday,Sunny,382,200,Diwali,Corporate,10,4.36,0,0.0
Friday,Stormy,452,1325,Diwali,Regular,52,4.4,1,881.8
Sunday,Sunny,467,570,No,Regular,24,3.88,0,86.8
Saturday,Sunny,943,1306,No,Buffet,51,4.24,1,60.9
Thursday,Sunny,462,1129,No,Corporate,43,3.93,0,702.8
Wednesday,Cloudy,918,960,No,Buffet,35,3.97,0,0.0
Sunday,Cloudy,530,929,No,Buffet,34,3.64,0,355.5
Monday,Rainy,104,1170,Christmas,Corporate,43,3.9,0,1088.1
Saturday,Cloudy,116,149,No,Regular,9,3.3,0,38.2
Tuesday,Sunny,870,1076,No,Regular,39,5.0,0,155.4
Friday,Cloudy,133,133,No,Corporate,7,4.63,0,8.0
Saturday,Sunny,401,435,No,Buffet,20,5.0,1,0.0
Thursday,Rainy,564,1290,No,Corporate,50,4.6,1,773.8
Tuesday,Sunny,433,592,No,Regular,24,4.25,0,149.1
Saturday,Sunny,411,415,No,Buffet,16,3.21,0,0.0
Wednesday,Sunny,417,421,Eid,Regular,17,4.56,0,0.0
Wednesday,Sunny,466,119,No,Regular,9,4.69,1,0.0
Thursday,Cloudy,785,973,No,Regular,37,3.65,1,216.2
Thursday,Cloudy,767,1400,No,Corporate,51,4.36,1,668.1
Friday,Stormy,916,999,No,Regular,37,4.19,0,280.3
Monday,Sunny,209,378,No,Regular,18,4.1,0,179.1
Thursday,Cloudy,763,1037,Diwali,Regular,39,4.36,0,221.9
Sunday,Cloudy,721,955,Christmas,Regular,35,4.32,0,134.0
Monday,Sunny,181,228,No,Buffet,12,3.71,0,32.5
Thursday,Cloudy,245,307,No,Buffet,12,4.53,0,25.4
Friday,Rainy,484,763,No,Buffet,30,3.51,0,302.3
Sunday,Rainy,397,408,No,Regular,15,4.33,0,47.4
Friday,Stormy,111,155,Christmas,Buffet,8,4.25,0,59.9
Saturday,Cloudy,90,270,No,Regular,14,3.81,0,183.3
Tuesday,Sunny,92,153,No,Buffet,6,4.65,0,49.2
Wednesday,Stormy,146,277,No,Corporate,13,3.33,0,187.2
Sunday,Sunny,315,188,No,Buffet,7,4.24,0,0.0
Sunday,Cloudy,256,899,No,Banquet,35,4.21,0,646.6
Thursday,Rainy,220,92,No,Regular,8,4.79,0,0.0
Thursday,Rainy,773,1041,Christmas,Corporate,42,4.4,0,397.3
Thursday,Rainy,282,300,No,Buffet,12,3.19,0,45.1
Monday,Sunny,535,789,Diwali,Buffet,29,3.93,0,184.3
Sunday,Cloudy,514,638,No,Buffet,24,4.8,0,0.0
Saturday,Sunny,831,911,No,Regular,34,4.06,0,32.2
Thursday,Rainy,724,844,No,Corporate,32,3.65,1,234.5
Tuesday,Cloudy,122,55,No,Buffet,4,4.1,0,0.0
Wednesday,Sunny,483,955,New Year,Buffet,37,4.82,0,353.1
Monday,Rainy,823,951,Diwali,Regular,36,3.76,0,205.9
Saturday,Cloudy,101,103,No,Regular,4,3.68,0,0.3
Thursday,Cloudy,99,136,No,Banquet,5,4.02,0,44.9
Tuesday,Stormy,478,1352,No,Regular,49,3.85,0,1008.2
Friday,Cloudy,491,312,No,Regular,13,4.43,0,0.0
Sunday,Cloudy,718,1400,No,Regular,52,3.97,0,651.7
Monday,Sunny,890,1096,No,Buffet,40,4.27,1,92.7
Thursday,Sunny,58,30,No,Corporate,6,4.8,1,0.0
Thursday,Sunny,398,591,Christmas,Banquet,24,3.72,0,142.2
Tuesday,Sunny,641,685,No,Buffet,28,4.56,0,0.0
Thursday,Sunny,356,846,No,Regular,32,4.5,0,469.0
Friday,Cloudy,188,386,Christmas,Regular,15,3.6,0,184.5
Tuesday,Cloudy,131,70,No,Regular,4,4.7,0,0.0
Tuesday,Sunny,683,850,No,Buffet,33,3.6,0,93.7
Saturday,Cloudy,358,453,No,Banquet,20,3.51,1,85.3
Wednesday,Rainy,114,151,No,Regular,6,3.77,0,62.7
Friday,Sunny,35,56,No,Regular,4,3.78,1,11.5
Friday,Cloudy,620,313,No,Buffet,12,3.97,1,0.0
Saturday,Sunny,403,404,No,Buffet,16,3.65,0,0.0
Saturday,Cloudy,298,370,No,Buffet,14,4.36,0,21.0
Saturday,Rainy,428,524,No,Buffet,21,4.07,0,116.6
Friday,Sunny,566,712,No,Regular,27,4.2,0,77.5
Thursday,Sunny,357,364,Diwali,Buffet,18,4.4,1,0.0
Wednesday,Rainy,470,575,No,Regular,25,4.76,1,134.4
Wednesday,Sunny,188,298,No,Buffet,15,3.94,0,74.1
Wednesday,Cloudy,124,165,No,Regular,8,3.86,0,38.2
Monday,Cloudy,553,719,No,Buffet,30,4.46,1,148.8
Thursday,Sunny,148,147,No,Banquet,8,4.65,0,0.0
Wednesday,Rainy,115,117,No,Buffet,8,4.15,0,3.7
Monday,Cloudy,135,145,No,Regular,10,4.15,0,20.8
Tuesday,Sunny,122,816,No,Banquet,31,4.03,0,691.0
Saturday,Stormy,390,483,No,Regular,20,3.86,0,201.4
Friday,Cloudy,547,1028,No,Corporate,39,3.95,0,543.5
Saturday,Rainy,137,892,No,Regular,36,4.09,0,764.8
Thursday,Sunny,96,1194,No,Corporate,46,4.4,0,1104.4
Saturday,Sunny,271,662,No,Regular,24,4.47,0,362.1
Saturday,Rainy,545,1400,No,Regular,51,3.74,0,932.4
Monday,Cloudy,656,855,No,Banquet,31,4.15,0,208.2
Sunday,Sunny,701,949,No,Buffet,38,3.82,1,50.7
Monday,Rainy,67,125,No,Regular,8,4.01,0,69.8
Friday,Cloudy,857,1400,No,Regular,52,4.17,0,463.4
Saturday,Sunny,184,139,No,Regular,7,4.52,0,0.0
Wednesday,Rainy,81,120,No,Regular,7,4.06,1,37.9
Friday,Cloudy,257,340,No,Buffet,13,4.31,0,29.1
Wednesday,Cloudy,418,236,No,Buffet,11,3.67,0,0.0
Monday,Rainy,215,368,No,Banquet,17,3.64,1,189.6
Monday,Cloudy,144,159,No,Corporate,9,4.01,0,43.4
Monday,Stormy,380,503,No,Banquet,19,5.0,0,195.5
Monday,Rainy,221,559,No,Buffet,24,3.79,0,348.4
Friday,Sunny,111,382,No,Regular,14,4.18,0,260.8
Thursday,Cloudy,38,61,Christmas,Buffet,4,4.29,0,14.2
Thursday,Stormy,310,198,New Year,Regular,11,4.13,1,0.0
Friday,Rainy,70,111,No,Regular,4,3.87,1,44.2
Monday,Sunny,30,33,No,Corporate,4,4.35,0,3.3
Tuesday,Sunny,137,138,No,Buffet,8,3.74,1,0.0
Saturday,Sunny,72,65,No,Regular,4,4.28,1,0.0
Sunday,Rainy,201,211,No,Regular,9,3.88,0,34.5
Thursday,Stormy,872,902,No,Regular,35,4.54,0,301.4
Monday,Rainy,735,224,No,Buffet,10,3.37,0,0.0
Saturday,Sunny,29,29,No,Regular,6,4.07,0,0.0
Sunday,Rainy,417,645,No,Corporate,26,3.65,1,289.7
Wednesday,Sunny,142,139,No,Buffet,5,4.47,0,0.0
Tuesday,Sunny,131,1125,Eid,Regular,44,4.47,0,982.5
Monday,Sunny,767,500,No,Corporate,20,3.02,0,0.0
Friday,Cloudy,577,1400,No,Banquet,51,3.6,0,810.4
Sunday,Cloudy,456,488,No,Corporate,18,4.51,0,67.1
Friday,Sunny,618,726,No,Buffet,28,4.06,0,0.0
Wednesday,Sunny,334,406,No,Regular,19,4.38,0,78.6
Friday,Rainy,609,1400,No,Buffet,52,4.11,0,800.0
Saturday,Sunny,288,85,Christmas,Corporate,5,4.19,0,0.0
Thursday,Cloudy,477,1232,Christmas,Banquet,46,4.54,0,703.5
Saturday,Sunny,723,542,No,Buffet,23,3.62,1,0.0
Wednesday,Sunny,482,569,No,Buffet,21,3.93,0,19.3
Wednesday,Sunny,657,661,No,Regular,26,3.68,0,5.3
Friday,Cloudy,477,511,Christmas,Regular,20,4.23,1,0.0
Thursday,Sunny,595,593,No,Regular,22,3.57,0,0.0
Sunday,Sunny,717,182,No,Regular,7,4.51,0,0.0
Thursday,Rainy,425,724,No,Buffet,28,3.9,0,349.1
Wednesday,Sunny,229,401,No,Regular,15,4.33,1,153.7
Wednesday,Rainy,554,687,No,Buffet,29,3.81,0,156.6
Thursday,Sunny,207,328,Diwali,Buffet,14,4.46,1,25.2
Wednesday,Rainy,305,402,No,Regular,17,4.62,1,103.5
Saturday,Sunny,146,238,No,Buffet,13,4.44,1,42.3
Wednesday,Cloudy,349,425,No,Regular,19,3.75,0,79.8
Wednesday,Cloudy,66,96,No,Regular,5,4.73,0,25.6
Friday,Cloudy,84,1201,No,Banquet,47,4.41,1,1114.4
Monday,Rainy,220,295,Diwali,Regular,15,3.85,0,90.8
Friday,Sunny,201,303,No,Regular,11,4.24,0,86.4
Thursday,Sunny,86,162,Christmas,Buffet,7,4.77,0,48.4
Thursday,Rainy,266,384,No,Regular,18,3.74,0,172.3
Friday,Rainy,118,88,Eid,Regular,7,3.73,0,0.0
Saturday,Cloudy,273,445,Christmas,Corporate,20,4.07,1,121.2
Saturday,Cloudy,229,769,No,Buffet,30,3.53,0,538.1
Wednesday,Rainy,878,1187,New Year,Buffet,43,4.17,0,251.8
Wednesday,Rainy,312,404,No,Banquet,19,4.43,0,95.3
Friday,Rainy,841,1221,No,Regular,45,4.19,0,395.1
Friday,Rainy,330,361,No,Buffet,16,3.82,0,0.0
Friday,Sunny,947,1190,No,Regular,45,4.5,0,117.2
Thursday,Cloudy,621,647,No,Regular,26,4.05,0,30.8
Saturday,Cloudy,770,1306,Eid,Banquet,51,3.79,1,357.0
Tuesday,Sunny,184,561,New Year,Corporate,22,4.23,1,346.2
Thursday,Rainy,866,1176,No,Regular,47,4.63,0,398.4
Tuesday,Cloudy,676,920,Eid,Regular,37,3.88,0,200.4
Wednesday,Sunny,921,1186,Diwali,Regular,43,4.79,0,49.8
Friday,Cloudy,151,832,No,Buffet,34,4.15,0,688.3
Thursday,Sunny,128,161,No,Regular,9,4.17,0,27.0
Wednesday,Sunny,163,196,No,Banquet,9,4.17,1,4.4
Sunday,Cloudy,583,609,No,Regular,24,3.89,0,18.7
Saturday,Cloudy,578,659,Diwali,Regular,24,3.59,1,0.0
Thursday,Cloudy,730,433,No,Banquet,20,4.94,0,0.0
Sunday,Sunny,427,496,Diwali,Banquet,22,3.62,1,0.0
Thursday,Cloudy,660,1004,New Year,Regular,40,4.64,0,264.8
Saturday,Sunny,433,553,No,Buffet,23,4.85,1,0.0
Tuesday,Stormy,206,359,Diwali,Banquet,17,3.82,0,179.8
Wednesday,Sunny,480,587,No,Buffet,21,4.38,0,60.5
Wednesday,Rainy,246,331,No,Buffet,16,4.41,0,111.9
Monday,Sunny,464,1400,No,Buffet,52,4.41,0,926.9
Thursday,Sunny,212,669,New Year,Banquet,28,3.85,1,417.3
Tuesday,Sunny,437,446,Diwali,Buffet,19,3.96,1,0.0
Friday,Rainy,274,463,No,Regular,20,4.46,0,222.4
Tuesday,Stormy,90,68,No,Buffet,7,3.43,0,0.0
Monday,Cloudy,424,175,No,Corporate,7,3.28,1,0.0
Sunday,Sunny,91,178,Eid,Buffet,7,4.16,0,47.2
Friday,Sunny,34,83,Christmas,Regular,4,4.07,0,43.8
Sunday,Cloudy,44,30,New Year,Buffet,4,4.19,0,0.0
Thursday,Sunny,105,179,No,Buffet,7,3.82,1,59.6
Monday,Rainy,776,1151,No,Banquet,42,4.45,0,463.2
Friday,Cloudy,884,1185,No,Regular,45,4.48,0,255.5
Thursday,Rainy,177,451,No,Buffet,21,4.19,0,279.0
Monday,Rainy,648,660,No,Buffet,24,3.56,0,52.2
Sunday,Sunny,351,501,Eid,Regular,22,4.56,0,58.1
Friday,Sunny,834,1207,No,Buffet,44,3.38,1,145.0
Saturday,Rainy,451,677,Christmas,Regular,28,3.59,0,234.1
Thursday,Sunny,79,87,No,Corporate,6,4.44,1,8.3
Friday,Cloudy,646,1066,No,Corporate,41,3.65,0,409.7
Tuesday,Rainy,195,251,No,Regular,10,3.81,0,82.9
Sunday,Sunny,520,1400,No,Buffet,52,4.18,0,790.6
Wednesday,Rainy,873,1168,No,Banquet,43,4.51,1,225.7
Tuesday,Sunny,296,908,No,Regular,36,4.36,0,588.7
Monday,Cloudy,736,669,No,Banquet,27,4.67,0,0.0
Friday,Sunny,39,128,No,Regular,9,3.93,0,90.6
Sunday,Cloudy,463,625,Eid,Regular,25,3.76,0,131.4
Sunday,Sunny,474,616,New Year,Buffet,26,3.58,1,0.0
Friday,Sunny,797,1352,No,Regular,49,4.17,0,488.6
Sunday,Sunny,326,436,No,Corporate,19,4.24,0,122.0
Saturday,Sunny,33,1076,No,Buffet,41,5.0,0,1050.4
Wednesday,Cloudy,105,191,No,Buffet,11,4.38,0,79.7
Friday,Sunny,167,487,New Year,Buffet,21,3.4,1,246.9
Monday,Sunny,481,1129,No,Buffet,41,4.6,0,610.1
Tuesday,Sunny,211,1250,No,Corporate,48,3.77,1,1035.6
Wednesday,Sunny,294,410,No,Buffet,18,3.57,0,66.1
Tuesday,Sunny,443,1262,No,Corporate,48,4.55,0,814.2
Sunday,Sunny,136,172,No,Buffet,11,4.47,0,11.8
Sunday,Cloudy,51,44,No,Regular,4,4.58,0,0.0
Wednesday,Rainy,669,260,No,Buffet,10,3.86,0,0.0
Friday,Cloudy,703,869,Eid,Regular,32,5.0,0,0.0
Wednesday,Sunny,189,188,No,Regular,8,4.5,0,0.0
Monday,Rainy,313,540,No,Regular,21,3.72,0,286.1
Wednesday,Cloudy,91,168,No,Regular,8,5.0,0,74.1
Tuesday,Cloudy,368,93,No,Regular,6,4.36,0,0.0
Wednesday,Sunny,869,1078,No,Corporate,43,4.11,0,274.9
Tuesday,Sunny,54,55,No,Corporate,4,3.89,0,10.6
Monday,Cloudy,127,98,No,Regular,6,2.77,0,0.0
Tuesday,Sunny,171,219,No,Banquet,11,4.44,1,17.5
Sunday,Cloudy,751,1232,No,Banquet,48,3.86,0,435.3
Monday,Sunny,320,527,No,Corporate,22,4.02,0,212.5
Wednesday,Sunny,167,621,No,Regular,26,4.08,0,439.0
Thursday,Sunny,567,730,No,Regular,30,3.76,0,151.6
Wednesday,Sunny,728,512,No,Buffet,21,4.34,0,0.0
Thursday,Sunny,377,549,No,Buffet,21,3.77,0,132.4
Monday,Sunny,464,734,No,Buffet,27,3.45,0,257.4
Friday,Cloudy,222,235,No,Buffet,9,4.15,0,0.0
Thursday,Sunny,561,195,No,Corporate,7,3.88,0,0.0
Friday,Cloudy,242,260,No,Banquet,10,3.3,1,0.0
Thursday,Stormy,579,782,No,Buffet,29,3.6,0,319.5
Thursday,Rainy,196,212,No,Banquet,10,4.19,0,26.8
Wednesday,Cloudy,108,111,No,Corporate,8,4.18,0,15.4
Tuesday,Sunny,294,619,No,Regular,25,4.7,0,318.9
Thursday,Cloudy,944,1079,No,Corporate,43,4.61,0,260.6
Monday,Stormy,65,72,No,Regular,5,4.3,0,23.8
Wednesday,Cloudy,152,198,No,Regular,9,3.82,1,42.3
Friday,Sunny,464,830,No,Banquet,32,3.89,0,313.7
Monday,Rainy,184,202,No,Regular,9,4.3,0,40.3
Monday,Sunny,384,570,No,Buffet,24,4.54,0,136.7
Friday,Rainy,263,762,Eid,Banquet,30,4.35,1,473.3
Wednesday,Sunny,892,423,No,Regular,16,3.92,0,0.0
Saturday,Sunny,420,446,No,Regular,19,4.21,0,0.0
Sunday,Rainy,891,1378,No,Regular,52,4.01,1,429.1
Sunday,Cloudy,80,78,No,Buffet,4,3.23,1,0.0
Thursday,Cloudy,168,283,Christmas,Regular,14,4.03,0,101.4
Tuesday,Rainy,89,331,No,Regular,12,3.95,0,255.7
Friday,Rainy,128,303,Eid,Corporate,13,4.45,0,184.9
Friday,Sunny,316,825,No,Regular,33,3.66,0,500.2
Friday,Stormy,183,192,No,Buffet,10,3.7,0,44.1
Wednesday,Sunny,83,273,No,Regular,13,4.56,0,189.2
Monday,Sunny,541,513,No,Buffet,22,3.73,1,0.0
Tuesday,Rainy,394,531,No,Buffet,21,3.83,0,123.2
Tuesday,Sunny,949,1400,Diwali,Regular,52,4.33,0,315.9
Monday,Rainy,596,832,No,Regular,31,4.42,1,255.1
Sunday,Sunny,218,111,No,Regular,7,4.71,0,0.0
Monday,Sunny,355,792,No,Regular,31,3.97,1,449.8
Friday,Sunny,581,1098,Eid,Regular,43,3.99,0,387.0
Sunday,Cloudy,293,83,No,Buffet,6,4.05,0,0.0
Wednesday,Rainy,210,346,No,Regular,16,3.87,0,166.0
Thursday,Sunny,218,299,No,Regular,12,4.3,0,75.8
Friday,Sunny,351,420,Eid,Regular,19,3.98,0,13.1
Wednesday,Sunny,753,964,Diwali,Corporate,35,3.61,0,195.3
Thursday,Sunny,109,139,No,Regular,8,3.38,0,26.2
Saturday,Cloudy,81,198,No,Buffet,10,4.07,0,106.3
Saturday,Cloudy,672,334,No,Buffet,14,4.38,0,0.0
Saturday,Sunny,708,1060,No,Regular,41,3.83,0,338.6
Sunday,Sunny,890,1115,No,Regular,43,3.57,0,169.2
Wednesday,Cloudy,226,361,No,Regular,13,4.76,0,132.9
Saturday,Sunny,474,151,No,Buffet,8,3.97,0,0.0
Friday,Sunny,418,403,No,Regular,16,4.5,0,0.0
Friday,Cloudy,58,87,No,Regular,6,4.56,1,21.5
Saturday,Sunny,100,86,No,Banquet,5,4.75,1,0.0
Saturday,Sunny,768,978,New Year,Corporate,37,4.1,0,99.8
Sunday,Sunny,635,976,Diwali,Regular,39,3.52,0,208.5
Wednesday,Rainy,271,1174,No,Banquet,43,3.32,0,940.3
Friday,Sunny,288,399,No,Regular,19,4.01,0,95.2
Wednesday,Rainy,914,1036,New Year,Regular,42,4.83,0,165.2
Friday,Cloudy,323,506,Christmas,Regular,21,4.15,0,121.8
Saturday,Cloudy,431,540,No,Banquet,23,4.69,0,48.4
Saturday,Rainy,121,104,No,Regular,5,3.71,0,0.0
Thursday,Sunny,296,393,New Year,Corporate,19,4.73,1,54.4
Thursday,Sunny,294,336,No,Buffet,16,4.4,0,0.0
Wednesday,Sunny,818,1324,No,Buffet,51,4.17,1,351.1
Tuesday,Cloudy,392,911,No,Regular,37,4.51,0,513.9
Tuesday,Cloudy,240,245,Diwali,Regular,12,3.88,1,0.0
Sunday,Rainy,370,504,No,Buffet,22,4.31,0,125.9
Wednesday,Sunny,285,306,No,Regular,15,3.76,0,8.4
Sunday,Sunny,317,382,No,Buffet,14,3.86,0,10.5
Tuesday,Sunny,422,571,No,Regular,22,3.73,0,162.6
Saturday,Sunny,167,159,No,Corporate,8,3.74,0,0.0
Friday,Rainy,148,377,No,Buffet,14,3.39,0,239.3
Friday,Sunny,629,1400,No,Buffet,51,5.0,0,608.4
Friday,Rainy,379,236,New Year,Buffet,11,3.62,0,0.0
Friday,Sunny,525,1400,No,Regular,51,4.55,1,772.9
Sunday,Cloudy,568,866,No,Regular,35,3.41,0,317.6
Thursday,Sunny,28,948,No,Regular,37,3.88,0,920.8
Monday,Rainy,147,412,No,Buffet,17,3.97,0,290.4
Tuesday,Sunny,116,229,No,Regular,12,4.72,1,104.3
Friday,Cloudy,592,710,No,Regular,27,4.26,1,17.8
Thursday,Rainy,243,139,No,Regular,7,3.67,0,0.0
Thursday,Cloudy,154,335,No,Regular,15,4.02,0,186.0
Friday,Sunny,55,60,No,Buffet,5,4.62,0,0.0
Wednesday,Rainy,70,69,No,Buffet,5,4.56,0,3.2
Saturday,Sunny,261,275,No,Regular,11,3.84,0,0.0
Saturday,Sunny,555,484,No,Regular,22,3.5,0,0.0
Friday,Cloudy,423,861,No,Buffet,35,3.85,0,387.2
Friday,Rainy,407,419,Christmas,Buffet,16,4.41,0,0.0
Sunday,Sunny,916,1245,No,Corporate,46,3.38,0,398.4
Friday,Rainy,527,706,Diwali,Corporate,27,4.05,0,274.4
Sunday,Cloudy,240,613,Eid,Corporate,23,3.61,0,370.5
Monday,Sunny,927,953,Eid,Corporate,37,3.92,0,35.9
Friday,Sunny,856,1400,Eid,Corporate,52,4.33,1,333.2
Friday,Cloudy,289,389,No,Buffet,18,4.09,0,56.7
Thursday,Sunny,108,142,No,Buffet,8,4.41,0,17.3
Wednesday,Sunny,455,456,No,Corporate,19,4.63,0,33.2
Thursday,Sunny,59,64,No,Regular,4,5.0,1,0.0
Wednesday,Rainy,64,942,No,Regular,35,4.5,0,885.1
Sunday,Sunny,535,653,No,Banquet,27,4.37,0,28.2
Wednesday,Sunny,706,485,No,Buffet,20,3.84,0,0.0
Tuesday,Sunny,283,1298,No,Regular,50,4.5,0,1014.3
Friday,Sunny,504,168,No,Regular,10,4.78,0,0.0
Wednesday,Stormy,616,1320,No,Regular,52,3.84,0,856.6
Monday,Cloudy,240,299,Diwali,Regular,13,3.88,0,62.1
Thursday,Cloudy,622,244,No,Buffet,12,3.85,0,0.0
Thursday,Rainy,804,1257,No,Buffet,45,3.56,0,514.5
Tuesday,Sunny,307,899,No,Buffet,37,4.11,0,552.2
Friday,Rainy,586,394,No,Regular,17,3.55,0,0.0
Thursday,Stormy,850,740,No,Regular,30,4.08,0,98.1
Saturday,Rainy,425,430,No,Regular,18,4.25,0,38.3
Wednesday,Cloudy,302,138,No,Regular,8,4.24,1,0.0
Tuesday,Sunny,88,297,Eid,Buffet,13,3.91,0,195.1
Sunday,Rainy,331,428,No,Regular,20,3.47,0,130.4
Thursday,Sunny,402,483,No,Banquet,18,4.63,0,75.5
Monday,Rainy,111,117,No,Buffet,6,3.38,0,27.8
Saturday,Sunny,452,817,No,Regular,31,4.17,0,334.6
Tuesday,Cloudy,385,383,No,Regular,14,4.74,0,12.1
Saturday,Rainy,138,179,No,Regular,9,4.16,0,55.3
Friday,Cloudy,293,816,No,Regular,30,4.66,0,510.1
Sunday,Sunny,818,1006,No,Banquet,37,4.33,0,88.7
Sunday,Cloudy,131,345,No,Buffet,13,3.53,0,210.0
Tuesday,Stormy,418,140,No,Corporate,8,4.67,0,0.0
Saturday,Cloudy,53,108,No,Buffet,6,3.87,1,43.3
Wednesday,Rainy,45,70,No,Banquet,6,3.94,0,30.8
Friday,Rainy,423,429,No,Banquet,16,4.41,0,0.0
Friday,Rainy,223,230,No,Regular,9,3.72,1,21.6
Monday,Sunny,394,520,No,Regular,22,4.51,1,112.9
Monday,Cloudy,410,616,No,Regular,23,4.3,0,233.5
Monday,Rainy,922,1202,No,Regular,47,4.81,0,420.2
Monday,Rainy,150,704,No,Buffet,30,4.6,0,583.1
Tuesday,Sunny,749,1267,No,Regular,48,4.03,0,518.8
Sunday,Sunny,256,339,No,Corporate,16,3.95,0,83.8
Thursday,Sunny,142,226,No,Regular,11,3.81,0,94.6
Saturday,Rainy,97,95,No,Corporate,6,4.01,0,13.5
Saturday,Rainy,254,330,No,Regular,16,3.74,0,99.0
Saturday,Cloudy,680,915,No,Regular,37,3.99,1,166.8
Wednesday,Sunny,386,441,No,Corporate,16,3.59,0,75.9
Sunday,Sunny,151,243,No,Regular,10,3.71,0,83.8
Saturday,Rainy,824,1038,Diwali,Corporate,39,4.69,0,156.3
Saturday,Sunny,111,140,Eid,Corporate,7,3.56,0,16.1
Sunday,Sunny,252,811,No,Regular,33,3.52,0,564.8
Friday,Sunny,53,74,Eid,Regular,6,3.82,0,9.0
Thursday,Rainy,811,798,No,Regular,29,4.69,0,83.7
Sunday,Cloudy,595,578,No,Regular,24,3.72,0,0.0
Thursday,Sunny,100,76,No,Banquet,7,3.99,0,0.0
Saturday,Sunny,110,211,Diwali,Corporate,9,4.24,0,92.3
Monday,Stormy,622,776,No,Regular,30,4.34,0,323.3
Monday,Sunny,374,401,Christmas,Buffet,18,4.07,0,0.0
Thursday,Sunny,310,116,No,Banquet,7,4.28,0,0.0
Monday,Sunny,155,192,New Year,Regular,10,4.52,0,35.7
Sunday,Sunny,59,88,No,Regular,8,3.58,0,29.5
Monday,Rainy,788,244,No,Corporate,10,3.83,0,0.0
Friday,Rainy,116,180,No,Corporate,11,3.77,0,79.7
Tuesday,Sunny,195,270,No,Regular,11,3.96,0,59.5
Sunday,Rainy,185,124,No,Buffet,5,4.64,0,0.0
Wednesday,Sunny,336,441,No,Regular,16,4.53,0,88.3
Monday,Rainy,890,952,No,Buffet,36,4.08,0,36.4
Monday,Sunny,165,438,No,Buffet,17,4.46,0,254.7
Thursday,Sunny,417,531,No,Regular,20,5.0,0,64.0
Sunday,Rainy,737,1312,No,Corporate,49,3.6,1,631.0
Sunday,Rainy,363,356,No,Buffet,15,3.84,0,0.0
Wednesday,Rainy,909,1400,No,Buffet,52,4.01,1,475.1
Thursday,Cloudy,746,1130,No,Buffet,41,4.28,1,225.7
Monday,Rainy,327,341,No,Buffet,13,4.34,0,21.2
Thursday,Cloudy,69,130,New Year,Regular,6,3.67,0,56.2
Friday,Sunny,89,166,Eid,Regular,9,4.2,0,59.9
Tuesday,Cloudy,223,1086,No,Corporate,42,4.48,0,883.1
Friday,Cloudy,25,20,No,Buffet,4,3.61,1,0.0
Sunday,Cloudy,216,112,No,Regular,9,4.18,1,0.0
Monday,Rainy,37,1083,Eid,Banquet,42,3.86,0,1059.8
Tuesday,Cloudy,102,130,Diwali,Corporate,9,3.51,0,25.0
Tuesday,Sunny,434,434,Eid,Regular,17,4.53,0,0.0
Monday,Sunny,126,924,New Year,Regular,35,4.32,0,792.4
Tuesday,Rainy,94,275,No,Buffet,12,3.74,1,172.0
Friday,Sunny,784,876,No,Regular,36,4.5,0,2.2
Monday,Rainy,665,681,No,Banquet,27,5.0,0,96.7
Saturday,Sunny,366,426,No,Buffet,17,4.16,1,0.0
Sunday,Sunny,797,222,No,Regular,9,3.54,0,0.0
Sunday,Rainy,126,224,No,Regular,13,3.99,0,111.4
Friday,Sunny,535,761,No,Regular,29,3.31,0,174.8
Tuesday,Rainy,275,692,Diwali,Buffet,28,4.07,0,407.6
Monday,Sunny,224,271,No,Regular,12,3.96,0,67.2
Tuesday,Cloudy,268,1170,Diwali,Corporate,44,4.45,0,902.7
Sunday,Cloudy,797,1319,Christmas,Corporate,48,3.87,0,553.0
Sunday,Rainy,125,164,No,Banquet,10,4.5,0,38.8
Wednesday,Sunny,256,554,No,Regular,21,3.78,0,291.8
Wednesday,Sunny,681,742,No,Regular,27,4.07,0,59.2
Thursday,Cloudy,331,708,Eid,Corporate,29,3.53,1,377.6
Wednesday,Stormy,243,552,No,Regular,23,3.67,0,375.9
Sunday,Rainy,120,149,No,Regular,10,4.45,0,46.0
Tuesday,Rainy,128,158,No,Banquet,9,4.57,0,35.7
Wednesday,Cloudy,422,422,Diwali,Corporate,16,3.85,0,30.8
Thursday,Cloudy,171,206,No,Corporate,8,4.34,0,55.3
Monday,Rainy,118,384,No,Regular,14,4.45,0,293.4
Wednesday,Rainy,767,1290,No,Buffet,48,3.67,0,622.2
Saturday,Rainy,945,1064,No,Buffet,42,4.31,0,122.1
Tuesday,Rainy,128,33,Christmas,Buffet,4,4.13,0,0.0
Friday,Rainy,69,139,No,Regular,6,4.27,0,80.6
Wednesday,Sunny,698,706,Diwali,Corporate,27,4.07,0,0.0
Tuesday,Sunny,805,1400,No,Regular,52,3.23,0,621.2
Monday,Stormy,834,1380,No,Buffet,52,4.19,0,782.0
Tuesday,Cloudy,394,573,No,Corporate,22,4.05,0,205.8
Monday,Sunny,576,659,No,Corporate,24,3.98,0,133.1
Wednesday,Cloudy,71,119,No,Regular,5,3.43,0,52.3
Saturday,Cloudy,84,84,No,Buffet,6,4.54,0,0.0
Friday,Rainy,90,46,Eid,Buffet,6,4.14,0,0.0
Sunday,Rainy,153,174,Christmas,Regular,9,3.27,0,17.7
Thursday,Sunny,106,105,No,Regular,8,4.69,0,3.2
Friday,Sunny,223,266,No,Buffet,12,4.3,0,8.1
Friday,Sunny,91,863,New Year,Corporate,32,4.51,0,759.6
Tuesday,Rainy,479,458,No,Banquet,17,4.0,0,0.0
Wednesday,Sunny,940,1153,No,Regular,42,4.11,0,189.4
Thursday,Cloudy,750,482,No,Regular,20,4.57,0,0.0
Saturday,Cloudy,418,1174,No,Regular,44,4.3,0,747.6
Thursday,Cloudy,41,33,No,Banquet,6,4.06,0,0.0
Tuesday,Cloudy,71,189,No,Corporate,7,3.85,0,122.3
Sunday,Cloudy,494,994,No,Banquet,37,3.04,0,499.4
Monday,Cloudy,328,1257,No,Buffet,46,4.5,1,890.2
Sunday,Sunny,836,845,No,Regular,31,4.52,0,0.0
Saturday,Sunny,558,536,No,Buffet,20,4.43,0,0.0
Saturday,Cloudy,99,143,No,Regular,10,4.6,0,35.3
Saturday,Sunny,23,89,No,Regular,4,3.73,0,64.9
Tuesday,Rainy,34,628,No,Regular,27,3.97,0,592.6
Friday,Sunny,640,780,No,Regular,31,3.92,0,81.9
Saturday,Rainy,142,227,No,Regular,11,3.3,1,78.5
Saturday,Sunny,923,1081,No,Banquet,39,3.87,1,0.0
Tuesday,Rainy,199,738,No,Corporate,31,4.19,0,579.9
Tuesday,Sunny,496,633,No,Corporate,27,4.56,0,170.8
Wednesday,Cloudy,726,460,No,Regular,21,4.34,0,0.0
Thursday,Sunny,417,752,No,Corporate,28,3.86,0,352.4
Friday,Cloudy,510,652,No,Regular,24,4.52,0,121.9
Saturday,Sunny,131,904,No,Regular,35,4.25,0,771.2
Saturday,Rainy,769,828,No,Regular,31,3.43,1,62.2
Friday,Cloudy,884,1285,Eid,Regular,46,4.21,0,296.7
Tuesday,Stormy,96,134,No,Corporate,7,4.46,0,64.5
Thursday,Cloudy,331,329,No,Corporate,12,4.36,0,29.3
Wednesday,Cloudy,419,510,Diwali,Regular,22,3.64,0,50.2
Tuesday,Rainy,35,77,No,Buffet,4,3.74,1,40.5
Monday,Sunny,251,384,No,Regular,18,5.0,0,134.0
Wednesday,Cloudy,427,582,New Year,Regular,24,3.75,1,94.5
Tuesday,Sunny,537,1063,No,Buffet,40,4.16,1,395.9
Friday,Rainy,417,402,No,Corporate,18,3.08,0,49.3
Monday,Sunny,199,335,No,Corporate,12,4.69,0,157.9
Tuesday,Sunny,586,623,New Year,Regular,27,4.47,1,0.0
Monday,Cloudy,722,1400,No,Buffet,51,4.86,0,672.9
Friday,Cloudy,53,30,Diwali,Regular,5,3.69,0,0.0
Thursday,Sunny,121,147,No,Regular,10,4.65,0,25.6
Wednesday,Cloudy,115,203,No,Regular,10,3.7,0,95.4
Tuesday,Rainy,681,251,No,Regular,11,4.79,0,0.0
Sunday,Sunny,161,53,Diwali,Regular,4,3.12,0,0.0
Friday,Sunny,49,96,No,Regular,4,4.57,1,41.9
Friday,Stormy,447,803,Christmas,Buffet,32,4.15,0,401.6
Thursday,Rainy,404,595,No,Regular,25,4.42,0,215.8
Saturday,Sunny,253,888,Christmas,Regular,34,4.37,0,555.0
Sunday,Cloudy,341,1221,No,Banquet,47,4.33,1,831.2
Wednesday,Sunny,161,101,No,Corporate,5,5.0,0,0.0
Friday,Stormy,212,302,No,Regular,13,4.91,0,129.8
Tuesday,Sunny,547,266,No,Regular,11,4.38,0,0.0
Friday,Sunny,181,68,No,Regular,7,4.23,0,0.0
Wednesday,Sunny,159,78,No,Banquet,6,4.76,0,0.0
Monday,Cloudy,28,33,New Year,Regular,4,4.79,1,3.2
Sunday,Sunny,587,757,No,Regular,30,4.19,0,83.9
Sunday,Rainy,141,225,No,Corporate,12,4.17,0,107.8
Wednesday,Cloudy,199,148,No,Buffet,6,3.74,1,0.0
Sunday,Cloudy,730,1400,No,Regular,52,4.28,0,600.9
Wednesday,Rainy,167,165,No,Regular,8,4.24,0,20.0
Thursday,Sunny,114,148,New Year,Regular,8,4.56,0,23.8
Saturday,Sunny,770,229,No,Regular,10,4.91,0,0.0
Wednesday,Sunny,481,1093,No,Regular,44,4.66,0,610.1
Thursday,Rainy,540,627,No,Corporate,23,4.59,1,158.9
Friday,Sunny,824,972,No,Corporate,38,4.05,0,131.5
Monday,Rainy,663,1400,No,Buffet,52,3.97,0,792.2
Thursday,Cloudy,179,231,Diwali,Buffet,11,4.46,0,12.6
Wednesday,Cloudy,197,210,No,Buffet,11,4.39,1,0.0
Friday,Cloudy,950,1180,No,Regular,45,4.44,0,187.3
Monday,Sunny,930,1400,No,Corporate,52,3.73,0,617.9
Tuesday,Sunny,106,159,Christmas,Regular,9,3.73,0,49.4
Friday,Rainy,321,603,No,Regular,25,3.93,1,257.6
Tuesday,Sunny,134,286,No,Regular,15,4.44,0,150.1
Thursday,Cloudy,779,1109,No,Corporate,42,4.14,1,425.7
Friday,Stormy,361,378,No,Buffet,17,4.78,0,19.6
Saturday,Sunny,398,136,No,Buffet,7,3.71,0,0.0
Monday,Sunny,504,524,No,Buffet,22,3.72,1,0.0
Saturday,Sunny,185,188,No,Corporate,7,4.04,0,16.3
Saturday,Sunny,197,124,No,Regular,6,3.9,0,0.0
Wednesday,Stormy,156,163,Diwali,Regular,6,3.79,0,32.5
Saturday,Stormy,76,75,No,Corporate,4,4.16,0,19.2
Saturday,Sunny,34,77,No,Buffet,4,4.18,0,41.1
Friday,Stormy,206,287,No,Regular,13,3.6,0,135.8
Thursday,Sunny,25,1304,No,Regular,48,3.88,0,1277.7
Saturday,Stormy,558,1400,No,Banquet,52,4.43,0,977.4
Sunday,Rainy,217,344,No,Regular,16,4.01,0,147.2
Friday,Sunny,435,263,No,Corporate,14,3.78,1,0.0
Saturday,Cloudy,148,973,No,Corporate,38,3.97,0,835.8
Saturday,Rainy,357,519,No,Corporate,21,3.61,0,215.1
Saturday,Sunny,230,76,No,Regular,4,4.87,0,0.0
Sunday,Sunny,624,850,No,Buffet,32,4.49,0,79.6
Tuesday,Cloudy,99,985,No,Regular,38,5.0,0,889.4
Tuesday,Sunny,117,145,No,Regular,8,4.16,0,17.4
Friday,Sunny,69,210,No,Regular,12,3.97,0,137.4
Thursday,Sunny,192,314,No,Regular,12,3.76,0,126.3
Friday,Rainy,34,80,New Year,Regular,7,4.31,1,42.3
Saturday,Sunny,124,214,No,Buffet,10,3.93,1,62.3
Sunday,Cloudy,699,712,No,Regular,27,3.72,0,1.6
Wednesday,Sunny,668,1195,Diwali,Regular,45,4.68,0,445.5
Friday,Sunny,440,477,No,Regular,21,4.14,0,0.0
Tuesday,Cloudy,400,484,No,Buffet,20,4.23,0,26.7
Thursday,Sunny,849,1400,Eid,Regular,52,4.21,0,476.2
Monday,Cloudy,124,165,No,Corporate,10,4.29,0,53.7
Thursday,Sunny,184,223,No,Regular,9,3.39,1,29.9
Thursday,Cloudy,346,422,No,Buffet,18,3.64,0,60.1
Saturday,Sunny,443,442,No,Corporate,19,4.89,0,0.0
Friday,Rainy,245,583,No,Buffet,23,4.1,0,343.0
Wednesday,Sunny,766,489,No,Buffet,20,4.29,0,0.0
Monday,Rainy,407,487,No,Banquet,21,4.45,0,143.5
Monday,Sunny,634,1114,No,Regular,43,3.96,0,515.2
Sunday,Sunny,286,451,Christmas,Regular,21,3.67,0,97.5
Sunday,Cloudy,202,638,New Year,Banquet,27,3.55,0,403.1
Wednesday,Sunny,935,1394,No,Corporate,52,3.7,0,562.6
Tuesday,Sunny,249,273,No,Buffet,10,3.83,0,0.0
Thursday,Rainy,269,1259,No,Regular,45,3.8,0,1021.3
Friday,Rainy,164,211,Diwali,Regular,12,3.58,0,50.1
Wednesday,Cloudy,903,821,Christmas,Corporate,32,4.51,0,0.0
Monday,Stormy,267,351,No,Buffet,13,4.74,0,133.9
Wednesday,Cloudy,489,762,No,Regular,28,3.73,0,311.7
Tuesday,Sunny,788,884,No,Regular,32,3.4,0,92.6
Wednesday,Rainy,599,1400,No,Corporate,51,4.14,0,890.8
Tuesday,Sunny,903,1265,No,Buffet,50,4.76,0,201.5
Friday,Sunny,123,466,No,Banquet,21,3.56,0,325.0
Thursday,Sunny,197,687,No,Regular,25,3.57,1,468.7
Tuesday,Sunny,155,179,No,Regular,8,3.13,1,24.9
Thursday,Sunny,282,321,No,Regular,16,4.23,0,41.3
Thursday,Sunny,487,1377,New Year,Buffet,51,3.7,0,798.5
Saturday,Cloudy,87,146,No,Regular,9,4.49,0,49.3
Sunday,Rainy,388,1151,Diwali,Regular,44,4.42,0,711.9
Monday,Stormy,330,219,No,Regular,10,4.75,0,0.0
Sunday,Sunny,829,254,No,Regular,11,4.58,0,0.0
Friday,Sunny,406,636,No,Corporate,24,3.45,1,211.2
Friday,Cloudy,110,76,No,Regular,4,4.0,0,0.0
Wednesday,Sunny,154,547,Diwali,Buffet,20,4.6,0,336.0
Wednesday,Sunny,574,181,No,Buffet,10,3.55,0,0.0
Monday,Cloudy,222,1101,Christmas,Regular,44,3.96,0,880.6
Sunday,Rainy,579,734,No,Buffet,28,4.15,0,172.1
Friday,Sunny,630,1400,No,Corporate,52,4.1,0,783.2
Wednesday,Cloudy,61,130,No,Buffet,5,4.24,0,62.5
Thursday,Cloudy,55,84,No,Buffet,6,3.83,0,35.0
Monday,Rainy,24,49,No,Corporate,5,3.73,0,29.7
Tuesday,Sunny,42,99,No,Banquet,5,4.31,0,50.8
Friday,Rainy,445,1145,No,Corporate,45,4.04,1,728.8
Thursday,Rainy,76,154,New Year,Regular,6,5.0,0,79.9
Saturday,Sunny,403,502,No,Buffet,18,3.65,0,21.3
Friday,Cloudy,312,1304,Diwali,Buffet,49,4.1,1,854.5
Friday,Cloudy,244,253,No,Regular,12,3.56,1,0.4
Saturday,Sunny,784,584,No,Regular,21,4.27,1,0.0
Monday,Sunny,230,389,Eid,Corporate,15,4.03,0,153.1
Friday,Sunny,165,170,No,Regular,10,4.34,1,0.0
Friday,Rainy,459,478,No,Banquet,18,3.82,0,29.9
Tuesday,Sunny,85,158,Eid,Banquet,8,3.35,0,56.7
Tuesday,Cloudy,219,737,Christmas,Regular,28,4.66,0,486.0
Tuesday,Sunny,435,915,No,Regular,33,4.5,1,437.1
Tuesday,Cloudy,900,1006,Eid,Banquet,40,4.52,1,0.0
Thursday,Cloudy,270,338,No,Regular,13,4.49,0,73.9
Monday,Cloudy,78,97,No,Corporate,5,4.16,0,34.9
Friday,Cloudy,79,111,No,Regular,5,4.38,0,28.9
Monday,Sunny,469,885,No,Regular,32,3.74,0,436.6
Monday,Sunny,563,655,No,Regular,27,3.94,0,91.8
Wednesday,Rainy,163,63,No,Regular,6,4.6,0,0.0
Tuesday,Sunny,331,844,No,Banquet,32,4.97,0,499.0
Sunday,Rainy,48,104,Diwali,Regular,8,4.26,0,56.6
Wednesday,Cloudy,184,240,Eid,Regular,9,2.73,1,35.7
Tuesday,Rainy,108,151,Eid,Buffet,7,4.27,1,15.1
Tuesday,Sunny,78,28,No,Banquet,4,4.72,0,0.0
Wednesday,Cloudy,151,162,Christmas,Regular,8,3.99,0,0.0
Friday,Sunny,89,150,No,Corporate,6,3.7,0,55.3
Saturday,Rainy,97,120,No,Regular,5,4.52,0,17.8
Wednesday,Cloudy,84,252,No,Corporate,14,3.97,0,179.9
Friday,Cloudy,92,333,No,Corporate,16,3.97,0,242.8
Thursday,Cloudy,275,467,No,Banquet,17,3.42,0,191.9
Saturday,Sunny,374,397,No,Buffet,19,3.43,1,0.0
Thursday,Cloudy,474,459,New Year,Banquet,18,4.47,0,0.0
Wednesday,Rainy,203,266,No,Regular,14,3.6,0,83.9
Friday,Sunny,373,851,No,Corporate,31,4.86,0,479.6
Saturday,Stormy,82,140,No,Corporate,6,4.96,0,76.3
Thursday,Rainy,431,503,No,Regular,20,3.68,0,132.0
Sunday,Stormy,478,327,New Year,Banquet,13,3.83,0,0.0
Sunday,Rainy,503,660,No,Corporate,25,4.42,0,211.8
Tuesday,Sunny,248,310,No,Corporate,12,4.76,0,73.9
Saturday,Cloudy,808,551,No,Regular,21,4.19,1,0.0
Friday,Sunny,164,1157,No,Corporate,42,3.85,0,992.8
Thursday,Rainy,705,919,No,Regular,34,3.96,0,268.8
Thursday,Sunny,485,946,No,Banquet,36,4.17,1,379.5
Saturday,Rainy,536,936,No,Regular,34,3.89,1,403.7
Friday,Sunny,704,298,No,Buffet,13,4.63,1,0.0
Thursday,Sunny,454,532,Diwali,Regular,23,3.83,0,33.6
Monday,Sunny,518,672,No,Buffet,29,4.31,0,116.6
Thursday,Cloudy,69,136,No,Regular,5,4.44,0,63.1
Sunday,Sunny,926,1067,No,Corporate,42,4.12,1,157.5
Friday,Sunny,239,389,No,Corporate,17,4.02,0,145.1
Monday,Sunny,198,232,No,Regular,9,4.11,1,42.7
Sunday,Sunny,86,74,No,Corporate,4,3.75,0,0.0
Saturday,Stormy,889,1066,No,Buffet,39,4.45,0,260.6
Thursday,Cloudy,703,357,No,Regular,14,4.07,1,0.0
Monday,Sunny,337,400,No,Regular,19,4.01,1,48.5
Thursday,Sunny,109,59,No,Regular,4,3.66,0,0.0
Monday,Sunny,233,276,No,Regular,14,4.94,0,45.3
Wednesday,Sunny,348,411,No,Buffet,17,4.48,0,0.0
Friday,Sunny,871,923,Christmas,Buffet,33,3.51,0,0.0
Sunday,Sunny,186,70,No,Regular,4,4.36,0,0.0
Wednesday,Sunny,475,622,No,Banquet,27,3.86,0,124.2
Sunday,Sunny,134,37,No,Regular,4,3.74,0,0.0
Sunday,Rainy,908,1206,No,Corporate,46,3.81,0,455.2
Monday,Sunny,294,790,Christmas,Corporate,31,4.34,0,508.0
Tuesday,Cloudy,514,697,No,Corporate,28,4.06,0,248.3
Friday,Cloudy,200,278,No,Buffet,11,4.1,0,52.7
Saturday,Rainy,221,171,No,Regular,9,4.24,0,0.0
Wednesday,Sunny,32,46,No,Corporate,4,4.51,0,12.1
Friday,Rainy,764,1294,Diwali,Corporate,50,5.0,0,473.3
Friday,Rainy,42,20,Diwali,Corporate,5,4.01,0,0.0
Saturday,Stormy,383,216,No,Regular,9,3.94,0,0.0
Friday,Rainy,409,530,No,Buffet,23,4.16,0,125.4
Monday,Sunny,36,53,No,Regular,4,4.42,0,17.4
Tuesday,Stormy,600,802,No,Buffet,30,4.58,0,273.7
Monday,Rainy,635,622,No,Corporate,23,3.7,0,125.8
Sunday,Sunny,188,143,Christmas,Regular,10,5.0,0,0.0
Sunday,Sunny,415,707,No,Regular,27,3.63,0,265.3
Saturday,Stormy,22,110,No,Regular,7,4.49,0,93.4
Monday,Sunny,478,153,No,Regular,6,4.44,0,0.0
Friday,Rainy,786,1168,No,Regular,46,3.53,1,456.3
Tuesday,Sunny,128,232,Christmas,Regular,12,4.23,1,63.9
Wednesday,Cloudy,567,545,No,Regular,20,3.39,1,0.0
Tuesday,Sunny,252,254,Eid,Buffet,10,3.77,0,0.0
Saturday,Cloudy,49,69,No,Corporate,5,4.09,0,18.8
Tuesday,Cloudy,366,479,No,Regular,19,4.18,0,131.0
Friday,Rainy,430,1387,No,Regular,52,4.64,0,953.2
Sunday,Sunny,914,1400,No,Corporate,51,3.83,0,470.3
Friday,Sunny,721,944,No,Regular,37,4.27,0,171.5
Monday,Sunny,480,663,No,Regular,27,4.51,1,133.6
Sunday,Sunny,892,1400,No,Buffet,52,4.1,1,291.1
Friday,Stormy,208,387,No,Banquet,16,4.12,0,221.8
Thursday,Sunny,461,529,No,Regular,21,3.51,1,42.8
Friday,Sunny,508,1074,No,Banquet,40,3.44,1,441.8
Sunday,Rainy,165,104,No,Regular,7,3.77,0,0.0
Thursday,Sunny,58,82,No,Regular,5,4.7,0,18.4
Thursday,Sunny,857,417,Christmas,Regular,19,4.71,0,0.0
Thursday,Cloudy,344,1089,No,Corporate,39,4.64,0,786.9
Monday,Sunny,208,336,No,Buffet,13,4.28,0,109.1
Saturday,Rainy,651,516,No,Buffet,23,4.34,0,0.0
Monday,Cloudy,190,242,No,Banquet,13,3.95,0,69.0
Wednesday,Sunny,818,1164,Eid,Buffet,43,3.96,0,171.2
Wednesday,Cloudy,736,374,No,Regular,17,3.27,0,0.0
Wednesday,Rainy,237,242,Diwali,Buffet,12,4.21,0,0.0
Wednesday,Sunny,60,55,No,Regular,4,4.32,1,0.0
Friday,Cloudy,759,1318,No,Buffet,52,3.86,0,464.4
Wednesday,Sunny,205,177,No,Corporate,11,4.5,0,0.0
Tuesday,Cloudy,168,374,No,Buffet,14,4.64,0,194.7
Sunday,Cloudy,132,465,Diwali,Regular,19,3.65,0,308.1
Sunday,Sunny,100,48,No,Buffet,5,5.0,0,0.0
Thursday,Sunny,256,1039,No,Regular,42,4.35,0,768.4
Wednesday,Sunny,752,1317,No,Regular,48,4.77,0,476.2
Monday,Cloudy,189,203,No,Buffet,10,3.83,0,9.6
Monday,Cloudy,285,287,Diwali,Regular,15,4.73,0,10.8
Wednesday,Sunny,717,949,No,Regular,36,4.4,0,217.0
Sunday,Sunny,256,335,New Year,Buffet,13,4.0,1,0.0
Saturday,Stormy,33,36,No,Regular,4,3.66,0,9.1
Wednesday,Sunny,700,1005,Eid,Regular,37,4.12,0,224.4
Sunday,Sunny,333,1280,No,Banquet,49,4.45,0,931.0
Thursday,Sunny,449,117,Christmas,Regular,6,4.15,0,0.0
Tuesday,Cloudy,938,1400,No,Regular,51,4.16,0,476.0
Thursday,Sunny,200,231,No,Corporate,13,3.92,1,24.7
Tuesday,Rainy,450,607,No,Regular,22,3.56,0,197.3
Sunday,Cloudy,934,1142,Diwali,Banquet,42,4.19,0,27.5
Wednesday,Sunny,339,511,Diwali,Buffet,21,3.73,0,82.9
Friday,Cloudy,765,1012,No,Buffet,41,4.52,1,60.9
Wednesday,Sunny,130,184,No,Regular,10,4.47,0,35.2
Sunday,Sunny,567,760,No,Regular,32,4.82,0,116.6
Friday,Cloudy,498,298,No,Corporate,13,3.96,0,0.0
Thursday,Sunny,293,917,No,Regular,37,4.1,0,617.3
Monday,Rainy,185,259,No,Corporate,11,3.5,0,116.0
Sunday,Cloudy,149,202,No,Corporate,8,3.89,1,68.9
Thursday,Sunny,113,119,No,Buffet,9,4.12,0,0.0
Wednesday,Stormy,524,777,No,Regular,31,4.15,0,361.4
Sunday,Cloudy,949,976,No,Corporate,35,3.96,1,44.1
Monday,Sunny,83,119,No,Corporate,6,3.86,0,42.0
Wednesday,Cloudy,584,740,No,Regular,27,4.22,0,177.7
Thursday,Stormy,224,223,No,Banquet,10,3.99,0,72.3
Wednesday,Sunny,151,193,No,Regular,10,4.67,0,40.8
Thursday,Sunny,454,786,No,Banquet,29,4.23,0,306.0
Tuesday,Cloudy,812,1400,Christmas,Regular,52,3.9,0,479.5
Monday,Sunny,348,1338,No,Regular,52,4.58,0,980.2
Monday,Sunny,150,157,Diwali,Buffet,9,3.7,0,0.0
Tuesday,Cloudy,459,1049,No,Regular,39,3.96,0,615.4
Sunday,Rainy,362,643,No,Regular,24,3.68,0,331.8
Friday,Cloudy,477,605,No,Regular,26,4.01,0,137.9
Thursday,Sunny,25,48,New Year,Corporate,4,4.7,1,18.4
Wednesday,Sunny,233,224,No,Regular,9,4.2,0,0.0
Friday,Sunny,20,89,No,Buffet,6,3.39,0,63.9
Tuesday,Sunny,267,646,No,Buffet,27,3.96,1,336.9
Tuesday,Cloudy,429,446,No,Buffet,19,4.23,0,0.0
Friday,Sunny,820,275,No,Regular,13,4.24,1,0.0
Thursday,Rainy,122,158,No,Regular,9,4.05,0,58.4
Saturday,Cloudy,44,20,No,Banquet,4,4.44,0,0.0
Sunday,Cloudy,438,520,No,Corporate,21,4.37,1,73.9
Saturday,Rainy,485,513,No,Banquet,21,4.06,0,60.3
Tuesday,Cloudy,461,260,Eid,Corporate,14,4.22,1,0.0
Monday,Rainy,267,283,Diwali,Corporate,12,4.06,0,70.3
Tuesday,Rainy,27,53,No,Banquet,4,4.14,0,25.9
Saturday,Cloudy,872,627,No,Buffet,24,4.2,0,0.0
Sunday,Sunny,387,479,No,Banquet,19,4.55,0,37.3
Sunday,Sunny,638,754,No,Regular,30,4.32,0,57.2
Wednesday,Rainy,482,504,No,Regular,21,4.12,0,89.5
Saturday,Sunny,786,340,No,Buffet,16,3.95,0,0.0
Thursday,Stormy,706,677,No,Buffet,25,4.4,0,70.7
Saturday,Sunny,31,156,No,Regular,9,4.25,0,121.3
Thursday,Cloudy,78,120,No,Buffet,9,4.08,0,40.2
Tuesday,Sunny,106,185,Eid,Buffet,11,3.99,0,38.8
Monday,Stormy,597,797,Christmas,Corporate,31,4.15,0,374.2
Sunday,Sunny,243,280,No,Regular,14,3.84,1,4.5
Thursday,Sunny,187,260,No,Regular,13,3.51,0,70.1
Wednesday,Rainy,327,368,No,Buffet,15,4.78,0,54.2
Wednesday,Sunny,317,580,No,Buffet,22,4.79,0,230.5
Wednesday,Sunny,393,1157,Eid,Corporate,46,4.18,0,773.8
Sunday,Rainy,220,699,No,Regular,29,4.35,0,491.8
Monday,Rainy,308,449,No,Regular,21,4.03,0,213.7
Monday,Sunny,78,75,No,Banquet,7,4.34,0,0.0
Saturday,Cloudy,75,112,No,Regular,7,4.17,1,21.4
Thursday,Sunny,828,1106,No,Buffet,41,4.21,0,137.9
Monday,Sunny,838,854,No,Regular,35,3.72,0,63.6
Monday,Cloudy,734,1136,No,Regular,43,4.88,0,410.6
Tuesday,Sunny,355,511,No,Corporate,23,3.66,0,170.1
Tuesday,Cloudy,39,20,No,Regular,4,4.48,0,0.0
Monday,Sunny,354,416,No,Regular,18,3.79,0,88.1
Tuesday,Rainy,60,97,No,Corporate,7,3.3,0,57.2
Saturday,Cloudy,882,853,No,Regular,35,4.53,0,0.0
Saturday,Sunny,780,835,No,Regular,30,4.2,0,0.0
Sunday,Stormy,839,792,No,Buffet,29,3.56,1,66.1
Wednesday,Rainy,838,1084,No,Regular,40,4.41,0,302.5
Wednesday,Sunny,175,242,No,Buffet,10,3.98,1,34.8
Sunday,Stormy,186,341,No,Regular,15,4.9,1,186.6
Saturday,Sunny,894,1034,No,Regular,37,3.54,0,121.2
Thursday,Sunny,327,1165,Diwali,Regular,44,3.87,1,782.5
Tuesday,Sunny,788,757,No,Banquet,28,4.48,1,0.0
Wednesday,Sunny,280,302,No,Regular,14,3.96,0,25.2
Thursday,Cloudy,211,226,No,Banquet,12,3.79,0,14.6
Thursday,Cloudy,432,498,Eid,Regular,22,4.23,0,27.8
Monday,Rainy,143,232,No,Regular,10,4.6,0,111.3
Sunday,Sunny,297,386,No,Corporate,14,4.11,0,77.1
Friday,Sunny,60,130,No,Regular,6,4.04,0,68.7
Friday,Sunny,353,383,Diwali,Buffet,17,3.82,0,0.0
Tuesday,Sunny,391,865,No,Banquet,33,3.94,0,474.4
Saturday,Stormy,64,123,No,Corporate,6,3.67,0,75.4
Saturday,Cloudy,529,1018,No,Buffet,37,4.65,0,407.1
Monday,Rainy,136,178,No,Buffet,7,4.43,0,66.5
Friday,Rainy,933,637,No,Regular,27,3.59,1,0.0
Friday,Sunny,28,71,No,Corporate,7,3.89,0,41.6
Saturday,Sunny,404,540,No,Regular,24,4.45,0,102.9
Tuesday,Sunny,267,336,New Year,Regular,15,4.41,0,8.9
Sunday,Rainy,933,780,No,Buffet,28,4.09,1,0.0
Thursday,Sunny,159,152,No,Regular,9,4.03,0,0.0
Monday,Sunny,340,389,No,Corporate,16,4.13,1,46.1
Monday,Cloudy,234,102,No,Regular,7,3.94,0,0.0
Tuesday,Sunny,491,611,Diwali,Regular,24,4.58,0,0.0
Wednesday,Cloudy,464,446,No,Buffet,17,4.43,1,0.0
Thursday,Sunny,457,589,No,Buffet,25,4.25,1,68.1
Saturday,Cloudy,828,827,No,Banquet,34,3.67,0,0.0
Tuesday,Sunny,424,1149,No,Regular,43,3.87,0,730.3
Sunday,Rainy,923,1400,Christmas,Regular,52,3.87,0,455.6
Tuesday,Cloudy,29,31,No,Regular,4,3.98,0,4.9
Friday,Sunny,137,146,Eid,Regular,9,4.21,0,0.0
Sunday,Rainy,499,978,No,Regular,35,4.79,0,511.5
Saturday,Rainy,485,281,No,Corporate,14,4.21,0,0.0
Friday,Cloudy,61,88,No,Regular,7,3.55,0,29.4
Friday,Stormy,212,591,New Year,Banquet,23,4.42,0,404.5
Monday,Rainy,593,1400,No,Buffet,52,3.56,0,891.5
Monday,Sunny,366,393,No,Buffet,16,4.32,0,0.0
Thursday,Sunny,323,664,No,Regular,27,3.95,0,322.5
Monday,Sunny,51,33,No,Regular,4,4.37,0,0.0
Wednesday,Cloudy,85,310,No,Regular,14,4.35,0,224.6
Tuesday,Stormy,162,159,No,Buffet,8,4.2,0,30.7
Sunday,Cloudy,24,29,Christmas,Buffet,5,3.69,0,0.0
Sunday,Sunny,425,694,No,Regular,29,3.87,0,232.3
Saturday,Stormy,73,95,Christmas,Regular,7,4.34,0,25.4
Friday,Cloudy,189,327,No,Banquet,13,4.2,0,122.2
Tuesday,Sunny,476,699,No,Regular,26,4.89,0,210.3
Monday,Rainy,904,1149,No,Regular,44,4.19,0,407.5
Friday,Sunny,394,971,No,Regular,38,4.46,0,527.1
Friday,Cloudy,21,39,No,Regular,4,3.96,0,15.2
Wednesday,Cloudy,558,1400,No,Regular,52,3.77,0,872.9
Thursday,Stormy,787,1119,No,Buffet,43,4.61,0,405.8
Thursday,Sunny,235,398,No,Buffet,15,3.83,0,131.2
Tuesday,Sunny,163,505,No,Buffet,23,3.53,1,317.0
Wednesday,Cloudy,731,778,No,Regular,32,3.56,0,79.8
Wednesday,Rainy,496,499,No,Regular,18,4.28,1,0.0
Friday,Sunny,433,516,New Year,Corporate,22,3.84,0,67.7
Sunday,Sunny,305,196,No,Regular,10,3.49,0,0.0
Thursday,Stormy,110,315,Christmas,Regular,15,4.93,0,214.9
Saturday,Rainy,131,206,New Year,Buffet,11,3.2,0,71.2
Saturday,Sunny,99,122,Eid,Buffet,6,3.95,0,0.0
Monday,Sunny,43,1179,No,Regular,47,4.8,0,1134.8
Friday,Cloudy,882,1375,No,Banquet,52,4.14,0,424.9
Thursday,Cloudy,741,1055,No,Regular,41,5.0,0,309.4
Friday,Cloudy,124,61,No,Banquet,4,4.45,0,0.0
Monday,Rainy,106,104,No,Regular,5,3.62,0,20.2
Sunday,Sunny,432,132,No,Corporate,6,4.44,1,0.0
Sunday,Rainy,421,448,No,Regular,18,3.88,0,78.1
Monday,Sunny,773,989,Diwali,Corporate,37,4.01,1,125.8
Tuesday,Rainy,643,770,No,Buffet,31,3.7,0,117.6
Tuesday,Sunny,365,1145,Christmas,Corporate,44,3.85,0,782.3
Saturday,Sunny,130,433,No,Corporate,17,4.42,0,302.2
Friday,Sunny,722,940,Diwali,Buffet,35,3.74,0,0.0
Tuesday,Sunny,332,402,No,Regular,18,3.31,0,69.1
Saturday,Sunny,166,233,Christmas,Regular,9,4.29,0,19.2
Wednesday,Cloudy,666,708,No,Banquet,28,4.02,1,0.0
Thursday,Rainy,255,437,Diwali,Banquet,17,4.51,0,148.2
Wednesday,Cloudy,139,56,No,Regular,5,3.8,0,0.0
Thursday,Cloudy,919,1061,No,Regular,40,4.55,0,132.8
Thursday,Sunny,72,78,No,Regular,4,4.42,0,4.1
Tuesday,Rainy,147,236,No,Regular,10,4.34,1,75.9
Thursday,Sunny,259,325,Eid,Regular,14,3.55,0,45.2
Sunday,Sunny,133,33,No,Corporate,5,4.09,0,0.0
Thursday,Sunny,745,1088,No,Regular,43,4.5,1,297.1
Sunday,Sunny,594,383,No,Banquet,14,3.89,1,0.0
Thursday,Cloudy,521,304,New Year,Banquet,14,3.24,0,0.0
Saturday,Sunny,96,211,No,Regular,11,3.84,0,110.0
Wednesday,Sunny,884,396,Christmas,Buffet,15,3.72,0,0.0
Saturday,Rainy,102,248,No,Buffet,10,3.87,0,155.7
Tuesday,Sunny,189,299,No,Regular,11,3.51,0,116.9
Monday,Cloudy,78,102,No,Corporate,4,4.45,0,32.2
Tuesday,Sunny,781,967,No,Buffet,36,4.38,1,28.0
Monday,Rainy,132,211,Christmas,Regular,9,3.74,0,78.6
Sunday,Cloudy,399,345,No,Banquet,16,3.94,0,0.0
Sunday,Sunny,699,1134,Eid,Regular,41,3.75,0,336.7
Saturday,Rainy,207,271,New Year,Regular,10,4.32,0,35.9
Monday,Sunny,629,792,No,Banquet,33,3.7,0,192.5
Sunday,Sunny,241,247,No,Regular,11,3.76,0,1.4
Saturday,Cloudy,26,31,No,Regular,4,4.16,0,3.4
Wednesday,Cloudy,377,213,No,Regular,12,3.76,0,0.0
Thursday,Sunny,632,738,Diwali,Regular,31,4.82,0,21.0
Friday,Sunny,80,87,No,Regular,4,3.82,0,0.0
Monday,Sunny,780,1094,No,Buffet,41,4.43,0,228.0
Thursday,Cloudy,332,752,No,Regular,29,4.49,0,434.3
Saturday,Stormy,344,1220,Diwali,Buffet,44,3.53,0,920.6
Tuesday,Sunny,33,28,No,Regular,5,4.01,0,0.0
Thursday,Stormy,449,475,No,Regular,17,3.75,0,151.4
Thursday,Sunny,302,987,No,Banquet,40,4.5,1,615.9
Saturday,Rainy,367,714,Diwali,Corporate,27,4.09,0,400.1
Sunday,Stormy,370,334,No,Corporate,14,4.49,0,57.0
Saturday,Cloudy,194,339,No,Regular,17,4.81,0,130.6
Friday,Sunny,328,156,Diwali,Buffet,8,4.85,0,0.0
Friday,Sunny,23,20,No,Corporate,4,3.67,0,0.0
Friday,Sunny,143,524,No,Banquet,23,3.62,1,367.1
Thursday,Cloudy,728,328,No,Buffet,15,3.62,0,0.0
Monday,Stormy,106,189,No,Buffet,9,4.6,1,101.2
Friday,Sunny,343,778,No,Regular,30,4.44,0,407.1
Friday,Sunny,200,944,No,Regular,37,4.41,0,713.6
Thursday,Sunny,195,193,No,Regular,8,4.35,0,0.0
Sunday,Cloudy,242,1082,No,Regular,39,3.95,0,829.7
Friday,Cloudy,299,299,No,Regular,14,4.16,0,0.0
Wednesday,Sunny,740,1001,No,Regular,39,4.26,0,247.2
Monday,Rainy,787,884,No,Buffet,34,4.17,0,123.1
Monday,Sunny,80,118,No,Buffet,6,3.85,0,39.8
Wednesday,Cloudy,302,310,No,Buffet,12,4.8,0,0.0
Thursday,Sunny,918,1337,Christmas,Regular,48,3.62,0,325.5
Tuesday,Sunny,583,557,No,Buffet,22,3.94,0,0.0
Tuesday,Cloudy,230,577,Diwali,Banquet,21,4.73,0,295.8
Tuesday,Cloudy,784,1021,No,Regular,40,4.51,0,250.9
Saturday,Sunny,290,389,No,Corporate,14,3.59,0,109.7
Saturday,Rainy,253,338,No,Regular,14,3.2,0,123.2
Wednesday,Cloudy,466,694,No,Buffet,29,3.69,0,196.6
Tuesday,Sunny,839,648,New Year,Buffet,25,4.17,0,0.0
Monday,Stormy,721,838,No,Buffet,32,4.15,0,279.2
Monday,Stormy,146,144,No,Banquet,9,4.11,0,37.2
Wednesday,Sunny,32,118,No,Regular,5,4.36,1,78.4
Monday,Stormy,380,605,No,Corporate,23,4.13,1,355.3
Wednesday,Rainy,480,470,No,Banquet,19,4.52,1,19.8
Sunday,Sunny,378,364,No,Corporate,15,4.44,0,0.0
Thursday,Cloudy,678,577,Christmas,Regular,25,3.21,0,0.0
Saturday,Sunny,337,331,No,Regular,15,4.16,0,0.0
Monday,Cloudy,738,312,No,Banquet,12,4.03,0,0.0
Tuesday,Stormy,141,410,No,Corporate,19,4.24,0,327.9
Sunday,Sunny,83,117,No,Banquet,6,4.02,0,29.9
Wednesday,Cloudy,817,308,No,Regular,12,3.44,0,0.0
Friday,Sunny,322,865,No,Corporate,34,4.31,1,506.2
Sunday,Cloudy,243,284,New Year,Corporate,12,4.41,1,7.4
Thursday,Rainy,39,60,No,Corporate,4,3.34,0,34.7
Wednesday,Sunny,655,945,No,Buffet,34,4.85,0,143.4
Thursday,Cloudy,58,40,No,Regular,5,4.51,1,0.0
Monday,Sunny,571,557,No,Buffet,22,3.74,0,0.0
Monday,Rainy,84,940,No,Buffet,36,3.66,0,879.7
Monday,Cloudy,125,154,No,Regular,7,4.2,0,36.5
Sunday,Cloudy,213,263,Diwali,Regular,11,4.17,0,26.7
Friday,Sunny,134,192,No,Banquet,11,4.38,0,35.0
Wednesday,Cloudy,538,1400,Christmas,Regular,52,4.33,0,833.0
Tuesday,Cloudy,430,584,Christmas,Regular,25,4.37,1,60.1
Friday,Cloudy,287,439,No,Buffet,18,3.65,0,116.8
Sunday,Cloudy,36,1045,Eid,Banquet,38,4.06,0,1031.0
Wednesday,Rainy,214,269,No,Buffet,12,4.26,0,56.7
Wednesday,Sunny,74,104,No,Regular,8,4.02,0,31.5
Saturday,Sunny,297,761,No,Regular,28,4.39,0,426.1
Sunday,Stormy,526,689,No,Regular,26,4.57,0,273.5
Sunday,Sunny,323,334,No,Regular,14,3.77,0,0.0
Wednesday,Rainy,907,1400,Diwali,Corporate,52,4.11,0,594.5
Monday,Cloudy,573,261,No,Regular,13,3.9,0,0.0
Thursday,Rainy,798,1016,No,Regular,41,3.94,0,336.2
Wednesday,Cloudy,582,1400,No,Corporate,52,3.43,0,908.1
Sunday,Rainy,737,605,New Year,Regular,23,4.29,0,0.0
Monday,Cloudy,385,518,No,Regular,23,5.0,0,166.2
Friday,Cloudy,498,603,No,Buffet,22,4.3,0,16.3
Sunday,Sunny,492,160,No,Regular,9,5.0,0,0.0
Sunday,Sunny,73,77,New Year,Regular,4,4.66,0,0.0
Friday,Sunny,457,433,No,Banquet,16,3.8,0,0.0
Sunday,Stormy,440,519,No,Corporate,20,4.3,0,196.4
Monday,Sunny,87,21,No,Corporate,4,4.45,0,0.0
Wednesday,Rainy,476,594,No,Buffet,26,4.43,0,144.8
Monday,Cloudy,843,826,No,Regular,33,3.82,0,120.5
Sunday,Sunny,401,107,Eid,Corporate,4,4.21,0,0.0
Sunday,Stormy,185,1261,No,Buffet,49,4.82,0,1111.0
Monday,Sunny,234,304,No,Regular,11,3.47,0,74.0
Monday,Cloudy,92,167,New Year,Regular,9,4.55,0,69.2
Wednesday,Cloudy,150,203,No,Buffet,12,4.62,0,43.3
Tuesday,Sunny,54,72,No,Regular,4,3.4,0,17.4
Saturday,Sunny,566,637,No,Regular,25,3.86,1,0.0
Tuesday,Cloudy,722,1400,No,Regular,52,4.0,0,735.8
Saturday,Sunny,312,331,No,Buffet,16,4.49,0,0.0
Thursday,Rainy,425,955,No,Regular,38,4.12,0,601.4
Wednesday,Cloudy,691,798,No,Buffet,30,3.89,0,89.0
Tuesday,Sunny,83,37,New Year,Regular,4,4.15,0,0.0
Sunday,Sunny,56,113,No,Buffet,7,4.3,0,39.2
Friday,Sunny,420,326,No,Regular,14,4.05,0,0.0
Thursday,Rainy,458,1197,No,Regular,47,4.8,0,796.9
Wednesday,Cloudy,844,982,Diwali,Buffet,38,4.13,0,0.0
Sunday,Sunny,755,1400,No,Buffet,52,4.43,0,453.4
Saturday,Cloudy,837,1066,No,Regular,41,3.68,0,238.0
Saturday,Cloudy,765,652,Eid,Buffet,24,4.27,1,0.0
Friday,Cloudy,611,611,No,Corporate,22,3.91,0,21.8
Sunday,Sunny,205,205,Eid,Regular,11,3.91,0,0.0
Wednesday,Sunny,360,367,No,Buffet,14,4.77,1,0.0
Friday,Sunny,420,436,Diwali,Regular,18,3.84,1,0.0
Wednesday,Cloudy,756,631,No,Corporate,26,3.9,0,0.0
Friday,Cloudy,44,58,New Year,Regular,4,3.39,0,6.9
Sunday,Sunny,288,331,No,Banquet,12,3.75,0,0.0
Sunday,Sunny,270,372,No,Buffet,14,3.41,0,43.7
Thursday,Cloudy,382,685,No,Buffet,26,4.61,1,225.2
Friday,Sunny,461,600,No,Regular,24,4.27,0,110.8
Sunday,Cloudy,310,782,No,Buffet,30,4.46,0,413.7
Sunday,Sunny,297,456,No,Regular,17,4.32,1,113.0
Saturday,Sunny,177,247,No,Regular,11,3.72,0,66.7
Monday,Cloudy,72,60,No,Regular,7,4.46,1,0.0
Wednesday,Sunny,238,277,No,Buffet,11,4.04,0,9.4
Sunday,Cloudy,25,20,No,Corporate,4,4.36,0,0.0
Saturday,Sunny,910,1400,No,Banquet,51,2.97,1,326.4
Saturday,Sunny,683,1173,No,Regular,44,3.62,0,456.4
Friday,Cloudy,122,149,No,Banquet,6,3.82,0,24.8
Wednesday,Sunny,178,191,No,Corporate,10,4.25,0,22.9
Wednesday,Cloudy,80,152,No,Corporate,8,3.46,0,77.1
Saturday,Rainy,847,809,No,Corporate,31,5.0,0,9.9
Wednesday,Stormy,78,52,No,Regular,4,4.65,0,0.0
Friday,Sunny,471,597,No,Corporate,23,4.67,1,93.7
Saturday,Sunny,446,1000,No,Buffet,38,4.72,0,467.4
Saturday,Sunny,800,788,No,Corporate,32,4.35,0,0.0
Wednesday,Rainy,400,635,No,Regular,27,3.65,0,312.8
Saturday,Sunny,226,270,No,Regular,10,4.31,1,7.5
Monday,Sunny,313,440,No,Regular,20,3.91,0,140.9
Monday,Rainy,539,528,No,Buffet,21,4.02,1,0.0
Wednesday,Sunny,155,72,No,Regular,5,4.48,1,0.0
Monday,Cloudy,487,1193,No,Banquet,47,3.88,0,715.9
Sunday,Sunny,87,131,New Year,Regular,6,3.86,0,19.1
Sunday,Cloudy,169,960,No,Regular,38,4.52,0,779.4
Monday,Cloudy,361,386,No,Regular,16,3.78,0,31.9
Saturday,Sunny,324,1120,Eid,Regular,42,3.99,0,717.9
Thursday,Cloudy,356,450,No,Regular,18,4.08,0,82.3
Friday,Cloudy,539,872,No,Buffet,36,4.36,0,239.9
Sunday,Sunny,179,131,No,Banquet,8,4.43,1,0.0
Friday,Rainy,277,280,No,Regular,15,3.84,0,40.0
Monday,Rainy,758,1122,No,Regular,44,3.42,0,523.6
Monday,Stormy,440,1282,No,Corporate,47,4.66,0,1004.7
Thursday,Cloudy,443,463,No,Regular,21,3.17,0,42.2
Sunday,Sunny,292,402,New Year,Buffet,19,4.29,0,29.8
Friday,Sunny,355,491,No,Buffet,21,4.1,0,30.3
Wednesday,Sunny,88,122,No,Corporate,7,4.23,0,44.2
Monday,Sunny,140,118,No,Regular,7,4.25,0,0.0
Sunday,Sunny,431,498,No,Banquet,22,4.02,0,13.8
Wednesday,Sunny,588,595,Eid,Banquet,23,4.08,0,0.0
Friday,Sunny,96,125,No,Regular,7,4.26,0,20.3
Friday,Rainy,123,275,No,Buffet,14,4.23,0,145.1
Tuesday,Sunny,368,443,No,Regular,16,2.95,1,68.6
Monday,Cloudy,686,249,No,Regular,11,4.09,0,0.0
Wednesday,Rainy,127,218,Diwali,Banquet,8,4.46,1,70.7
Wednesday,Cloudy,701,713,No,Regular,30,3.82,0,24.0
Friday,Sunny,28,20,No,Regular,4,4.31,1,0.0
Saturday,Cloudy,125,172,No,Regular,9,4.55,0,35.4
Tuesday,Rainy,707,387,Diwali,Buffet,14,4.16,0,0.0
Thursday,Rainy,827,1032,No,Corporate,37,4.17,0,405.5
Monday,Sunny,297,406,No,Buffet,18,3.55,0,87.0
Tuesday,Sunny,127,808,Eid,Buffet,33,4.08,0,660.5
Saturday,Cloudy,478,626,No,Regular,24,4.33,0,111.4
Saturday,Sunny,103,149,No,Buffet,9,3.94,0,33.7
Saturday,Rainy,499,591,Diwali,Regular,22,3.96,0,75.8
Tuesday,Cloudy,666,562,No,Buffet,21,4.34,1,0.0
Thursday,Rainy,245,197,No,Buffet,11,4.27,0,0.0
Thursday,Stormy,168,223,No,Banquet,9,4.32,1,77.3
Sunday,Cloudy,29,67,Eid,Corporate,6,3.46,0,41.7
Friday,Rainy,547,1400,No,Buffet,52,4.3,0,828.5
Sunday,Cloudy,724,581,No,Regular,21,3.45,0,0.0
Tuesday,Sunny,890,1400,No,Regular,52,4.01,0,482.4
Thursday,Rainy,21,36,No,Buffet,4,4.93,0,14.9
Saturday,Cloudy,21,32,No,Buffet,4,4.36,0,8.2
Wednesday,Stormy,427,752,Eid,Buffet,30,4.26,0,312.9
Friday,Sunny,188,311,No,Buffet,14,3.77,0,82.0
Thursday,Sunny,661,482,Eid,Regular,18,4.77,0,0.0
Sunday,Rainy,434,1236,No,Regular,48,4.25,0,796.8
Tuesday,Sunny,423,358,No,Regular,13,3.15,1,0.0
Sunday,Cloudy,111,219,No,Buffet,12,3.83,0,95.0
Wednesday,Cloudy,844,1400,No,Banquet,52,4.23,0,563.7
Thursday,Sunny,91,117,No,Buffet,9,4.03,1,4.1
Thursday,Sunny,709,764,No,Buffet,29,4.57,0,0.0
Tuesday,Rainy,588,709,No,Buffet,26,3.65,0,140.9
Sunday,Sunny,68,57,No,Regular,7,4.19,1,0.0
Sunday,Rainy,746,246,No,Regular,12,3.86,0,0.0
Sunday,Cloudy,173,1323,No,Regular,50,4.19,1,1141.3
Sunday,Cloudy,89,83,New Year,Banquet,4,3.89,1,0.0
Friday,Sunny,342,452,No,Regular,21,4.14,0,61.9
Thursday,Sunny,717,800,No,Buffet,30,4.75,0,0.0
Saturday,Rainy,403,1099,No,Regular,42,3.46,0,714.9
Monday,Sunny,79,111,No,Buffet,7,4.98,1,16.1
Saturday,Sunny,179,177,No,Regular,10,5.0,0,0.0
Thursday,Stormy,441,559,New Year,Banquet,21,3.91,0,192.8
Friday,Sunny,61,215,Eid,Regular,12,4.71,0,141.6
Wednesday,Sunny,119,129,No,Banquet,7,4.5,0,0.0
Wednesday,Stormy,80,79,No,Buffet,4,4.44,0,13.2
Monday,Sunny,189,156,No,Regular,6,3.8,1,0.0
Thursday,Sunny,338,573,Christmas,Corporate,21,3.72,0,243.4
Wednesday,Sunny,829,1370,No,Buffet,49,3.92,0,486.4
Tuesday,Rainy,91,117,No,Regular,7,3.94,1,32.4
Tuesday,Rainy,810,1004,New Year,Buffet,40,3.6,0,80.0
Friday,Rainy,158,201,No,Buffet,11,3.79,0,48.3
Wednesday,Stormy,140,1141,No,Buffet,41,4.54,0,1052.0
Saturday,Sunny,569,726,No,Corporate,28,4.77,1,106.1
Monday,Cloudy,189,180,No,Buffet,8,3.74,1,0.0
Friday,Sunny,407,477,No,Regular,22,5.0,0,20.8
Tuesday,Rainy,139,139,No,Regular,6,3.52,0,17.6
Thursday,Stormy,108,158,No,Regular,7,3.62,0,77.4
Thursday,Sunny,178,595,No,Buffet,25,3.33,0,397.1
Friday,Rainy,526,1400,No,Regular,51,3.36,0,895.6
Thursday,Cloudy,465,763,No,Regular,29,4.6,0,297.1
Thursday,Sunny,138,354,No,Corporate,14,3.92,0,220.2
Tuesday,Cloudy,159,225,No,Regular,11,4.1,0,64.1
Thursday,Stormy,370,394,No,Regular,16,3.97,0,133.9
Wednesday,Sunny,64,95,No,Corporate,8,3.56,0,31.8
Friday,Sunny,561,606,No,Buffet,23,3.37,1,0.0
Thursday,Stormy,279,292,No,Corporate,12,3.16,0,103.7
Saturday,Sunny,801,491,No,Regular,19,3.96,0,0.0
Thursday,Sunny,68,151,Diwali,Buffet,8,4.25,0,69.3
Tuesday,Cloudy,142,1025,No,Banquet,38,3.67,1,883.3
Tuesday,Cloudy,362,478,No,Regular,21,3.11,0,133.9
Monday,Sunny,368,154,No,Regular,6,4.45,1,0.0
Thursday,Sunny,376,1082,No,Regular,39,4.51,0,688.9
Saturday,Rainy,725,780,No,Banquet,30,3.46,0,38.3
Saturday,Cloudy,350,588,No,Regular,24,3.55,0,250.7
Thursday,Cloudy,485,302,No,Buffet,14,4.38,0,0.0
Tuesday,Rainy,136,167,No,Buffet,6,3.24,0,36.1
Sunday,Sunny,329,493,No,Banquet,22,3.47,0,151.8
Monday,Rainy,449,660,New Year,Regular,26,4.67,0,241.4
Wednesday,Rainy,297,288,No,Buffet,12,3.83,0,19.8
Saturday,Stormy,364,702,No,Banquet,29,4.07,0,426.4
Wednesday,Sunny,670,840,No,Regular,34,3.56,0,181.8
Monday,Sunny,41,1151,No,Buffet,46,4.54,0,1131.5
Tuesday,Cloudy,714,1103,No,Regular,42,4.02,0,444.9
Friday,Stormy,501,651,No,Regular,27,4.48,1,224.7
Tuesday,Stormy,389,494,No,Regular,22,3.83,0,205.8
Friday,Sunny,20,20,No,Regular,5,3.57,1,0.0
Thursday,Cloudy,286,370,Christmas,Regular,17,4.0,0,85.8
Wednesday,Sunny,42,65,No,Corporate,4,3.69,0,27.6
Tuesday,Cloudy,754,1322,No,Buffet,48,3.83,1,453.1
Saturday,Rainy,460,1314,No,Regular,47,3.69,0,902.7
Wednesday,Rainy,245,258,No,Buffet,11,3.51,0,10.9
Saturday,Sunny,440,448,No,Banquet,19,4.37,1,0.0
Thursday,Stormy,119,69,No,Regular,6,4.25,0,0.0
Monday,Sunny,217,353,New Year,Regular,13,3.62,0,108.5
Thursday,Cloudy,573,733,No,Regular,30,4.8,0,123.7
Thursday,Cloudy,50,101,No,Corporate,8,3.73,1,57.5
Thursday,Cloudy,149,148,New Year,Corporate,6,4.4,0,0.0
Saturday,Rainy,401,502,No,Buffet,22,2.94,0,103.7
Sunday,Cloudy,442,503,No,Regular,21,3.92,0,35.7
Saturday,Sunny,253,413,No,Buffet,15,3.26,0,117.5
Friday,Sunny,240,308,Diwali,Buffet,12,3.68,0,0.0
Thursday,Cloudy,480,232,No,Regular,12,4.22,0,0.0
Friday,Cloudy,372,577,No,Regular,25,4.17,1,153.5
Wednesday,Cloudy,50,78,No,Regular,6,3.72,1,26.8
Saturday,Sunny,452,1341,No,Buffet,52,4.06,1,774.6
Saturday,Sunny,482,1208,Christmas,Banquet,45,4.17,1,528.2
Tuesday,Rainy,482,862,No,Regular,35,3.78,0,450.4
Sunday,Cloudy,42,28,No,Banquet,6,4.33,0,0.0
Saturday,Cloudy,437,302,No,Buffet,15,4.1,0,0.0
Thursday,Cloudy,29,51,No,Buffet,4,3.82,0,24.4
Sunday,Sunny,144,250,Diwali,Corporate,13,4.81,1,74.4
Monday,Sunny,777,886,No,Buffet,34,3.88,0,60.2
Monday,Sunny,571,791,No,Regular,30,3.6,0,280.1
Wednesday,Cloudy,624,640,No,Regular,26,4.46,0,29.1
Thursday,Sunny,367,110,Eid,Corporate,6,4.31,0,0.0
Wednesday,Sunny,482,647,No,Buffet,25,3.19,1,68.0
Sunday,Stormy,925,941,No,Regular,34,3.22,0,243.6
Tuesday,Sunny,267,368,No,Buffet,18,4.25,0,63.8
Wednesday,Cloudy,792,827,No,Regular,32,3.75,1,44.5
Friday,Sunny,341,570,Christmas,Regular,24,4.17,0,141.2
Monday,Sunny,309,567,No,Corporate,21,3.88,0,291.0
Saturday,Sunny,60,63,No,Regular,4,4.27,0,0.0
Wednesday,Rainy,127,156,No,Regular,9,4.36,0,35.0
Sunday,Cloudy,270,492,No,Regular,19,3.26,0,231.4
Friday,Cloudy,899,1196,No,Banquet,43,3.62,0,257.6
Monday,Stormy,265,718,No,Regular,27,4.72,0,542.6
Monday,Sunny,91,71,No,Regular,7,4.23,0,0.0
Monday,Cloudy,491,293,No,Regular,15,4.34,1,0.0
Sunday,Sunny,40,1233,No,Regular,49,5.0,0,1187.9
Friday,Sunny,724,707,No,Regular,27,4.55,1,0.0
Thursday,Rainy,49,109,Eid,Regular,8,4.1,0,69.0
Tuesday,Sunny,31,77,No,Regular,7,3.57,1,44.6
Sunday,Stormy,273,439,No,Buffet,16,4.62,1,182.0
Tuesday,Cloudy,188,338,Diwali,Regular,14,4.63,0,117.7
Friday,Sunny,826,1310,Diwali,Regular,51,4.18,0,374.7
Saturday,Sunny,299,493,Diwali,Buffet,18,4.9,0,96.8
Wednesday,Cloudy,724,1400,Diwali,Regular,52,4.24,0,624.1
Thursday,Cloudy,282,437,No,Regular,20,4.15,1,152.5
Tuesday,Sunny,33,27,No,Banquet,4,4.62,0,0.0
Wednesday,Cloudy,125,120,Eid,Buffet,8,4.33,1,0.0
Sunday,Sunny,478,509,No,Buffet,22,4.44,0,0.0
Friday,Stormy,423,1036,No,Buffet,39,3.22,0,712.6
Saturday,Sunny,325,831,No,Banquet,30,4.27,0,432.3
Thursday,Cloudy,105,191,No,Regular,7,3.91,0,100.7
Tuesday,Rainy,40,47,No,Regular,6,3.88,0,12.8
Friday,Cloudy,75,111,No,Corporate,5,4.02,0,41.6
Thursday,Rainy,784,1023,No,Regular,41,3.83,1,296.2
Tuesday,Stormy,441,606,No,Buffet,24,4.42,0,247.5
Wednesday,Sunny,49,652,No,Regular,26,3.61,0,602.1
Friday,Sunny,292,380,No,Regular,17,3.36,1,49.7
Saturday,Cloudy,768,768,Christmas,Buffet,30,4.06,1,0.0
Tuesday,Sunny,105,69,No,Buffet,7,4.68,0,0.0
Sunday,Cloudy,37,96,No,Buffet,8,3.9,0,50.0
Wednesday,Sunny,229,206,No,Regular,11,4.01,1,0.0
Tuesday,Rainy,52,56,No,Regular,6,4.0,0,8.6
Tuesday,Cloudy,107,109,No,Buffet,7,5.0,0,0.0
Saturday,Cloudy,502,724,No,Regular,26,4.51,1,157.5
Wednesday,Sunny,776,1349,Eid,Buffet,50,3.87,0,346.1
Thursday,Stormy,559,710,No,Buffet,28,4.03,0,225.7
Tuesday,Cloudy,778,1298,No,Regular,47,3.79,0,593.4
Friday,Rainy,119,86,No,Regular,6,4.9,0,0.0
Saturday,Rainy,554,1122,Christmas,Corporate,44,3.47,0,635.3
Wednesday,Sunny,874,1000,Diwali,Regular,40,3.71,0,0.0
Sunday,Sunny,374,445,No,Regular,19,4.49,1,0.0
Monday,Sunny,764,863,New Year,Banquet,35,4.83,1,0.0
Monday,Cloudy,725,1400,No,Regular,52,4.11,0,722.7
Friday,Cloudy,368,359,No,Corporate,15,4.0,0,45.9
Friday,Sunny,251,399,No,Regular,18,4.13,1,122.5
Tuesday,Stormy,210,341,Diwali,Regular,13,4.15,0,157.7
Thursday,Sunny,154,81,No,Buffet,7,5.0,0,0.0
Wednesday,Rainy,285,274,No,Regular,13,4.3,0,18.1
Thursday,Cloudy,146,190,No,Corporate,10,3.96,0,67.7
Friday,Sunny,147,147,No,Regular,8,4.29,0,0.0
Sunday,Sunny,113,114,Eid,Buffet,8,4.51,0,0.0
Thursday,Cloudy,406,433,No,Corporate,18,3.72,0,94.6
Friday,Rainy,54,80,No,Buffet,7,4.23,0,20.0
Friday,Sunny,128,155,No,Buffet,10,4.13,0,0.0
Wednesday,Cloudy,922,1145,No,Regular,41,3.64,0,266.8
Tuesday,Cloudy,432,909,No,Regular,37,3.94,0,481.3
Sunday,Sunny,924,1096,No,Banquet,43,3.92,1,0.0
Tuesday,Cloudy,103,106,No,Buffet,6,3.91,0,1.8
Saturday,Sunny,267,316,No,Buffet,14,4.91,0,0.0
Tuesday,Rainy,383,505,No,Regular,23,4.13,0,161.3
Saturday,Cloudy,626,980,Christmas,Regular,38,4.27,0,274.8
Tuesday,Sunny,234,878,No,Regular,33,4.4,1,610.8
Sunday,Rainy,926,973,No,Regular,38,4.09,0,63.4
Friday,Sunny,146,56,Christmas,Regular,4,3.93,0,0.0
Monday,Stormy,216,142,No,Regular,7,4.75,0,0.0
Friday,Cloudy,691,1081,No,Regular,42,4.75,0,331.0
Friday,Sunny,338,1104,No,Buffet,42,4.5,1,655.5
Wednesday,Cloudy,120,160,No,Buffet,8,4.07,1,22.6
Tuesday,Sunny,125,164,No,Regular,6,4.27,0,36.9
Friday,Rainy,651,677,Eid,Corporate,28,3.78,0,68.9
Saturday,Stormy,91,141,No,Buffet,7,4.16,0,59.7
Wednesday,Cloudy,260,253,No,Regular,10,3.63,0,0.0
Sunday,Cloudy,125,987,Diwali,Corporate,37,4.45,0,858.3
Tuesday,Cloudy,58,80,No,Buffet,5,4.81,0,14.2
Monday,Sunny,207,1258,No,Buffet,45,3.65,1,1021.6
Friday,Sunny,31,27,No,Banquet,4,4.86,1,0.0
Monday,Stormy,235,659,No,Regular,27,4.38,0,482.1
Tuesday,Sunny,48,43,No,Buffet,4,3.79,0,0.0
Thursday,Sunny,924,1331,No,Regular,50,4.23,1,364.9
Wednesday,Sunny,248,138,No,Regular,6,4.77,0,0.0
Tuesday,Stormy,261,266,Eid,Regular,12,4.64,0,37.7
Friday,Stormy,330,793,Diwali,Regular,31,4.63,0,531.3
Thursday,Sunny,456,714,No,Regular,28,3.96,0,255.6
Saturday,Sunny,94,126,No,Buffet,7,3.73,0,18.7
Friday,Rainy,492,260,No,Regular,11,4.12,0,0.0
Thursday,Sunny,352,508,No,Regular,21,4.17,0,154.6
Tuesday,Stormy,104,78,No,Regular,4,4.03,0,0.0
Saturday,Rainy,897,867,No,Regular,33,3.86,0,29.4
Tuesday,Rainy,236,196,No,Buffet,11,3.7,0,0.0
Tuesday,Sunny,84,44,No,Buffet,4,4.42,0,0.0
Saturday,Cloudy,82,1055,No,Buffet,39,3.82,0,970.4
Saturday,Stormy,46,46,Christmas,Banquet,4,4.46,1,4.9
Friday,Sunny,129,155,No,Regular,10,3.99,0,8.7
Monday,Rainy,219,336,No,Regular,13,4.08,0,149.1
Monday,Sunny,50,20,No,Corporate,5,3.62,0,0.0
Thursday,Stormy,314,561,No,Buffet,21,4.29,0,314.5
Saturday,Cloudy,31,107,No,Banquet,7,4.0,0,71.7
Thursday,Sunny,885,662,No,Buffet,26,3.67,1,0.0
Monday,Cloudy,387,915,No,Corporate,36,4.02,1,578.4
Tuesday,Sunny,690,854,No,Regular,35,3.76,0,177.0
Friday,Sunny,335,417,No,Regular,19,3.46,0,62.9
Friday,Rainy,39,69,No,Buffet,6,4.44,0,31.4
Monday,Sunny,197,1266,No,Buffet,48,3.64,0,1090.9
Monday,Stormy,400,331,No,Corporate,14,4.31,0,54.4
Tuesday,Sunny,259,314,No,Banquet,15,5.0,0,34.8
Monday,Cloudy,766,808,No,Regular,32,3.73,0,93.7
Thursday,Stormy,24,1224,No,Regular,46,4.32,0,1202.1
Monday,Cloudy,150,207,No,Corporate,12,3.95,0,77.8
Friday,Rainy,939,1400,New Year,Corporate,52,4.22,0,564.2
Saturday,Stormy,68,23,New Year,Corporate,5,3.38,0,0.0
Sunday,Cloudy,519,603,No,Buffet,25,4.29,1,0.0
Sunday,Rainy,918,904,No,Banquet,37,4.16,0,0.0
Tuesday,Sunny,921,1400,No,Regular,52,5.0,0,421.9
Monday,Sunny,124,156,No,Regular,6,3.26,0,42.0
Wednesday,Sunny,82,157,No,Regular,7,3.92,0,72.0
Friday,Rainy,333,936,No,Regular,37,4.31,0,640.1
Monday,Cloudy,451,433,New Year,Corporate,20,4.49,0,5.9
Wednesday,Cloudy,698,879,No,Buffet,35,4.07,0,129.6
Wednesday,Stormy,407,225,No,Buffet,10,4.65,0,0.0
Tuesday,Sunny,335,324,No,Regular,12,4.15,0,0.0
Friday,Stormy,140,148,Diwali,Buffet,8,4.18,1,15.3
Friday,Sunny,453,554,Christmas,Regular,21,3.39,0,53.2
Thursday,Sunny,221,1073,No,Buffet,40,4.37,0,841.3
Sunday,Cloudy,249,113,No,Regular,5,4.76,1,0.0
Monday,Sunny,245,329,No,Buffet,14,3.7,0,79.4
Tuesday,Cloudy,443,577,No,Regular,22,3.93,1,155.1
Wednesday,Rainy,517,1137,No,Buffet,41,3.52,1,589.3
Friday,Rainy,103,295,No,Buffet,13,4.32,0,185.4
Friday,Sunny,51,54,No,Banquet,4,4.05,0,0.0
Monday,Sunny,444,212,No,Banquet,8,4.46,1,0.0
Sunday,Sunny,658,848,No,Regular,34,4.09,0,155.3
Wednesday,Cloudy,242,339,No,Regular,15,4.08,0,107.7
Wednesday,Sunny,218,451,No,Regular,17,4.09,0,228.6
Friday,Sunny,548,908,No,Regular,33,4.19,1,250.1
Sunday,Rainy,434,499,Diwali,Regular,18,4.13,0,38.9
Friday,Stormy,308,489,No,Banquet,22,4.3,0,236.8
Sunday,Rainy,34,33,No,Banquet,4,4.72,0,1.1
Tuesday,Sunny,373,958,No,Regular,35,4.53,0,571.1
Friday,Cloudy,220,279,No,Corporate,11,4.86,1,71.2
Saturday,Sunny,349,236,Christmas,Corporate,11,3.63,0,0.0
Thursday,Sunny,809,655,No,Regular,24,3.8,0,0.0
Wednesday,Sunny,390,281,No,Corporate,12,4.59,0,0.0
Sunday,Stormy,313,166,No,Banquet,8,3.7,0,0.0
Tuesday,Cloudy,42,29,No,Banquet,4,4.8,0,0.0
Wednesday,Sunny,661,681,No,Corporate,29,3.91,0,92.2
Sunday,Cloudy,666,809,No,Regular,30,4.06,1,36.2
Sunday,Stormy,755,1208,Eid,Regular,44,3.96,0,609.9
Sunday,Sunny,798,1040,No,Banquet,42,4.13,0,152.3
Sunday,Rainy,438,440,No,Regular,20,4.82,1,0.0
Monday,Sunny,559,745,New Year,Regular,30,4.67,1,70.4
Sunday,Sunny,341,364,No,Regular,18,4.94,0,0.0
Thursday,Rainy,690,739,Diwali,Buffet,27,5.0,0,0.0
Friday,Sunny,339,333,No,Regular,14,3.93,1,0.0
Wednesday,Rainy,233,249,No,Corporate,13,3.7,1,46.9
Saturday,Sunny,96,60,New Year,Buffet,4,4.19,1,0.0
Friday,Cloudy,384,1002,No,Regular,38,4.26,0,575.6
Saturday,Cloudy,325,574,No,Regular,21,3.5,0,244.9
Tuesday,Rainy,378,902,No,Buffet,33,4.45,0,528.7
Tuesday,Rainy,363,445,No,Corporate,19,3.68,0,170.1
Thursday,Cloudy,543,529,No,Banquet,21,3.95,0,0.0
Monday,Sunny,726,834,No,Corporate,32,4.43,0,182.3
Friday,Sunny,279,468,New Year,Regular,17,4.32,0,134.1
Wednesday,Cloudy,650,717,No,Corporate,27,4.15,0,123.9
Thursday,Cloudy,284,374,No,Buffet,16,4.22,0,59.6
Monday,Sunny,260,152,No,Buffet,8,4.4,0,0.0
Tuesday,Stormy,671,313,No,Buffet,13,3.87,0,0.0
Friday,Sunny,23,37,No,Regular,6,4.26,0,13.5
Wednesday,Sunny,582,574,No,Buffet,21,4.12,0,0.0
Tuesday,Rainy,126,166,No,Buffet,8,4.18,0,44.9
Tuesday,Cloudy,859,910,No,Regular,36,4.61,1,0.0
Tuesday,Cloudy,627,1400,New Year,Corporate,52,4.24,0,797.8
Friday,Sunny,284,340,Eid,Regular,14,4.72,0,3.3
Tuesday,Sunny,57,830,No,Buffet,32,3.91,0,787.9
Wednesday,Cloudy,139,74,No,Corporate,6,4.08,0,0.0
Friday,Sunny,35,46,No,Regular,4,3.48,0,6.9
Thursday,Cloudy,771,782,No,Regular,32,3.72,0,28.1
Friday,Sunny,446,726,No,Buffet,29,3.96,0,164.2
Tuesday,Sunny,137,222,No,Regular,9,4.32,0,85.1
Sunday,Sunny,272,416,No,Regular,18,3.91,0,129.9
Wednesday,Sunny,193,183,No,Corporate,8,3.66,0,0.0
Wednesday,Sunny,437,1200,No,Regular,44,4.26,0,747.4
Sunday,Rainy,227,261,New Year,Buffet,10,3.42,0,0.0
Friday,Cloudy,791,1109,No,Regular,43,3.44,0,305.1
Friday,Sunny,285,340,No,Regular,15,3.78,1,0.0
Sunday,Cloudy,134,204,No,Regular,12,4.29,0,59.4
Monday,Sunny,221,296,No,Banquet,15,3.75,0,70.2
Saturday,Sunny,354,430,New Year,Buffet,17,4.16,1,0.0
Friday,Rainy,808,1073,No,Regular,39,4.43,0,286.8
Wednesday,Cloudy,87,1328,No,Regular,51,4.32,0,1246.0
Tuesday,Cloudy,244,294,No,Buffet,11,4.85,0,0.0
Monday,Sunny,491,476,No,Buffet,21,4.19,0,0.0
Sunday,Sunny,300,292,No,Regular,14,4.72,0,0.0
Tuesday,Rainy,161,214,New Year,Regular,11,4.38,0,55.3
Tuesday,Cloudy,344,1048,No,Buffet,41,3.96,0,714.9
Friday,Cloudy,82,102,No,Buffet,5,3.72,0,12.1
Friday,Stormy,227,601,No,Corporate,22,4.19,0,436.6
Tuesday,Sunny,504,586,Eid,Buffet,24,3.57,0,0.0
Saturday,Rainy,870,848,No,Buffet,31,4.03,0,0.0
Thursday,Cloudy,273,206,No,Buffet,10,4.06,0,0.0
Saturday,Sunny,474,557,No,Buffet,20,4.62,0,0.0
Monday,Sunny,213,708,No,Buffet,27,3.82,1,465.1
Monday,Cloudy,137,153,No,Regular,6,4.31,0,23.8
Friday,Sunny,401,417,No,Banquet,16,3.71,1,0.0
Tuesday,Cloudy,126,174,Diwali,Regular,9,4.48,1,30.5
Thursday,Cloudy,392,504,No,Buffet,19,4.76,0,50.8
Monday,Sunny,90,65,No,Buffet,4,3.77,0,0.0
Saturday,Cloudy,63,97,No,Corporate,7,4.18,1,31.3
Sunday,Cloudy,282,281,No,Regular,12,5.0,0,0.0
Saturday,Cloudy,794,839,No,Banquet,32,3.81,0,0.0
Sunday,Rainy,306,378,New Year,Regular,18,3.51,0,101.1
Sunday,Sunny,29,31,No,Regular,4,4.22,0,0.0
Thursday,Stormy,182,236,No,Corporate,9,3.67,1,118.9
Wednesday,Sunny,318,438,No,Regular,17,4.28,0,113.7
Sunday,Sunny,859,1400,No,Buffet,52,4.49,0,395.4
Sunday,Cloudy,833,1400,No,Buffet,52,3.69,0,430.1
Sunday,Sunny,141,1042,No,Banquet,39,3.5,0,906.2
Saturday,Sunny,330,492,No,Corporate,19,4.55,0,170.5
Tuesday,Sunny,147,139,No,Regular,7,4.85,1,0.0
Sunday,Cloudy,360,421,No,Corporate,18,3.99,0,95.9
Sunday,Cloudy,730,564,No,Regular,25,4.7,0,0.0
Friday,Sunny,835,836,No,Buffet,31,4.86,0,0.0
Saturday,Cloudy,425,382,No,Corporate,16,4.42,0,0.0
Thursday,Sunny,615,700,Eid,Buffet,30,4.18,1,0.0
Sunday,Stormy,476,706,No,Buffet,26,4.41,0,291.5
Monday,Sunny,134,116,No,Corporate,8,4.49,0,0.0
Sunday,Cloudy,654,656,No,Buffet,27,3.18,1,0.0
Monday,Cloudy,664,645,No,Banquet,25,4.07,0,0.0
Wednesday,Cloudy,299,378,No,Regular,16,3.57,1,74.3
Monday,Stormy,676,889,New Year,Regular,36,3.74,1,379.2
Thursday,Sunny,20,35,Christmas,Corporate,5,4.25,0,13.9
Tuesday,Rainy,459,477,No,Regular,21,4.08,0,74.3
Sunday,Sunny,749,980,No,Regular,36,4.13,0,145.1
